See optics_info_GLOBAL_8.xls
for details 
Col 2 = abs (m2 mgChl-1)
Col 3 = abs photosynthetic (m2 mgChl-1)
Col 4 = tot scatt (m2 mgC-1) 
Col 5 = non-spec backscatter coef (m2 mgC-1)
Format I4,2F10.4,1F10.5,1F10.9
*** Sm Euk ***
 400 0.0198     0.0190     0.00719    0.000003728
 401 0.0200     0.0191     0.00716    0.000003728
 402 0.0202     0.0193     0.00714    0.000003728
 403 0.0204     0.0195     0.00711    0.000003728
 404 0.0207     0.0197     0.00708    0.000003728
 405 0.0210     0.0199     0.00706    0.000003728
 406 0.0212     0.0201     0.00703    0.000003728
 407 0.0214     0.0203     0.00700    0.000003728
 408 0.0216     0.0205     0.00697    0.000003728
 409 0.0218     0.0207     0.00695    0.000003728
 410 0.0220     0.0209     0.00692    0.000003728
 411 0.0223     0.0211     0.00690    0.000003728
 412 0.0225     0.0213     0.00688    0.000003728
 413 0.0227     0.0215     0.00685    0.000003728
 414 0.0229     0.0217     0.00683    0.000003728
 415 0.0230     0.0218     0.00682    0.000003728
 416 0.0232     0.0219     0.00680    0.000003728
 417 0.0233     0.0221     0.00679    0.000003728
 418 0.0235     0.0223     0.00677    0.000003728
 419 0.0238     0.0224     0.00675    0.000003728
 420 0.0240     0.0226     0.00674    0.000003728
 421 0.0242     0.0228     0.00672    0.000003728
 422 0.0244     0.0229     0.00671    0.000003728
 423 0.0245     0.0230     0.00669    0.000003728
 424 0.0247     0.0231     0.00667    0.000003728
 425 0.0249     0.0232     0.00666    0.000003728
 426 0.0250     0.0233     0.00665    0.000003728
 427 0.0252     0.0235     0.00664    0.000003728
 428 0.0254     0.0236     0.00662    0.000003728
 429 0.0256     0.0237     0.00661    0.000003728
 430 0.0257     0.0239     0.00660    0.000003728
 431 0.0259     0.0240     0.00659    0.000003728
 432 0.0261     0.0242     0.00657    0.000003728
 433 0.0262     0.0244     0.00656    0.000003728
 434 0.0264     0.0245     0.00655    0.000003728
 435 0.0265     0.0247     0.00654    0.000003728
 436 0.0266     0.0249     0.00654    0.000003728
 437 0.0267     0.0249     0.00654    0.000003728
 438 0.0267     0.0249     0.00653    0.000003728
 439 0.0267     0.0249     0.00654    0.000003728
 440 0.0267     0.0250     0.00654    0.000003728
 441 0.0267     0.0249     0.00655    0.000003728
 442 0.0267     0.0249     0.00656    0.000003728
 443 0.0266     0.0248     0.00657    0.000003728
 444 0.0264     0.0246     0.00659    0.000003728
 445 0.0263     0.0243     0.00660    0.000003728
 446 0.0261     0.0241     0.00662    0.000003728
 447 0.0259     0.0238     0.00664    0.000003728
 448 0.0258     0.0235     0.00665    0.000003728
 449 0.0256     0.0232     0.00667    0.000003728
 450 0.0255     0.0229     0.00669    0.000003728
 451 0.0253     0.0226     0.00670    0.000003728
 452 0.0252     0.0224     0.00672    0.000003728
 453 0.0252     0.0222     0.00674    0.000003728
 454 0.0251     0.0219     0.00675    0.000003728
 455 0.0250     0.0217     0.00676    0.000003728
 456 0.0249     0.0216     0.00677    0.000003728
 457 0.0250     0.0215     0.00678    0.000003728
 458 0.0250     0.0214     0.00680    0.000003728
 459 0.0250     0.0214     0.00682    0.000003728
 460 0.0250     0.0214     0.00683    0.000003728
 461 0.0250     0.0213     0.00685    0.000003728
 462 0.0249     0.0212     0.00687    0.000003728
 463 0.0247     0.0210     0.00690    0.000003728
 464 0.0245     0.0208     0.00692    0.000003728
 465 0.0242     0.0206     0.00695    0.000003728
 466 0.0240     0.0204     0.00697    0.000003728
 467 0.0238     0.0202     0.00701    0.000003728
 468 0.0235     0.0200     0.00705    0.000003728
 469 0.0232     0.0198     0.00709    0.000003728
 470 0.0228     0.0195     0.00713    0.000003728
 471 0.0225     0.0192     0.00718    0.000003728
 472 0.0221     0.0189     0.00722    0.000003728
 473 0.0218     0.0186     0.00728    0.000003728
 474 0.0215     0.0183     0.00733    0.000003728
 475 0.0212     0.0181     0.00737    0.000003728
 476 0.0209     0.0178     0.00742    0.000003728
 477 0.0206     0.0175     0.00746    0.000003728
 478 0.0202     0.0172     0.00752    0.000003728
 479 0.0199     0.0168     0.00756    0.000003728
 480 0.0195     0.0165     0.00760    0.000003728
 481 0.0193     0.0162     0.00764    0.000003728
 482 0.0191     0.0160     0.00768    0.000003728
 483 0.0189     0.0158     0.00772    0.000003728
 484 0.0187     0.0156     0.00775    0.000003728
 485 0.0186     0.0155     0.00778    0.000003728
 486 0.0185     0.0153     0.00781    0.000003728
 487 0.0185     0.0153     0.00784    0.000003728
 488 0.0185     0.0152     0.00788    0.000003728
 489 0.0183     0.0150     0.00791    0.000003728
 490 0.0181     0.0148     0.00794    0.000003728
 491 0.0180     0.0147     0.00797    0.000003728
 492 0.0178     0.0146     0.00801    0.000003728
 493 0.0176     0.0145     0.00805    0.000003728
 494 0.0175     0.0143     0.00809    0.000003728
 495 0.0173     0.0142     0.00813    0.000003728
 496 0.0170     0.0141     0.00817    0.000003728
 497 0.0168     0.0140     0.00821    0.000003728
 498 0.0166     0.0138     0.00825    0.000003728
 499 0.0164     0.0137     0.00829    0.000003728
 500 0.0161     0.0136     0.00832    0.000003728
 501 0.0158     0.0134     0.00836    0.000003728
 502 0.0154     0.0132     0.00841    0.000003728
 503 0.0150     0.0129     0.00846    0.000003728
 504 0.0146     0.0127     0.00851    0.000003728
 505 0.0141     0.0124     0.00855    0.000003728
 506 0.0139     0.0123     0.00859    0.000003728
 507 0.0136     0.0122     0.00863    0.000003728
 508 0.0134     0.0120     0.00868    0.000003728
 509 0.0131     0.0119     0.00872    0.000003728
 510 0.0128     0.0117     0.00875    0.000003728
 511 0.0125     0.0115     0.00878    0.000003728
 512 0.0122     0.0114     0.00881    0.000003728
 513 0.0120     0.0112     0.00884    0.000003728
 514 0.0118     0.0110     0.00886    0.000003728
 515 0.0115     0.0109     0.00889    0.000003728
 516 0.0113     0.0107     0.00891    0.000003728
 517 0.0111     0.0106     0.00894    0.000003728
 518 0.0109     0.0104     0.00896    0.000003728
 519 0.0106     0.0102     0.00899    0.000003728
 520 0.0104     0.0101     0.00901    0.000003728
 521 0.0102     0.0099     0.00903    0.000003728
 522 0.0100     0.0097     0.00905    0.000003728
 523 0.0098     0.0096     0.00907    0.000003728
 524 0.0096     0.0094     0.00908    0.000003728
 525 0.0095     0.0093     0.00910    0.000003728
 526 0.0093     0.0091     0.00911    0.000003728
 527 0.0091     0.0090     0.00913    0.000003728
 528 0.0089     0.0088     0.00914    0.000003728
 529 0.0088     0.0086     0.00916    0.000003728
 530 0.0086     0.0085     0.00917    0.000003728
 531 0.0085     0.0084     0.00918    0.000003728
 532 0.0084     0.0084     0.00919    0.000003728
 533 0.0083     0.0083     0.00920    0.000003728
 534 0.0082     0.0082     0.00921    0.000003728
 535 0.0081     0.0081     0.00922    0.000003728
 536 0.0080     0.0079     0.00923    0.000003728
 537 0.0078     0.0077     0.00924    0.000003728
 538 0.0076     0.0075     0.00925    0.000003728
 539 0.0074     0.0074     0.00926    0.000003728
 540 0.0074     0.0073     0.00927    0.000003728
 541 0.0073     0.0073     0.00928    0.000003728
 542 0.0073     0.0073     0.00929    0.000003728
 543 0.0071     0.0070     0.00930    0.000003728
 544 0.0068     0.0068     0.00931    0.000003728
 545 0.0066     0.0066     0.00932    0.000003728
 546 0.0064     0.0063     0.00933    0.000003728
 547 0.0061     0.0061     0.00934    0.000003728
 548 0.0061     0.0061     0.00935    0.000003728
 549 0.0061     0.0061     0.00936    0.000003728
 550 0.0061     0.0061     0.00937    0.000003728
 551 0.0060     0.0060     0.00937    0.000003728
 552 0.0058     0.0058     0.00938    0.000003728
 553 0.0056     0.0056     0.00940    0.000003728
 554 0.0054     0.0054     0.00941    0.000003728
 555 0.0053     0.0053     0.00942    0.000003728
 556 0.0051     0.0051     0.00942    0.000003728
 557 0.0050     0.0050     0.00943    0.000003728
 558 0.0049     0.0049     0.00943    0.000003728
 559 0.0047     0.0047     0.00944    0.000003728
 560 0.0046     0.0046     0.00944    0.000003728
 561 0.0044     0.0044     0.00944    0.000003728
 562 0.0042     0.0042     0.00944    0.000003728
 563 0.0041     0.0041     0.00943    0.000003728
 564 0.0039     0.0039     0.00943    0.000003728
 565 0.0038     0.0038     0.00943    0.000003728
 566 0.0038     0.0038     0.00943    0.000003728
 567 0.0038     0.0038     0.00942    0.000003728
 568 0.0038     0.0038     0.00942    0.000003728
 569 0.0038     0.0038     0.00942    0.000003728
 570 0.0037     0.0037     0.00942    0.000003728
 571 0.0037     0.0037     0.00941    0.000003728
 572 0.0037     0.0037     0.00941    0.000003728
 573 0.0036     0.0036     0.00940    0.000003728
 574 0.0037     0.0037     0.00940    0.000003728
 575 0.0037     0.0037     0.00939    0.000003728
 576 0.0038     0.0038     0.00938    0.000003728
 577 0.0038     0.0038     0.00936    0.000003728
 578 0.0038     0.0038     0.00935    0.000003728
 579 0.0038     0.0038     0.00933    0.000003728
 580 0.0038     0.0038     0.00932    0.000003728
 581 0.0038     0.0038     0.00930    0.000003728
 582 0.0038     0.0038     0.00929    0.000003728
 583 0.0039     0.0039     0.00927    0.000003728
 584 0.0039     0.0039     0.00925    0.000003728
 585 0.0040     0.0040     0.00924    0.000003728
 586 0.0041     0.0041     0.00922    0.000003728
 587 0.0041     0.0041     0.00921    0.000003728
 588 0.0042     0.0042     0.00919    0.000003728
 589 0.0042     0.0042     0.00918    0.000003728
 590 0.0042     0.0042     0.00917    0.000003728
 591 0.0042     0.0042     0.00916    0.000003728
 592 0.0041     0.0041     0.00915    0.000003728
 593 0.0041     0.0041     0.00915    0.000003728
 594 0.0040     0.0040     0.00915    0.000003728
 595 0.0040     0.0040     0.00915    0.000003728
 596 0.0039     0.0039     0.00914    0.000003728
 597 0.0039     0.0039     0.00914    0.000003728
 598 0.0038     0.0038     0.00913    0.000003728
 599 0.0037     0.0037     0.00912    0.000003728
 600 0.0036     0.0036     0.00912    0.000003728
 601 0.0035     0.0035     0.00911    0.000003728
 602 0.0034     0.0034     0.00910    0.000003728
 603 0.0034     0.0034     0.00909    0.000003728
 604 0.0034     0.0034     0.00908    0.000003728
 605 0.0034     0.0034     0.00906    0.000003728
 606 0.0035     0.0035     0.00905    0.000003728
 607 0.0035     0.0035     0.00903    0.000003728
 608 0.0035     0.0035     0.00901    0.000003728
 609 0.0035     0.0035     0.00899    0.000003728
 610 0.0035     0.0035     0.00898    0.000003728
 611 0.0035     0.0035     0.00895    0.000003728
 612 0.0035     0.0035     0.00893    0.000003728
 613 0.0035     0.0035     0.00890    0.000003728
 614 0.0036     0.0036     0.00888    0.000003728
 615 0.0036     0.0036     0.00886    0.000003728
 616 0.0037     0.0037     0.00885    0.000003728
 617 0.0037     0.0037     0.00883    0.000003728
 618 0.0038     0.0038     0.00881    0.000003728
 619 0.0038     0.0038     0.00879    0.000003728
 620 0.0040     0.0040     0.00877    0.000003728
 621 0.0042     0.0042     0.00875    0.000003728
 622 0.0043     0.0043     0.00873    0.000003728
 623 0.0045     0.0045     0.00870    0.000003728
 624 0.0046     0.0046     0.00868    0.000003728
 625 0.0046     0.0046     0.00867    0.000003728
 626 0.0047     0.0047     0.00865    0.000003728
 627 0.0047     0.0047     0.00862    0.000003728
 628 0.0048     0.0048     0.00860    0.000003728
 629 0.0050     0.0050     0.00858    0.000003728
 630 0.0052     0.0052     0.00856    0.000003728
 631 0.0054     0.0054     0.00854    0.000003728
 632 0.0054     0.0054     0.00851    0.000003728
 633 0.0054     0.0054     0.00849    0.000003728
 634 0.0053     0.0053     0.00848    0.000003728
 635 0.0051     0.0051     0.00846    0.000003728
 636 0.0050     0.0050     0.00845    0.000003728
 637 0.0050     0.0050     0.00843    0.000003728
 638 0.0050     0.0050     0.00842    0.000003728
 639 0.0050     0.0050     0.00841    0.000003728
 640 0.0050     0.0050     0.00840    0.000003728
 641 0.0050     0.0050     0.00839    0.000003728
 642 0.0051     0.0051     0.00838    0.000003728
 643 0.0052     0.0052     0.00837    0.000003728
 644 0.0053     0.0053     0.00836    0.000003728
 645 0.0054     0.0054     0.00835    0.000003728
 646 0.0053     0.0053     0.00834    0.000003728
 647 0.0052     0.0052     0.00833    0.000003728
 648 0.0051     0.0051     0.00831    0.000003728
 649 0.0050     0.0050     0.00829    0.000003728
 650 0.0050     0.0050     0.00827    0.000003728
 651 0.0050     0.0050     0.00825    0.000003728
 652 0.0051     0.0051     0.00822    0.000003728
 653 0.0054     0.0054     0.00818    0.000003728
 654 0.0056     0.0056     0.00815    0.000003728
 655 0.0058     0.0058     0.00812    0.000003728
 656 0.0060     0.0060     0.00807    0.000003728
 657 0.0062     0.0062     0.00801    0.000003728
 658 0.0065     0.0065     0.00795    0.000003728
 659 0.0068     0.0068     0.00788    0.000003728
 660 0.0073     0.0073     0.00782    0.000003728
 661 0.0078     0.0078     0.00774    0.000003728
 662 0.0083     0.0083     0.00766    0.000003728
 663 0.0089     0.0089     0.00757    0.000003728
 664 0.0096     0.0096     0.00750    0.000003728
 665 0.0102     0.0102     0.00744    0.000003728
 666 0.0109     0.0109     0.00738    0.000003728
 667 0.0116     0.0116     0.00733    0.000003728
 668 0.0122     0.0122     0.00728    0.000003728
 669 0.0126     0.0126     0.00726    0.000003728
 670 0.0130     0.0130     0.00724    0.000003728
 671 0.0134     0.0134     0.00725    0.000003728
 672 0.0138     0.0138     0.00726    0.000003728
 673 0.0140     0.0140     0.00729    0.000003728
 674 0.0141     0.0141     0.00731    0.000003728
 675 0.0143     0.0143     0.00735    0.000003728
 676 0.0143     0.0143     0.00739    0.000003728
 677 0.0142     0.0142     0.00744    0.000003728
 678 0.0142     0.0142     0.00750    0.000003728
 679 0.0142     0.0142     0.00756    0.000003728
 680 0.0140     0.0140     0.00761    0.000003728
 681 0.0137     0.0137     0.00769    0.000003728
 682 0.0131     0.0131     0.00778    0.000003728
 683 0.0125     0.0125     0.00788    0.000003728
 684 0.0118     0.0118     0.00798    0.000003728
 685 0.0112     0.0112     0.00808    0.000003728
 686 0.0104     0.0104     0.00818    0.000003728
 687 0.0096     0.0096     0.00830    0.000003728
 688 0.0087     0.0087     0.00843    0.000003728
 689 0.0077     0.0077     0.00854    0.000003728
 690 0.0070     0.0070     0.00863    0.000003728
 691 0.0064     0.0064     0.00870    0.000003728
 692 0.0056     0.0056     0.00875    0.000003728
 693 0.0049     0.0049     0.00880    0.000003728
 694 0.0042     0.0042     0.00884    0.000003728
 695 0.0037     0.0037     0.00886    0.000003728
 696 0.0032     0.0032     0.00888    0.000003728
 697 0.0028     0.0028     0.00888    0.000003728
 698 0.0023     0.0023     0.00888    0.000003728
 699 0.0022     0.0022     0.00888    0.000003728
 700 0.0020     0.0020     0.00887    0.000003728
*** Syn ***
 400 0.0292     0.0217     0.00799    0.000013127
 401 0.0297     0.0217     0.00794    0.000013127
 402 0.0299     0.0216     0.00789    0.000013127
 403 0.0307     0.0219     0.00785    0.000013127
 404 0.0312     0.0221     0.00781    0.000013127
 405 0.0318     0.0223     0.00776    0.000013127
 406 0.0322     0.0224     0.00772    0.000013127
 407 0.0329     0.0228     0.00768    0.000013127
 408 0.0334     0.0230     0.00763    0.000013127
 409 0.0339     0.0233     0.00759    0.000013127
 410 0.0345     0.0237     0.00756    0.000013127
 411 0.0353     0.0242     0.00752    0.000013127
 412 0.0358     0.0244     0.00748    0.000013127
 413 0.0364     0.0248     0.00744    0.000013127
 414 0.0368     0.0250     0.00741    0.000013127
 415 0.0371     0.0252     0.00737    0.000013127
 416 0.0375     0.0254     0.00734    0.000013127
 417 0.0380     0.0255     0.00731    0.000013127
 418 0.0387     0.0258     0.00728    0.000013127
 419 0.0389     0.0257     0.00725    0.000013127
 420 0.0394     0.0258     0.00722    0.000013127
 421 0.0394     0.0255     0.00720    0.000013127
 422 0.0398     0.0254     0.00717    0.000013127
 423 0.0400     0.0252     0.00714    0.000013127
 424 0.0404     0.0250     0.00711    0.000013127
 425 0.0407     0.0248     0.00709    0.000013127
 426 0.0412     0.0247     0.00706    0.000013127
 427 0.0411     0.0244     0.00704    0.000013127
 428 0.0416     0.0244     0.00701    0.000013127
 429 0.0419     0.0244     0.00699    0.000013127
 430 0.0426     0.0247     0.00697    0.000013127
 431 0.0427     0.0248     0.00695    0.000013127
 432 0.0431     0.0250     0.00693    0.000013127
 433 0.0433     0.0253     0.00691    0.000013127
 434 0.0437     0.0257     0.00690    0.000013127
 435 0.0438     0.0260     0.00689    0.000013127
 436 0.0440     0.0263     0.00688    0.000013127
 437 0.0438     0.0263     0.00687    0.000013127
 438 0.0440     0.0266     0.00686    0.000013127
 439 0.0436     0.0263     0.00686    0.000013127
 440 0.0436     0.0263     0.00685    0.000013127
 441 0.0432     0.0258     0.00685    0.000013127
 442 0.0427     0.0252     0.00685    0.000013127
 443 0.0421     0.0243     0.00685    0.000013127
 444 0.0416     0.0234     0.00685    0.000013127
 445 0.0409     0.0221     0.00685    0.000013127
 446 0.0399     0.0207     0.00685    0.000013127
 447 0.0392     0.0192     0.00684    0.000013127
 448 0.0385     0.0176     0.00684    0.000013127
 449 0.0375     0.0159     0.00683    0.000013127
 450 0.0371     0.0144     0.00681    0.000013127
 451 0.0366     0.0130     0.00680    0.000013127
 452 0.0360     0.0115     0.00678    0.000013127
 453 0.0355     0.0103     0.00676    0.000013127
 454 0.0350     0.0090     0.00673    0.000013127
 455 0.0348     0.0082     0.00671    0.000013127
 456 0.0344     0.0074     0.00668    0.000013127
 457 0.0343     0.0069     0.00665    0.000013127
 458 0.0340     0.0062     0.00662    0.000013127
 459 0.0338     0.0059     0.00659    0.000013127
 460 0.0336     0.0055     0.00656    0.000013127
 461 0.0335     0.0054     0.00653    0.000013127
 462 0.0332     0.0052     0.00650    0.000013127
 463 0.0329     0.0052     0.00647    0.000013127
 464 0.0327     0.0052     0.00644    0.000013127
 465 0.0325     0.0053     0.00642    0.000013127
 466 0.0321     0.0053     0.00639    0.000013127
 467 0.0319     0.0055     0.00637    0.000013127
 468 0.0316     0.0057     0.00634    0.000013127
 469 0.0313     0.0058     0.00632    0.000013127
 470 0.0309     0.0058     0.00630    0.000013127
 471 0.0306     0.0060     0.00628    0.000013127
 472 0.0304     0.0062     0.00626    0.000013127
 473 0.0301     0.0064     0.00623    0.000013127
 474 0.0298     0.0066     0.00621    0.000013127
 475 0.0296     0.0068     0.00618    0.000013127
 476 0.0294     0.0070     0.00616    0.000013127
 477 0.0293     0.0072     0.00614    0.000013127
 478 0.0292     0.0074     0.00611    0.000013127
 479 0.0291     0.0076     0.00609    0.000013127
 480 0.0291     0.0079     0.00606    0.000013127
 481 0.0291     0.0081     0.00603    0.000013127
 482 0.0292     0.0083     0.00600    0.000013127
 483 0.0295     0.0087     0.00597    0.000013127
 484 0.0296     0.0088     0.00594    0.000013127
 485 0.0299     0.0090     0.00592    0.000013127
 486 0.0303     0.0092     0.00590    0.000013127
 487 0.0305     0.0096     0.00588    0.000013127
 488 0.0309     0.0100     0.00586    0.000013127
 489 0.0311     0.0106     0.00584    0.000013127
 490 0.0315     0.0112     0.00583    0.000013127
 491 0.0317     0.0117     0.00582    0.000013127
 492 0.0320     0.0122     0.00581    0.000013127
 493 0.0322     0.0126     0.00581    0.000013127
 494 0.0324     0.0131     0.00580    0.000013127
 495 0.0324     0.0134     0.00580    0.000013127
 496 0.0324     0.0137     0.00581    0.000013127
 497 0.0323     0.0140     0.00581    0.000013127
 498 0.0321     0.0144     0.00581    0.000013127
 499 0.0318     0.0146     0.00581    0.000013127
 500 0.0315     0.0148     0.00581    0.000013127
 501 0.0311     0.0151     0.00581    0.000013127
 502 0.0308     0.0154     0.00580    0.000013127
 503 0.0304     0.0156     0.00580    0.000013127
 504 0.0299     0.0159     0.00579    0.000013127
 505 0.0294     0.0161     0.00578    0.000013127
 506 0.0291     0.0165     0.00577    0.000013127
 507 0.0286     0.0167     0.00575    0.000013127
 508 0.0282     0.0171     0.00574    0.000013127
 509 0.0278     0.0174     0.00572    0.000013127
 510 0.0275     0.0178     0.00570    0.000013127
 511 0.0270     0.0181     0.00568    0.000013127
 512 0.0268     0.0186     0.00566    0.000013127
 513 0.0263     0.0189     0.00564    0.000013127
 514 0.0262     0.0194     0.00561    0.000013127
 515 0.0259     0.0198     0.00559    0.000013127
 516 0.0258     0.0203     0.00557    0.000013127
 517 0.0255     0.0205     0.00554    0.000013127
 518 0.0254     0.0210     0.00552    0.000013127
 519 0.0252     0.0213     0.00549    0.000013127
 520 0.0253     0.0218     0.00547    0.000013127
 521 0.0252     0.0221     0.00544    0.000013127
 522 0.0253     0.0226     0.00541    0.000013127
 523 0.0254     0.0230     0.00539    0.000013127
 524 0.0255     0.0234     0.00536    0.000013127
 525 0.0257     0.0238     0.00533    0.000013127
 526 0.0259     0.0243     0.00531    0.000013127
 527 0.0263     0.0249     0.00528    0.000013127
 528 0.0266     0.0253     0.00525    0.000013127
 529 0.0268     0.0257     0.00523    0.000013127
 530 0.0273     0.0262     0.00520    0.000013127
 531 0.0277     0.0268     0.00518    0.000013127
 532 0.0282     0.0274     0.00516    0.000013127
 533 0.0286     0.0279     0.00513    0.000013127
 534 0.0290     0.0284     0.00511    0.000013127
 535 0.0294     0.0289     0.00509    0.000013127
 536 0.0300     0.0296     0.00508    0.000013127
 537 0.0304     0.0300     0.00506    0.000013127
 538 0.0308     0.0305     0.00504    0.000013127
 539 0.0311     0.0308     0.00502    0.000013127
 540 0.0316     0.0313     0.00501    0.000013127
 541 0.0318     0.0315     0.00499    0.000013127
 542 0.0320     0.0318     0.00498    0.000013127
 543 0.0322     0.0320     0.00496    0.000013127
 544 0.0323     0.0322     0.00495    0.000013127
 545 0.0325     0.0324     0.00494    0.000013127
 546 0.0324     0.0323     0.00494    0.000013127
 547 0.0324     0.0323     0.00493    0.000013127
 548 0.0321     0.0320     0.00492    0.000013127
 549 0.0318     0.0317     0.00492    0.000013127
 550 0.0314     0.0314     0.00491    0.000013127
 551 0.0310     0.0309     0.00491    0.000013127
 552 0.0304     0.0303     0.00491    0.000013127
 553 0.0296     0.0296     0.00490    0.000013127
 554 0.0288     0.0288     0.00490    0.000013127
 555 0.0279     0.0279     0.00490    0.000013127
 556 0.0270     0.0270     0.00489    0.000013127
 557 0.0260     0.0260     0.00489    0.000013127
 558 0.0249     0.0249     0.00488    0.000013127
 559 0.0239     0.0239     0.00487    0.000013127
 560 0.0229     0.0229     0.00486    0.000013127
 561 0.0221     0.0221     0.00485    0.000013127
 562 0.0212     0.0212     0.00485    0.000013127
 563 0.0205     0.0205     0.00484    0.000013127
 564 0.0197     0.0197     0.00483    0.000013127
 565 0.0191     0.0191     0.00482    0.000013127
 566 0.0185     0.0185     0.00481    0.000013127
 567 0.0179     0.0179     0.00480    0.000013127
 568 0.0175     0.0175     0.00479    0.000013127
 569 0.0170     0.0170     0.00477    0.000013127
 570 0.0164     0.0164     0.00476    0.000013127
 571 0.0159     0.0159     0.00475    0.000013127
 572 0.0153     0.0153     0.00474    0.000013127
 573 0.0147     0.0147     0.00473    0.000013127
 574 0.0140     0.0140     0.00472    0.000013127
 575 0.0134     0.0134     0.00471    0.000013127
 576 0.0127     0.0127     0.00469    0.000013127
 577 0.0120     0.0120     0.00468    0.000013127
 578 0.0115     0.0115     0.00466    0.000013127
 579 0.0108     0.0108     0.00464    0.000013127
 580 0.0102     0.0102     0.00462    0.000013127
 581 0.0097     0.0097     0.00460    0.000013127
 582 0.0093     0.0093     0.00458    0.000013127
 583 0.0089     0.0089     0.00456    0.000013127
 584 0.0085     0.0085     0.00453    0.000013127
 585 0.0082     0.0082     0.00451    0.000013127
 586 0.0079     0.0079     0.00449    0.000013127
 587 0.0075     0.0075     0.00447    0.000013127
 588 0.0074     0.0074     0.00444    0.000013127
 589 0.0072     0.0072     0.00442    0.000013127
 590 0.0070     0.0070     0.00440    0.000013127
 591 0.0069     0.0069     0.00438    0.000013127
 592 0.0068     0.0068     0.00435    0.000013127
 593 0.0066     0.0066     0.00433    0.000013127
 594 0.0066     0.0066     0.00431    0.000013127
 595 0.0064     0.0064     0.00429    0.000013127
 596 0.0064     0.0064     0.00427    0.000013127
 597 0.0062     0.0062     0.00425    0.000013127
 598 0.0062     0.0062     0.00422    0.000013127
 599 0.0063     0.0063     0.00421    0.000013127
 600 0.0061     0.0061     0.00419    0.000013127
 601 0.0062     0.0062     0.00417    0.000013127
 602 0.0062     0.0062     0.00415    0.000013127
 603 0.0061     0.0061     0.00413    0.000013127
 604 0.0062     0.0062     0.00411    0.000013127
 605 0.0062     0.0062     0.00409    0.000013127
 606 0.0062     0.0062     0.00407    0.000013127
 607 0.0062     0.0062     0.00405    0.000013127
 608 0.0063     0.0063     0.00403    0.000013127
 609 0.0063     0.0063     0.00402    0.000013127
 610 0.0063     0.0063     0.00400    0.000013127
 611 0.0064     0.0064     0.00398    0.000013127
 612 0.0065     0.0065     0.00397    0.000013127
 613 0.0065     0.0065     0.00395    0.000013127
 614 0.0066     0.0066     0.00393    0.000013127
 615 0.0067     0.0067     0.00392    0.000013127
 616 0.0067     0.0067     0.00390    0.000013127
 617 0.0068     0.0068     0.00389    0.000013127
 618 0.0069     0.0069     0.00387    0.000013127
 619 0.0069     0.0069     0.00385    0.000013127
 620 0.0070     0.0070     0.00384    0.000013127
 621 0.0070     0.0070     0.00383    0.000013127
 622 0.0070     0.0070     0.00381    0.000013127
 623 0.0072     0.0072     0.00380    0.000013127
 624 0.0072     0.0072     0.00378    0.000013127
 625 0.0072     0.0072     0.00377    0.000013127
 626 0.0072     0.0072     0.00376    0.000013127
 627 0.0073     0.0073     0.00374    0.000013127
 628 0.0074     0.0074     0.00373    0.000013127
 629 0.0074     0.0074     0.00372    0.000013127
 630 0.0076     0.0076     0.00370    0.000013127
 631 0.0075     0.0075     0.00369    0.000013127
 632 0.0075     0.0075     0.00368    0.000013127
 633 0.0076     0.0076     0.00367    0.000013127
 634 0.0076     0.0076     0.00366    0.000013127
 635 0.0076     0.0076     0.00365    0.000013127
 636 0.0075     0.0075     0.00363    0.000013127
 637 0.0075     0.0075     0.00362    0.000013127
 638 0.0074     0.0074     0.00361    0.000013127
 639 0.0075     0.0075     0.00359    0.000013127
 640 0.0074     0.0074     0.00358    0.000013127
 641 0.0074     0.0074     0.00357    0.000013127
 642 0.0073     0.0073     0.00356    0.000013127
 643 0.0073     0.0073     0.00355    0.000013127
 644 0.0072     0.0072     0.00353    0.000013127
 645 0.0072     0.0072     0.00352    0.000013127
 646 0.0071     0.0071     0.00351    0.000013127
 647 0.0071     0.0071     0.00350    0.000013127
 648 0.0071     0.0071     0.00349    0.000013127
 649 0.0071     0.0071     0.00347    0.000013127
 650 0.0072     0.0072     0.00346    0.000013127
 651 0.0071     0.0071     0.00345    0.000013127
 652 0.0072     0.0072     0.00343    0.000013127
 653 0.0072     0.0072     0.00342    0.000013127
 654 0.0074     0.0074     0.00340    0.000013127
 655 0.0076     0.0076     0.00339    0.000013127
 656 0.0077     0.0077     0.00337    0.000013127
 657 0.0079     0.0079     0.00335    0.000013127
 658 0.0082     0.0082     0.00334    0.000013127
 659 0.0085     0.0085     0.00332    0.000013127
 660 0.0090     0.0090     0.00330    0.000013127
 661 0.0094     0.0094     0.00328    0.000013127
 662 0.0100     0.0100     0.00326    0.000013127
 663 0.0104     0.0104     0.00324    0.000013127
 664 0.0112     0.0112     0.00322    0.000013127
 665 0.0117     0.0117     0.00321    0.000013127
 666 0.0122     0.0122     0.00319    0.000013127
 667 0.0129     0.0129     0.00318    0.000013127
 668 0.0136     0.0136     0.00317    0.000013127
 669 0.0140     0.0140     0.00317    0.000013127
 670 0.0145     0.0145     0.00316    0.000013127
 671 0.0150     0.0150     0.00316    0.000013127
 672 0.0154     0.0154     0.00316    0.000013127
 673 0.0157     0.0157     0.00316    0.000013127
 674 0.0161     0.0161     0.00316    0.000013127
 675 0.0164     0.0164     0.00317    0.000013127
 676 0.0167     0.0167     0.00317    0.000013127
 677 0.0170     0.0170     0.00318    0.000013127
 678 0.0171     0.0171     0.00319    0.000013127
 679 0.0173     0.0173     0.00320    0.000013127
 680 0.0172     0.0172     0.00322    0.000013127
 681 0.0168     0.0168     0.00323    0.000013127
 682 0.0164     0.0164     0.00324    0.000013127
 683 0.0158     0.0158     0.00326    0.000013127
 684 0.0149     0.0149     0.00327    0.000013127
 685 0.0141     0.0141     0.00327    0.000013127
 686 0.0133     0.0133     0.00328    0.000013127
 687 0.0123     0.0123     0.00329    0.000013127
 688 0.0115     0.0115     0.00329    0.000013127
 689 0.0106     0.0106     0.00329    0.000013127
 690 0.0096     0.0096     0.00329    0.000013127
 691 0.0087     0.0087     0.00329    0.000013127
 692 0.0079     0.0079     0.00328    0.000013127
 693 0.0071     0.0071     0.00327    0.000013127
 694 0.0062     0.0062     0.00326    0.000013127
 695 0.0056     0.0056     0.00325    0.000013127
 696 0.0049     0.0049     0.00324    0.000013127
 697 0.0044     0.0044     0.00323    0.000013127
 698 0.0040     0.0040     0.00321    0.000013127
 699 0.0035     0.0035     0.00320    0.000013127
 700 0.0032     0.0032     0.00319    0.000013127
*** HL Pro ***
 400 0.0245     0.0165     0.00364    0.000014685
 401 0.0248     0.0165     0.00362    0.000014685
 402 0.0251     0.0164     0.00359    0.000014685
 403 0.0255     0.0164     0.00356    0.000014685
 404 0.0258     0.0165     0.00354    0.000014685
 405 0.0261     0.0166     0.00352    0.000014685
 406 0.0269     0.0169     0.00350    0.000014685
 407 0.0276     0.0173     0.00348    0.000014685
 408 0.0284     0.0178     0.00345    0.000014685
 409 0.0292     0.0183     0.00343    0.000014685
 410 0.0299     0.0188     0.00341    0.000014685
 411 0.0305     0.0192     0.00339    0.000014685
 412 0.0311     0.0195     0.00337    0.000014685
 413 0.0317     0.0199     0.00334    0.000014685
 414 0.0323     0.0203     0.00332    0.000014685
 415 0.0329     0.0206     0.00330    0.000014685
 416 0.0337     0.0211     0.00328    0.000014685
 417 0.0344     0.0214     0.00326    0.000014685
 418 0.0352     0.0218     0.00324    0.000014685
 419 0.0360     0.0221     0.00323    0.000014685
 420 0.0367     0.0223     0.00322    0.000014685
 421 0.0374     0.0224     0.00321    0.000014685
 422 0.0381     0.0224     0.00321    0.000014685
 423 0.0387     0.0225     0.00321    0.000014685
 424 0.0394     0.0225     0.00321    0.000014685
 425 0.0401     0.0225     0.00321    0.000014685
 426 0.0407     0.0225     0.00322    0.000014685
 427 0.0414     0.0226     0.00322    0.000014685
 428 0.0421     0.0227     0.00323    0.000014685
 429 0.0428     0.0230     0.00323    0.000014685
 430 0.0435     0.0233     0.00324    0.000014685
 431 0.0441     0.0237     0.00325    0.000014685
 432 0.0447     0.0242     0.00325    0.000014685
 433 0.0453     0.0247     0.00325    0.000014685
 434 0.0459     0.0253     0.00326    0.000014685
 435 0.0465     0.0259     0.00326    0.000014685
 436 0.0471     0.0265     0.00325    0.000014685
 437 0.0477     0.0271     0.00325    0.000014685
 438 0.0484     0.0277     0.00324    0.000014685
 439 0.0490     0.0281     0.00323    0.000014685
 440 0.0496     0.0284     0.00323    0.000014685
 441 0.0497     0.0282     0.00323    0.000014685
 442 0.0498     0.0280     0.00324    0.000014685
 443 0.0499     0.0273     0.00325    0.000014685
 444 0.0499     0.0267     0.00326    0.000014685
 445 0.0500     0.0256     0.00328    0.000014685
 446 0.0495     0.0243     0.00330    0.000014685
 447 0.0489     0.0226     0.00333    0.000014685
 448 0.0484     0.0208     0.00335    0.000014685
 449 0.0479     0.0190     0.00338    0.000014685
 450 0.0473     0.0171     0.00340    0.000014685
 451 0.0463     0.0152     0.00342    0.000014685
 452 0.0453     0.0132     0.00343    0.000014685
 453 0.0443     0.0117     0.00345    0.000014685
 454 0.0433     0.0102     0.00345    0.000014685
 455 0.0423     0.0091     0.00346    0.000014685
 456 0.0414     0.0081     0.00347    0.000014685
 457 0.0406     0.0075     0.00348    0.000014685
 458 0.0397     0.0068     0.00348    0.000014685
 459 0.0388     0.0065     0.00349    0.000014685
 460 0.0380     0.0063     0.00349    0.000014685
 461 0.0371     0.0062     0.00348    0.000014685
 462 0.0363     0.0061     0.00348    0.000014685
 463 0.0354     0.0061     0.00346    0.000014685
 464 0.0346     0.0061     0.00345    0.000014685
 465 0.0338     0.0062     0.00344    0.000014685
 466 0.0329     0.0062     0.00343    0.000014685
 467 0.0320     0.0062     0.00341    0.000014685
 468 0.0311     0.0062     0.00340    0.000014685
 469 0.0302     0.0062     0.00339    0.000014685
 470 0.0293     0.0061     0.00338    0.000014685
 471 0.0287     0.0060     0.00337    0.000014685
 472 0.0282     0.0060     0.00336    0.000014685
 473 0.0276     0.0058     0.00336    0.000014685
 474 0.0271     0.0056     0.00335    0.000014685
 475 0.0265     0.0054     0.00335    0.000014685
 476 0.0262     0.0052     0.00335    0.000014685
 477 0.0259     0.0050     0.00335    0.000014685
 478 0.0256     0.0047     0.00335    0.000014685
 479 0.0254     0.0044     0.00335    0.000014685
 480 0.0251     0.0041     0.00335    0.000014685
 481 0.0250     0.0039     0.00335    0.000014685
 482 0.0250     0.0036     0.00335    0.000014685
 483 0.0250     0.0033     0.00335    0.000014685
 484 0.0249     0.0030     0.00335    0.000014685
 485 0.0249     0.0028     0.00335    0.000014685
 486 0.0247     0.0025     0.00335    0.000014685
 487 0.0246     0.0023     0.00335    0.000014685
 488 0.0244     0.0021     0.00335    0.000014685
 489 0.0243     0.0019     0.00335    0.000014685
 490 0.0241     0.0017     0.00335    0.000014685
 491 0.0238     0.0015     0.00335    0.000014685
 492 0.0235     0.0014     0.00335    0.000014685
 493 0.0231     0.0013     0.00335    0.000014685
 494 0.0228     0.0012     0.00334    0.000014685
 495 0.0225     0.0011     0.00334    0.000014685
 496 0.0220     0.0010     0.00334    0.000014685
 497 0.0214     0.0010     0.00333    0.000014685
 498 0.0209     0.0009     0.00332    0.000014685
 499 0.0204     0.0009     0.00332    0.000014685
 500 0.0198     0.0008     0.00331    0.000014685
 501 0.0191     0.0008     0.00330    0.000014685
 502 0.0185     0.0008     0.00329    0.000014685
 503 0.0178     0.0008     0.00328    0.000014685
 504 0.0171     0.0008     0.00328    0.000014685
 505 0.0164     0.0008     0.00327    0.000014685
 506 0.0157     0.0008     0.00325    0.000014685
 507 0.0150     0.0008     0.00324    0.000014685
 508 0.0143     0.0008     0.00322    0.000014685
 509 0.0136     0.0008     0.00320    0.000014685
 510 0.0129     0.0008     0.00319    0.000014685
 511 0.0123     0.0009     0.00317    0.000014685
 512 0.0117     0.0009     0.00315    0.000014685
 513 0.0110     0.0009     0.00313    0.000014685
 514 0.0104     0.0009     0.00311    0.000014685
 515 0.0098     0.0010     0.00309    0.000014685
 516 0.0092     0.0010     0.00307    0.000014685
 517 0.0087     0.0011     0.00305    0.000014685
 518 0.0082     0.0011     0.00303    0.000014685
 519 0.0076     0.0011     0.00301    0.000014685
 520 0.0071     0.0012     0.00299    0.000014685
 521 0.0068     0.0012     0.00297    0.000014685
 522 0.0064     0.0013     0.00295    0.000014685
 523 0.0061     0.0014     0.00293    0.000014685
 524 0.0058     0.0015     0.00291    0.000014685
 525 0.0055     0.0016     0.00289    0.000014685
 526 0.0053     0.0017     0.00287    0.000014685
 527 0.0051     0.0018     0.00285    0.000014685
 528 0.0049     0.0019     0.00282    0.000014685
 529 0.0047     0.0019     0.00280    0.000014685
 530 0.0044     0.0020     0.00279    0.000014685
 531 0.0043     0.0021     0.00277    0.000014685
 532 0.0042     0.0023     0.00275    0.000014685
 533 0.0041     0.0024     0.00273    0.000014685
 534 0.0040     0.0024     0.00271    0.000014685
 535 0.0039     0.0025     0.00270    0.000014685
 536 0.0038     0.0026     0.00268    0.000014685
 537 0.0037     0.0027     0.00266    0.000014685
 538 0.0036     0.0027     0.00265    0.000014685
 539 0.0035     0.0027     0.00263    0.000014685
 540 0.0034     0.0026     0.00262    0.000014685
 541 0.0033     0.0026     0.00260    0.000014685
 542 0.0031     0.0025     0.00259    0.000014685
 543 0.0030     0.0025     0.00257    0.000014685
 544 0.0029     0.0025     0.00256    0.000014685
 545 0.0027     0.0024     0.00254    0.000014685
 546 0.0027     0.0024     0.00253    0.000014685
 547 0.0027     0.0024     0.00251    0.000014685
 548 0.0027     0.0025     0.00250    0.000014685
 549 0.0027     0.0025     0.00248    0.000014685
 550 0.0027     0.0026     0.00247    0.000014685
 551 0.0027     0.0025     0.00246    0.000014685
 552 0.0026     0.0025     0.00244    0.000014685
 553 0.0026     0.0025     0.00243    0.000014685
 554 0.0026     0.0026     0.00242    0.000014685
 555 0.0026     0.0026     0.00241    0.000014685
 556 0.0026     0.0026     0.00240    0.000014685
 557 0.0027     0.0027     0.00238    0.000014685
 558 0.0027     0.0027     0.00237    0.000014685
 559 0.0028     0.0028     0.00235    0.000014685
 560 0.0029     0.0029     0.00234    0.000014685
 561 0.0029     0.0029     0.00233    0.000014685
 562 0.0029     0.0029     0.00231    0.000014685
 563 0.0029     0.0029     0.00230    0.000014685
 564 0.0029     0.0029     0.00229    0.000014685
 565 0.0029     0.0029     0.00228    0.000014685
 566 0.0028     0.0028     0.00227    0.000014685
 567 0.0027     0.0027     0.00225    0.000014685
 568 0.0027     0.0027     0.00224    0.000014685
 569 0.0026     0.0026     0.00223    0.000014685
 570 0.0026     0.0026     0.00222    0.000014685
 571 0.0026     0.0026     0.00221    0.000014685
 572 0.0026     0.0026     0.00219    0.000014685
 573 0.0027     0.0027     0.00218    0.000014685
 574 0.0027     0.0027     0.00217    0.000014685
 575 0.0027     0.0027     0.00216    0.000014685
 576 0.0027     0.0027     0.00215    0.000014685
 577 0.0027     0.0027     0.00214    0.000014685
 578 0.0026     0.0026     0.00213    0.000014685
 579 0.0026     0.0026     0.00212    0.000014685
 580 0.0026     0.0026     0.00211    0.000014685
 581 0.0027     0.0027     0.00210    0.000014685
 582 0.0028     0.0028     0.00210    0.000014685
 583 0.0030     0.0030     0.00209    0.000014685
 584 0.0031     0.0031     0.00208    0.000014685
 585 0.0032     0.0032     0.00207    0.000014685
 586 0.0032     0.0032     0.00206    0.000014685
 587 0.0032     0.0032     0.00205    0.000014685
 588 0.0032     0.0032     0.00204    0.000014685
 589 0.0032     0.0032     0.00203    0.000014685
 590 0.0032     0.0032     0.00202    0.000014685
 591 0.0033     0.0033     0.00201    0.000014685
 592 0.0033     0.0033     0.00200    0.000014685
 593 0.0034     0.0034     0.00199    0.000014685
 594 0.0035     0.0035     0.00199    0.000014685
 595 0.0036     0.0036     0.00198    0.000014685
 596 0.0035     0.0035     0.00197    0.000014685
 597 0.0035     0.0035     0.00196    0.000014685
 598 0.0034     0.0034     0.00195    0.000014685
 599 0.0034     0.0034     0.00195    0.000014685
 600 0.0033     0.0033     0.00194    0.000014685
 601 0.0034     0.0034     0.00193    0.000014685
 602 0.0034     0.0034     0.00192    0.000014685
 603 0.0035     0.0035     0.00192    0.000014685
 604 0.0035     0.0035     0.00191    0.000014685
 605 0.0035     0.0035     0.00190    0.000014685
 606 0.0036     0.0036     0.00189    0.000014685
 607 0.0038     0.0038     0.00189    0.000014685
 608 0.0039     0.0039     0.00188    0.000014685
 609 0.0040     0.0040     0.00187    0.000014685
 610 0.0041     0.0041     0.00186    0.000014685
 611 0.0041     0.0041     0.00185    0.000014685
 612 0.0042     0.0042     0.00184    0.000014685
 613 0.0042     0.0042     0.00183    0.000014685
 614 0.0042     0.0042     0.00182    0.000014685
 615 0.0043     0.0043     0.00182    0.000014685
 616 0.0044     0.0044     0.00181    0.000014685
 617 0.0044     0.0044     0.00180    0.000014685
 618 0.0045     0.0045     0.00179    0.000014685
 619 0.0046     0.0046     0.00178    0.000014685
 620 0.0047     0.0047     0.00178    0.000014685
 621 0.0047     0.0047     0.00177    0.000014685
 622 0.0046     0.0046     0.00176    0.000014685
 623 0.0046     0.0046     0.00175    0.000014685
 624 0.0046     0.0046     0.00174    0.000014685
 625 0.0046     0.0046     0.00173    0.000014685
 626 0.0046     0.0046     0.00173    0.000014685
 627 0.0047     0.0047     0.00172    0.000014685
 628 0.0048     0.0048     0.00171    0.000014685
 629 0.0048     0.0048     0.00170    0.000014685
 630 0.0049     0.0049     0.00169    0.000014685
 631 0.0048     0.0048     0.00168    0.000014685
 632 0.0048     0.0048     0.00168    0.000014685
 633 0.0048     0.0048     0.00167    0.000014685
 634 0.0047     0.0047     0.00166    0.000014685
 635 0.0047     0.0047     0.00165    0.000014685
 636 0.0046     0.0046     0.00164    0.000014685
 637 0.0046     0.0046     0.00164    0.000014685
 638 0.0046     0.0046     0.00163    0.000014685
 639 0.0045     0.0045     0.00162    0.000014685
 640 0.0045     0.0045     0.00161    0.000014685
 641 0.0045     0.0045     0.00160    0.000014685
 642 0.0046     0.0046     0.00159    0.000014685
 643 0.0046     0.0046     0.00159    0.000014685
 644 0.0046     0.0046     0.00158    0.000014685
 645 0.0047     0.0047     0.00157    0.000014685
 646 0.0048     0.0048     0.00156    0.000014685
 647 0.0049     0.0049     0.00155    0.000014685
 648 0.0050     0.0050     0.00154    0.000014685
 649 0.0052     0.0052     0.00153    0.000014685
 650 0.0053     0.0053     0.00152    0.000014685
 651 0.0056     0.0056     0.00152    0.000014685
 652 0.0060     0.0060     0.00151    0.000014685
 653 0.0064     0.0064     0.00150    0.000014685
 654 0.0067     0.0067     0.00150    0.000014685
 655 0.0071     0.0071     0.00149    0.000014685
 656 0.0076     0.0076     0.00149    0.000014685
 657 0.0082     0.0082     0.00148    0.000014685
 658 0.0088     0.0088     0.00148    0.000014685
 659 0.0094     0.0094     0.00147    0.000014685
 660 0.0099     0.0099     0.00147    0.000014685
 661 0.0108     0.0108     0.00146    0.000014685
 662 0.0116     0.0116     0.00146    0.000014685
 663 0.0124     0.0124     0.00145    0.000014685
 664 0.0132     0.0132     0.00144    0.000014685
 665 0.0140     0.0140     0.00144    0.000014685
 666 0.0146     0.0146     0.00144    0.000014685
 667 0.0152     0.0152     0.00144    0.000014685
 668 0.0158     0.0158     0.00144    0.000014685
 669 0.0164     0.0164     0.00145    0.000014685
 670 0.0170     0.0170     0.00146    0.000014685
 671 0.0171     0.0171     0.00147    0.000014685
 672 0.0172     0.0172     0.00149    0.000014685
 673 0.0173     0.0173     0.00150    0.000014685
 674 0.0174     0.0174     0.00152    0.000014685
 675 0.0175     0.0175     0.00154    0.000014685
 676 0.0170     0.0170     0.00155    0.000014685
 677 0.0165     0.0165     0.00157    0.000014685
 678 0.0161     0.0161     0.00159    0.000014685
 679 0.0156     0.0156     0.00160    0.000014685
 680 0.0151     0.0151     0.00161    0.000014685
 681 0.0143     0.0143     0.00162    0.000014685
 682 0.0136     0.0136     0.00163    0.000014685
 683 0.0128     0.0128     0.00163    0.000014685
 684 0.0120     0.0120     0.00163    0.000014685
 685 0.0112     0.0112     0.00163    0.000014685
 686 0.0104     0.0104     0.00163    0.000014685
 687 0.0096     0.0096     0.00162    0.000014685
 688 0.0088     0.0088     0.00161    0.000014685
 689 0.0080     0.0080     0.00160    0.000014685
 690 0.0072     0.0072     0.00160    0.000014685
 691 0.0068     0.0068     0.00158    0.000014685
 692 0.0065     0.0065     0.00157    0.000014685
 693 0.0061     0.0061     0.00156    0.000014685
 694 0.0057     0.0057     0.00155    0.000014685
 695 0.0053     0.0053     0.00154    0.000014685
 696 0.0050     0.0050     0.00153    0.000014685
 697 0.0046     0.0046     0.00152    0.000014685
 698 0.0042     0.0042     0.00151    0.000014685
 699 0.0038     0.0038     0.00150    0.000014685
 700 0.0035     0.0035     0.00149    0.000014685
*** LL Pro ***
 400 0.0385     0.0226     0.00364    0.000014685
 401 0.0389     0.0223     0.00362    0.000014685
 402 0.0393     0.0220     0.00359    0.000014685
 403 0.0397     0.0218     0.00356    0.000014685
 404 0.0401     0.0217     0.00354    0.000014685
 405 0.0405     0.0216     0.00352    0.000014685
 406 0.0414     0.0218     0.00350    0.000014685
 407 0.0423     0.0221     0.00348    0.000014685
 408 0.0432     0.0224     0.00345    0.000014685
 409 0.0441     0.0229     0.00343    0.000014685
 410 0.0451     0.0234     0.00341    0.000014685
 411 0.0461     0.0239     0.00339    0.000014685
 412 0.0471     0.0245     0.00337    0.000014685
 413 0.0481     0.0250     0.00334    0.000014685
 414 0.0491     0.0255     0.00332    0.000014685
 415 0.0502     0.0260     0.00330    0.000014685
 416 0.0514     0.0265     0.00328    0.000014685
 417 0.0526     0.0269     0.00326    0.000014685
 418 0.0538     0.0274     0.00324    0.000014685
 419 0.0550     0.0277     0.00323    0.000014685
 420 0.0561     0.0280     0.00322    0.000014685
 421 0.0571     0.0280     0.00321    0.000014685
 422 0.0581     0.0280     0.00321    0.000014685
 423 0.0591     0.0280     0.00321    0.000014685
 424 0.0601     0.0279     0.00321    0.000014685
 425 0.0611     0.0279     0.00321    0.000014685
 426 0.0620     0.0278     0.00322    0.000014685
 427 0.0629     0.0279     0.00322    0.000014685
 428 0.0638     0.0280     0.00323    0.000014685
 429 0.0647     0.0284     0.00323    0.000014685
 430 0.0656     0.0288     0.00324    0.000014685
 431 0.0663     0.0293     0.00325    0.000014685
 432 0.0670     0.0299     0.00325    0.000014685
 433 0.0677     0.0307     0.00325    0.000014685
 434 0.0684     0.0314     0.00326    0.000014685
 435 0.0691     0.0322     0.00326    0.000014685
 436 0.0697     0.0330     0.00325    0.000014685
 437 0.0703     0.0337     0.00325    0.000014685
 438 0.0709     0.0344     0.00324    0.000014685
 439 0.0715     0.0348     0.00323    0.000014685
 440 0.0721     0.0353     0.00323    0.000014685
 441 0.0725     0.0353     0.00323    0.000014685
 442 0.0729     0.0352     0.00324    0.000014685
 443 0.0733     0.0347     0.00325    0.000014685
 444 0.0737     0.0341     0.00326    0.000014685
 445 0.0742     0.0331     0.00328    0.000014685
 446 0.0742     0.0319     0.00330    0.000014685
 447 0.0742     0.0303     0.00333    0.000014685
 448 0.0743     0.0287     0.00335    0.000014685
 449 0.0743     0.0270     0.00338    0.000014685
 450 0.0744     0.0253     0.00340    0.000014685
 451 0.0742     0.0237     0.00342    0.000014685
 452 0.0739     0.0220     0.00343    0.000014685
 453 0.0737     0.0208     0.00345    0.000014685
 454 0.0735     0.0196     0.00345    0.000014685
 455 0.0733     0.0190     0.00346    0.000014685
 456 0.0728     0.0184     0.00347    0.000014685
 457 0.0723     0.0182     0.00348    0.000014685
 458 0.0718     0.0180     0.00348    0.000014685
 459 0.0714     0.0183     0.00349    0.000014685
 460 0.0709     0.0186     0.00349    0.000014685
 461 0.0702     0.0190     0.00348    0.000014685
 462 0.0696     0.0195     0.00348    0.000014685
 463 0.0689     0.0201     0.00346    0.000014685
 464 0.0682     0.0206     0.00345    0.000014685
 465 0.0676     0.0212     0.00344    0.000014685
 466 0.0667     0.0217     0.00343    0.000014685
 467 0.0658     0.0220     0.00341    0.000014685
 468 0.0649     0.0223     0.00340    0.000014685
 469 0.0641     0.0225     0.00339    0.000014685
 470 0.0632     0.0226     0.00338    0.000014685
 471 0.0622     0.0224     0.00337    0.000014685
 472 0.0613     0.0222     0.00336    0.000014685
 473 0.0603     0.0217     0.00336    0.000014685
 474 0.0593     0.0212     0.00335    0.000014685
 475 0.0583     0.0205     0.00335    0.000014685
 476 0.0574     0.0198     0.00335    0.000014685
 477 0.0565     0.0189     0.00335    0.000014685
 478 0.0555     0.0180     0.00335    0.000014685
 479 0.0546     0.0169     0.00335    0.000014685
 480 0.0536     0.0158     0.00335    0.000014685
 481 0.0528     0.0147     0.00335    0.000014685
 482 0.0519     0.0135     0.00335    0.000014685
 483 0.0511     0.0124     0.00335    0.000014685
 484 0.0502     0.0112     0.00335    0.000014685
 485 0.0494     0.0101     0.00335    0.000014685
 486 0.0486     0.0091     0.00335    0.000014685
 487 0.0478     0.0082     0.00335    0.000014685
 488 0.0471     0.0074     0.00335    0.000014685
 489 0.0463     0.0066     0.00335    0.000014685
 490 0.0455     0.0058     0.00335    0.000014685
 491 0.0446     0.0052     0.00335    0.000014685
 492 0.0438     0.0046     0.00335    0.000014685
 493 0.0429     0.0042     0.00335    0.000014685
 494 0.0420     0.0038     0.00334    0.000014685
 495 0.0411     0.0034     0.00334    0.000014685
 496 0.0401     0.0030     0.00334    0.000014685
 497 0.0390     0.0028     0.00333    0.000014685
 498 0.0380     0.0025     0.00332    0.000014685
 499 0.0369     0.0023     0.00332    0.000014685
 500 0.0359     0.0021     0.00331    0.000014685
 501 0.0347     0.0021     0.00330    0.000014685
 502 0.0335     0.0020     0.00329    0.000014685
 503 0.0324     0.0019     0.00328    0.000014685
 504 0.0312     0.0018     0.00328    0.000014685
 505 0.0300     0.0018     0.00327    0.000014685
 506 0.0288     0.0017     0.00325    0.000014685
 507 0.0276     0.0017     0.00324    0.000014685
 508 0.0265     0.0017     0.00322    0.000014685
 509 0.0253     0.0017     0.00320    0.000014685
 510 0.0241     0.0017     0.00319    0.000014685
 511 0.0231     0.0017     0.00317    0.000014685
 512 0.0221     0.0018     0.00315    0.000014685
 513 0.0211     0.0018     0.00313    0.000014685
 514 0.0201     0.0018     0.00311    0.000014685
 515 0.0191     0.0019     0.00309    0.000014685
 516 0.0183     0.0020     0.00307    0.000014685
 517 0.0175     0.0021     0.00305    0.000014685
 518 0.0167     0.0023     0.00303    0.000014685
 519 0.0159     0.0024     0.00301    0.000014685
 520 0.0151     0.0025     0.00299    0.000014685
 521 0.0145     0.0026     0.00297    0.000014685
 522 0.0139     0.0027     0.00295    0.000014685
 523 0.0134     0.0029     0.00293    0.000014685
 524 0.0128     0.0032     0.00291    0.000014685
 525 0.0122     0.0033     0.00289    0.000014685
 526 0.0118     0.0035     0.00287    0.000014685
 527 0.0114     0.0037     0.00285    0.000014685
 528 0.0110     0.0040     0.00282    0.000014685
 529 0.0106     0.0041     0.00280    0.000014685
 530 0.0102     0.0043     0.00279    0.000014685
 531 0.0100     0.0047     0.00277    0.000014685
 532 0.0097     0.0050     0.00275    0.000014685
 533 0.0095     0.0051     0.00273    0.000014685
 534 0.0092     0.0052     0.00271    0.000014685
 535 0.0089     0.0055     0.00270    0.000014685
 536 0.0087     0.0058     0.00268    0.000014685
 537 0.0085     0.0059     0.00266    0.000014685
 538 0.0083     0.0061     0.00265    0.000014685
 539 0.0082     0.0060     0.00263    0.000014685
 540 0.0080     0.0059     0.00262    0.000014685
 541 0.0078     0.0059     0.00260    0.000014685
 542 0.0076     0.0059     0.00259    0.000014685
 543 0.0075     0.0061     0.00257    0.000014685
 544 0.0073     0.0064     0.00256    0.000014685
 545 0.0072     0.0063     0.00254    0.000014685
 546 0.0071     0.0062     0.00253    0.000014685
 547 0.0070     0.0062     0.00251    0.000014685
 548 0.0069     0.0063     0.00250    0.000014685
 549 0.0067     0.0063     0.00248    0.000014685
 550 0.0066     0.0064     0.00247    0.000014685
 551 0.0065     0.0063     0.00246    0.000014685
 552 0.0065     0.0062     0.00244    0.000014685
 553 0.0064     0.0062     0.00243    0.000014685
 554 0.0063     0.0063     0.00242    0.000014685
 555 0.0062     0.0062     0.00241    0.000014685
 556 0.0061     0.0061     0.00240    0.000014685
 557 0.0061     0.0061     0.00238    0.000014685
 558 0.0060     0.0060     0.00237    0.000014685
 559 0.0060     0.0060     0.00235    0.000014685
 560 0.0059     0.0059     0.00234    0.000014685
 561 0.0059     0.0059     0.00233    0.000014685
 562 0.0058     0.0058     0.00231    0.000014685
 563 0.0057     0.0057     0.00230    0.000014685
 564 0.0056     0.0056     0.00229    0.000014685
 565 0.0056     0.0056     0.00228    0.000014685
 566 0.0055     0.0055     0.00227    0.000014685
 567 0.0055     0.0055     0.00225    0.000014685
 568 0.0055     0.0055     0.00224    0.000014685
 569 0.0055     0.0055     0.00223    0.000014685
 570 0.0054     0.0054     0.00222    0.000014685
 571 0.0054     0.0054     0.00221    0.000014685
 572 0.0054     0.0054     0.00219    0.000014685
 573 0.0054     0.0054     0.00218    0.000014685
 574 0.0054     0.0054     0.00217    0.000014685
 575 0.0054     0.0054     0.00216    0.000014685
 576 0.0054     0.0054     0.00215    0.000014685
 577 0.0054     0.0054     0.00214    0.000014685
 578 0.0055     0.0055     0.00213    0.000014685
 579 0.0055     0.0055     0.00212    0.000014685
 580 0.0056     0.0056     0.00211    0.000014685
 581 0.0056     0.0056     0.00210    0.000014685
 582 0.0056     0.0056     0.00210    0.000014685
 583 0.0057     0.0057     0.00209    0.000014685
 584 0.0057     0.0057     0.00208    0.000014685
 585 0.0057     0.0057     0.00207    0.000014685
 586 0.0058     0.0058     0.00206    0.000014685
 587 0.0058     0.0058     0.00205    0.000014685
 588 0.0058     0.0058     0.00204    0.000014685
 589 0.0059     0.0059     0.00203    0.000014685
 590 0.0059     0.0059     0.00202    0.000014685
 591 0.0059     0.0059     0.00201    0.000014685
 592 0.0059     0.0059     0.00200    0.000014685
 593 0.0060     0.0060     0.00199    0.000014685
 594 0.0060     0.0060     0.00199    0.000014685
 595 0.0060     0.0060     0.00198    0.000014685
 596 0.0060     0.0060     0.00197    0.000014685
 597 0.0060     0.0060     0.00196    0.000014685
 598 0.0060     0.0060     0.00195    0.000014685
 599 0.0060     0.0060     0.00195    0.000014685
 600 0.0060     0.0060     0.00194    0.000014685
 601 0.0060     0.0060     0.00193    0.000014685
 602 0.0060     0.0060     0.00192    0.000014685
 603 0.0060     0.0060     0.00192    0.000014685
 604 0.0060     0.0060     0.00191    0.000014685
 605 0.0060     0.0060     0.00190    0.000014685
 606 0.0060     0.0060     0.00189    0.000014685
 607 0.0060     0.0060     0.00189    0.000014685
 608 0.0061     0.0061     0.00188    0.000014685
 609 0.0061     0.0061     0.00187    0.000014685
 610 0.0061     0.0061     0.00186    0.000014685
 611 0.0061     0.0061     0.00185    0.000014685
 612 0.0061     0.0061     0.00184    0.000014685
 613 0.0062     0.0062     0.00183    0.000014685
 614 0.0062     0.0062     0.00182    0.000014685
 615 0.0062     0.0062     0.00182    0.000014685
 616 0.0062     0.0062     0.00181    0.000014685
 617 0.0063     0.0063     0.00180    0.000014685
 618 0.0063     0.0063     0.00179    0.000014685
 619 0.0063     0.0063     0.00178    0.000014685
 620 0.0064     0.0064     0.00178    0.000014685
 621 0.0064     0.0064     0.00177    0.000014685
 622 0.0065     0.0065     0.00176    0.000014685
 623 0.0065     0.0065     0.00175    0.000014685
 624 0.0065     0.0065     0.00174    0.000014685
 625 0.0066     0.0066     0.00173    0.000014685
 626 0.0066     0.0066     0.00173    0.000014685
 627 0.0067     0.0067     0.00172    0.000014685
 628 0.0068     0.0068     0.00171    0.000014685
 629 0.0069     0.0069     0.00170    0.000014685
 630 0.0069     0.0069     0.00169    0.000014685
 631 0.0070     0.0070     0.00168    0.000014685
 632 0.0071     0.0071     0.00168    0.000014685
 633 0.0073     0.0073     0.00167    0.000014685
 634 0.0074     0.0074     0.00166    0.000014685
 635 0.0075     0.0075     0.00165    0.000014685
 636 0.0077     0.0077     0.00164    0.000014685
 637 0.0079     0.0079     0.00164    0.000014685
 638 0.0082     0.0082     0.00163    0.000014685
 639 0.0084     0.0084     0.00162    0.000014685
 640 0.0086     0.0086     0.00161    0.000014685
 641 0.0089     0.0089     0.00160    0.000014685
 642 0.0092     0.0092     0.00159    0.000014685
 643 0.0095     0.0095     0.00159    0.000014685
 644 0.0098     0.0098     0.00158    0.000014685
 645 0.0101     0.0101     0.00157    0.000014685
 646 0.0104     0.0104     0.00156    0.000014685
 647 0.0106     0.0106     0.00155    0.000014685
 648 0.0109     0.0109     0.00154    0.000014685
 649 0.0112     0.0112     0.00153    0.000014685
 650 0.0115     0.0115     0.00152    0.000014685
 651 0.0117     0.0117     0.00152    0.000014685
 652 0.0120     0.0120     0.00151    0.000014685
 653 0.0122     0.0122     0.00150    0.000014685
 654 0.0124     0.0124     0.00150    0.000014685
 655 0.0127     0.0127     0.00149    0.000014685
 656 0.0129     0.0129     0.00149    0.000014685
 657 0.0132     0.0132     0.00148    0.000014685
 658 0.0135     0.0135     0.00148    0.000014685
 659 0.0138     0.0138     0.00147    0.000014685
 660 0.0140     0.0140     0.00147    0.000014685
 661 0.0145     0.0145     0.00146    0.000014685
 662 0.0149     0.0149     0.00146    0.000014685
 663 0.0153     0.0153     0.00145    0.000014685
 664 0.0157     0.0157     0.00144    0.000014685
 665 0.0161     0.0161     0.00144    0.000014685
 666 0.0164     0.0164     0.00144    0.000014685
 667 0.0167     0.0167     0.00144    0.000014685
 668 0.0171     0.0171     0.00144    0.000014685
 669 0.0174     0.0174     0.00145    0.000014685
 670 0.0177     0.0177     0.00146    0.000014685
 671 0.0177     0.0177     0.00147    0.000014685
 672 0.0178     0.0178     0.00149    0.000014685
 673 0.0178     0.0178     0.00150    0.000014685
 674 0.0179     0.0179     0.00152    0.000014685
 675 0.0179     0.0179     0.00154    0.000014685
 676 0.0175     0.0175     0.00155    0.000014685
 677 0.0171     0.0171     0.00157    0.000014685
 678 0.0167     0.0167     0.00159    0.000014685
 679 0.0163     0.0163     0.00160    0.000014685
 680 0.0159     0.0159     0.00161    0.000014685
 681 0.0152     0.0152     0.00162    0.000014685
 682 0.0145     0.0145     0.00163    0.000014685
 683 0.0138     0.0138     0.00163    0.000014685
 684 0.0131     0.0131     0.00163    0.000014685
 685 0.0124     0.0124     0.00163    0.000014685
 686 0.0116     0.0116     0.00163    0.000014685
 687 0.0109     0.0109     0.00162    0.000014685
 688 0.0101     0.0101     0.00161    0.000014685
 689 0.0093     0.0093     0.00160    0.000014685
 690 0.0085     0.0085     0.00160    0.000014685
 691 0.0081     0.0081     0.00158    0.000014685
 692 0.0077     0.0077     0.00157    0.000014685
 693 0.0073     0.0073     0.00156    0.000014685
 694 0.0069     0.0069     0.00155    0.000014685
 695 0.0065     0.0065     0.00154    0.000014685
 696 0.0061     0.0061     0.00153    0.000014685
 697 0.0056     0.0056     0.00152    0.000014685
 698 0.0052     0.0052     0.00151    0.000014685
 699 0.0048     0.0048     0.00150    0.000014685
 700 0.0044     0.0044     0.00149    0.000014685
*** Diatom ***
 400 0.0138     0.0138     0.00359    0.000000240
 401 0.0138     0.0138     0.00358    0.000000240
 402 0.0138     0.0138     0.00356    0.000000240
 403 0.0139     0.0139     0.00355    0.000000240
 404 0.0140     0.0140     0.00354    0.000000240
 405 0.0140     0.0140     0.00353    0.000000240
 406 0.0141     0.0141     0.00352    0.000000240
 407 0.0142     0.0142     0.00350    0.000000240
 408 0.0143     0.0143     0.00349    0.000000240
 409 0.0143     0.0143     0.00348    0.000000240
 410 0.0144     0.0144     0.00347    0.000000240
 411 0.0145     0.0145     0.00346    0.000000240
 412 0.0146     0.0146     0.00345    0.000000240
 413 0.0146     0.0146     0.00344    0.000000240
 414 0.0147     0.0147     0.00343    0.000000240
 415 0.0147     0.0147     0.00342    0.000000240
 416 0.0148     0.0148     0.00341    0.000000240
 417 0.0147     0.0147     0.00341    0.000000240
 418 0.0148     0.0148     0.00340    0.000000240
 419 0.0148     0.0148     0.00339    0.000000240
 420 0.0147     0.0147     0.00338    0.000000240
 421 0.0147     0.0147     0.00338    0.000000240
 422 0.0148     0.0148     0.00337    0.000000240
 423 0.0147     0.0147     0.00336    0.000000240
 424 0.0147     0.0147     0.00336    0.000000240
 425 0.0147     0.0147     0.00335    0.000000240
 426 0.0147     0.0147     0.00335    0.000000240
 427 0.0148     0.0148     0.00334    0.000000240
 428 0.0148     0.0148     0.00334    0.000000240
 429 0.0148     0.0148     0.00333    0.000000240
 430 0.0149     0.0149     0.00333    0.000000240
 431 0.0149     0.0149     0.00332    0.000000240
 432 0.0150     0.0150     0.00332    0.000000240
 433 0.0150     0.0150     0.00332    0.000000240
 434 0.0151     0.0151     0.00331    0.000000240
 435 0.0151     0.0151     0.00331    0.000000240
 436 0.0151     0.0151     0.00331    0.000000240
 437 0.0151     0.0151     0.00331    0.000000240
 438 0.0152     0.0152     0.00332    0.000000240
 439 0.0152     0.0152     0.00332    0.000000240
 440 0.0151     0.0151     0.00332    0.000000240
 441 0.0151     0.0151     0.00332    0.000000240
 442 0.0150     0.0150     0.00333    0.000000240
 443 0.0149     0.0149     0.00333    0.000000240
 444 0.0147     0.0147     0.00334    0.000000240
 445 0.0146     0.0146     0.00334    0.000000240
 446 0.0144     0.0144     0.00335    0.000000240
 447 0.0142     0.0142     0.00335    0.000000240
 448 0.0140     0.0140     0.00336    0.000000240
 449 0.0139     0.0139     0.00336    0.000000240
 450 0.0136     0.0136     0.00336    0.000000240
 451 0.0134     0.0134     0.00337    0.000000240
 452 0.0132     0.0132     0.00337    0.000000240
 453 0.0131     0.0131     0.00337    0.000000240
 454 0.0130     0.0130     0.00338    0.000000240
 455 0.0128     0.0128     0.00338    0.000000240
 456 0.0126     0.0126     0.00338    0.000000240
 457 0.0126     0.0126     0.00339    0.000000240
 458 0.0124     0.0124     0.00340    0.000000240
 459 0.0123     0.0123     0.00340    0.000000240
 460 0.0122     0.0122     0.00341    0.000000240
 461 0.0120     0.0120     0.00342    0.000000240
 462 0.0120     0.0120     0.00343    0.000000240
 463 0.0119     0.0119     0.00344    0.000000240
 464 0.0117     0.0117     0.00345    0.000000240
 465 0.0117     0.0117     0.00346    0.000000240
 466 0.0116     0.0116     0.00347    0.000000240
 467 0.0115     0.0115     0.00348    0.000000240
 468 0.0113     0.0113     0.00349    0.000000240
 469 0.0112     0.0112     0.00350    0.000000240
 470 0.0111     0.0111     0.00351    0.000000240
 471 0.0109     0.0109     0.00352    0.000000240
 472 0.0107     0.0107     0.00353    0.000000240
 473 0.0106     0.0106     0.00354    0.000000240
 474 0.0105     0.0105     0.00355    0.000000240
 475 0.0104     0.0104     0.00356    0.000000240
 476 0.0102     0.0102     0.00356    0.000000240
 477 0.0101     0.0101     0.00357    0.000000240
 478 0.0100     0.0100     0.00358    0.000000240
 479 0.0099     0.0099     0.00358    0.000000240
 480 0.0098     0.0098     0.00358    0.000000240
 481 0.0098     0.0098     0.00358    0.000000240
 482 0.0097     0.0097     0.00358    0.000000240
 483 0.0097     0.0097     0.00358    0.000000240
 484 0.0097     0.0097     0.00358    0.000000240
 485 0.0097     0.0097     0.00358    0.000000240
 486 0.0097     0.0097     0.00358    0.000000240
 487 0.0097     0.0097     0.00358    0.000000240
 488 0.0097     0.0097     0.00358    0.000000240
 489 0.0097     0.0097     0.00358    0.000000240
 490 0.0097     0.0097     0.00358    0.000000240
 491 0.0097     0.0097     0.00358    0.000000240
 492 0.0097     0.0097     0.00359    0.000000240
 493 0.0097     0.0097     0.00359    0.000000240
 494 0.0096     0.0096     0.00359    0.000000240
 495 0.0095     0.0095     0.00359    0.000000240
 496 0.0095     0.0095     0.00359    0.000000240
 497 0.0095     0.0095     0.00360    0.000000240
 498 0.0094     0.0094     0.00360    0.000000240
 499 0.0094     0.0094     0.00361    0.000000240
 500 0.0092     0.0092     0.00361    0.000000240
 501 0.0092     0.0092     0.00361    0.000000240
 502 0.0091     0.0091     0.00362    0.000000240
 503 0.0090     0.0090     0.00363    0.000000240
 504 0.0089     0.0089     0.00363    0.000000240
 505 0.0088     0.0088     0.00364    0.000000240
 506 0.0087     0.0087     0.00364    0.000000240
 507 0.0086     0.0086     0.00365    0.000000240
 508 0.0084     0.0084     0.00365    0.000000240
 509 0.0084     0.0084     0.00366    0.000000240
 510 0.0083     0.0083     0.00366    0.000000240
 511 0.0082     0.0082     0.00367    0.000000240
 512 0.0080     0.0080     0.00367    0.000000240
 513 0.0079     0.0079     0.00367    0.000000240
 514 0.0079     0.0079     0.00367    0.000000240
 515 0.0078     0.0078     0.00368    0.000000240
 516 0.0076     0.0076     0.00368    0.000000240
 517 0.0075     0.0075     0.00368    0.000000240
 518 0.0074     0.0074     0.00368    0.000000240
 519 0.0073     0.0073     0.00369    0.000000240
 520 0.0072     0.0072     0.00369    0.000000240
 521 0.0071     0.0071     0.00369    0.000000240
 522 0.0071     0.0071     0.00369    0.000000240
 523 0.0070     0.0070     0.00369    0.000000240
 524 0.0069     0.0069     0.00369    0.000000240
 525 0.0068     0.0068     0.00370    0.000000240
 526 0.0067     0.0067     0.00369    0.000000240
 527 0.0067     0.0067     0.00369    0.000000240
 528 0.0065     0.0065     0.00369    0.000000240
 529 0.0065     0.0065     0.00369    0.000000240
 530 0.0064     0.0064     0.00369    0.000000240
 531 0.0064     0.0064     0.00368    0.000000240
 532 0.0063     0.0063     0.00368    0.000000240
 533 0.0062     0.0062     0.00368    0.000000240
 534 0.0061     0.0061     0.00367    0.000000240
 535 0.0060     0.0060     0.00367    0.000000240
 536 0.0059     0.0059     0.00367    0.000000240
 537 0.0058     0.0058     0.00366    0.000000240
 538 0.0058     0.0058     0.00366    0.000000240
 539 0.0057     0.0057     0.00365    0.000000240
 540 0.0056     0.0056     0.00365    0.000000240
 541 0.0055     0.0055     0.00365    0.000000240
 542 0.0055     0.0055     0.00364    0.000000240
 543 0.0054     0.0054     0.00364    0.000000240
 544 0.0052     0.0052     0.00364    0.000000240
 545 0.0051     0.0051     0.00363    0.000000240
 546 0.0051     0.0051     0.00363    0.000000240
 547 0.0050     0.0050     0.00363    0.000000240
 548 0.0049     0.0049     0.00363    0.000000240
 549 0.0048     0.0048     0.00363    0.000000240
 550 0.0047     0.0047     0.00363    0.000000240
 551 0.0046     0.0046     0.00363    0.000000240
 552 0.0045     0.0045     0.00363    0.000000240
 553 0.0044     0.0044     0.00364    0.000000240
 554 0.0043     0.0043     0.00364    0.000000240
 555 0.0042     0.0042     0.00364    0.000000240
 556 0.0041     0.0041     0.00364    0.000000240
 557 0.0040     0.0040     0.00364    0.000000240
 558 0.0039     0.0039     0.00363    0.000000240
 559 0.0038     0.0038     0.00363    0.000000240
 560 0.0037     0.0037     0.00363    0.000000240
 561 0.0036     0.0036     0.00363    0.000000240
 562 0.0036     0.0036     0.00363    0.000000240
 563 0.0035     0.0035     0.00363    0.000000240
 564 0.0034     0.0034     0.00362    0.000000240
 565 0.0034     0.0034     0.00362    0.000000240
 566 0.0033     0.0033     0.00362    0.000000240
 567 0.0033     0.0033     0.00362    0.000000240
 568 0.0032     0.0032     0.00362    0.000000240
 569 0.0032     0.0032     0.00362    0.000000240
 570 0.0031     0.0031     0.00361    0.000000240
 571 0.0031     0.0031     0.00361    0.000000240
 572 0.0031     0.0031     0.00361    0.000000240
 573 0.0031     0.0031     0.00360    0.000000240
 574 0.0031     0.0031     0.00360    0.000000240
 575 0.0031     0.0031     0.00360    0.000000240
 576 0.0031     0.0031     0.00359    0.000000240
 577 0.0031     0.0031     0.00359    0.000000240
 578 0.0031     0.0031     0.00358    0.000000240
 579 0.0031     0.0031     0.00358    0.000000240
 580 0.0031     0.0031     0.00357    0.000000240
 581 0.0031     0.0031     0.00357    0.000000240
 582 0.0031     0.0031     0.00356    0.000000240
 583 0.0031     0.0031     0.00356    0.000000240
 584 0.0031     0.0031     0.00356    0.000000240
 585 0.0031     0.0031     0.00355    0.000000240
 586 0.0031     0.0031     0.00355    0.000000240
 587 0.0031     0.0031     0.00355    0.000000240
 588 0.0031     0.0031     0.00354    0.000000240
 589 0.0031     0.0031     0.00354    0.000000240
 590 0.0030     0.0030     0.00354    0.000000240
 591 0.0030     0.0030     0.00353    0.000000240
 592 0.0030     0.0030     0.00353    0.000000240
 593 0.0030     0.0030     0.00353    0.000000240
 594 0.0029     0.0029     0.00352    0.000000240
 595 0.0029     0.0029     0.00352    0.000000240
 596 0.0029     0.0029     0.00352    0.000000240
 597 0.0028     0.0028     0.00352    0.000000240
 598 0.0028     0.0028     0.00351    0.000000240
 599 0.0028     0.0028     0.00351    0.000000240
 600 0.0028     0.0028     0.00351    0.000000240
 601 0.0028     0.0028     0.00351    0.000000240
 602 0.0028     0.0028     0.00351    0.000000240
 603 0.0028     0.0028     0.00350    0.000000240
 604 0.0029     0.0029     0.00350    0.000000240
 605 0.0029     0.0029     0.00350    0.000000240
 606 0.0030     0.0030     0.00350    0.000000240
 607 0.0030     0.0030     0.00349    0.000000240
 608 0.0031     0.0031     0.00349    0.000000240
 609 0.0031     0.0031     0.00349    0.000000240
 610 0.0032     0.0032     0.00348    0.000000240
 611 0.0033     0.0033     0.00348    0.000000240
 612 0.0033     0.0033     0.00348    0.000000240
 613 0.0034     0.0034     0.00347    0.000000240
 614 0.0035     0.0035     0.00347    0.000000240
 615 0.0036     0.0036     0.00346    0.000000240
 616 0.0036     0.0036     0.00346    0.000000240
 617 0.0037     0.0037     0.00345    0.000000240
 618 0.0038     0.0038     0.00344    0.000000240
 619 0.0038     0.0038     0.00344    0.000000240
 620 0.0039     0.0039     0.00343    0.000000240
 621 0.0039     0.0039     0.00343    0.000000240
 622 0.0040     0.0040     0.00342    0.000000240
 623 0.0040     0.0040     0.00342    0.000000240
 624 0.0040     0.0040     0.00341    0.000000240
 625 0.0040     0.0040     0.00341    0.000000240
 626 0.0040     0.0040     0.00340    0.000000240
 627 0.0040     0.0040     0.00340    0.000000240
 628 0.0041     0.0041     0.00339    0.000000240
 629 0.0041     0.0041     0.00339    0.000000240
 630 0.0041     0.0041     0.00339    0.000000240
 631 0.0041     0.0041     0.00338    0.000000240
 632 0.0041     0.0041     0.00338    0.000000240
 633 0.0041     0.0041     0.00337    0.000000240
 634 0.0041     0.0041     0.00337    0.000000240
 635 0.0041     0.0041     0.00336    0.000000240
 636 0.0041     0.0041     0.00336    0.000000240
 637 0.0040     0.0040     0.00335    0.000000240
 638 0.0039     0.0039     0.00334    0.000000240
 639 0.0039     0.0039     0.00333    0.000000240
 640 0.0039     0.0039     0.00333    0.000000240
 641 0.0038     0.0038     0.00332    0.000000240
 642 0.0037     0.0037     0.00331    0.000000240
 643 0.0037     0.0037     0.00330    0.000000240
 644 0.0036     0.0036     0.00330    0.000000240
 645 0.0037     0.0037     0.00329    0.000000240
 646 0.0036     0.0036     0.00328    0.000000240
 647 0.0036     0.0036     0.00328    0.000000240
 648 0.0036     0.0036     0.00327    0.000000240
 649 0.0036     0.0036     0.00326    0.000000240
 650 0.0038     0.0038     0.00325    0.000000240
 651 0.0038     0.0038     0.00324    0.000000240
 652 0.0039     0.0039     0.00323    0.000000240
 653 0.0041     0.0041     0.00322    0.000000240
 654 0.0043     0.0043     0.00321    0.000000240
 655 0.0045     0.0045     0.00320    0.000000240
 656 0.0048     0.0048     0.00318    0.000000240
 657 0.0051     0.0051     0.00316    0.000000240
 658 0.0056     0.0056     0.00315    0.000000240
 659 0.0059     0.0059     0.00313    0.000000240
 660 0.0063     0.0063     0.00311    0.000000240
 661 0.0067     0.0067     0.00309    0.000000240
 662 0.0072     0.0072     0.00307    0.000000240
 663 0.0076     0.0076     0.00305    0.000000240
 664 0.0081     0.0081     0.00303    0.000000240
 665 0.0084     0.0084     0.00301    0.000000240
 666 0.0090     0.0090     0.00299    0.000000240
 667 0.0093     0.0093     0.00297    0.000000240
 668 0.0096     0.0096     0.00296    0.000000240
 669 0.0099     0.0099     0.00295    0.000000240
 670 0.0103     0.0103     0.00294    0.000000240
 671 0.0105     0.0105     0.00293    0.000000240
 672 0.0107     0.0107     0.00293    0.000000240
 673 0.0108     0.0108     0.00293    0.000000240
 674 0.0108     0.0108     0.00293    0.000000240
 675 0.0109     0.0109     0.00294    0.000000240
 676 0.0108     0.0108     0.00294    0.000000240
 677 0.0108     0.0108     0.00295    0.000000240
 678 0.0107     0.0107     0.00297    0.000000240
 679 0.0106     0.0106     0.00298    0.000000240
 680 0.0104     0.0104     0.00299    0.000000240
 681 0.0102     0.0102     0.00300    0.000000240
 682 0.0099     0.0099     0.00301    0.000000240
 683 0.0098     0.0098     0.00303    0.000000240
 684 0.0095     0.0095     0.00304    0.000000240
 685 0.0092     0.0092     0.00305    0.000000240
 686 0.0087     0.0087     0.00306    0.000000240
 687 0.0084     0.0084     0.00307    0.000000240
 688 0.0078     0.0078     0.00308    0.000000240
 689 0.0074     0.0074     0.00309    0.000000240
 690 0.0066     0.0066     0.00309    0.000000240
 691 0.0061     0.0061     0.00310    0.000000240
 692 0.0056     0.0056     0.00310    0.000000240
 693 0.0052     0.0052     0.00310    0.000000240
 694 0.0045     0.0045     0.00310    0.000000240
 695 0.0041     0.0041     0.00310    0.000000240
 696 0.0036     0.0036     0.00309    0.000000240
 697 0.0031     0.0031     0.00309    0.000000240
 698 0.0027     0.0027     0.00308    0.000000240
 699 0.0024     0.0024     0.00308    0.000000240
 700 0.0022     0.0022     0.00307    0.000000240
*** Coccoli ***
 400 0.0195     0.0195     0.00665    0.000002516
 401 0.0199     0.0199     0.00663    0.000002516
 402 0.0198     0.0198     0.00662    0.000002516
 403 0.0201     0.0201     0.00660    0.000002516
 404 0.0204     0.0204     0.00659    0.000002516
 405 0.0206     0.0206     0.00657    0.000002516
 406 0.0209     0.0209     0.00656    0.000002516
 407 0.0209     0.0209     0.00655    0.000002516
 408 0.0213     0.0213     0.00653    0.000002516
 409 0.0215     0.0215     0.00652    0.000002516
 410 0.0217     0.0217     0.00651    0.000002516
 411 0.0217     0.0217     0.00650    0.000002516
 412 0.0222     0.0222     0.00649    0.000002516
 413 0.0222     0.0222     0.00648    0.000002516
 414 0.0224     0.0224     0.00648    0.000002516
 415 0.0227     0.0227     0.00647    0.000002516
 416 0.0226     0.0226     0.00647    0.000002516
 417 0.0227     0.0227     0.00647    0.000002516
 418 0.0228     0.0228     0.00646    0.000002516
 419 0.0230     0.0230     0.00646    0.000002516
 420 0.0232     0.0232     0.00645    0.000002516
 421 0.0230     0.0230     0.00645    0.000002516
 422 0.0232     0.0232     0.00644    0.000002516
 423 0.0230     0.0230     0.00644    0.000002516
 424 0.0234     0.0234     0.00643    0.000002516
 425 0.0236     0.0236     0.00643    0.000002516
 426 0.0236     0.0236     0.00642    0.000002516
 427 0.0238     0.0238     0.00641    0.000002516
 428 0.0240     0.0240     0.00640    0.000002516
 429 0.0239     0.0239     0.00639    0.000002516
 430 0.0244     0.0244     0.00638    0.000002516
 431 0.0247     0.0247     0.00638    0.000002516
 432 0.0248     0.0248     0.00637    0.000002516
 433 0.0252     0.0252     0.00636    0.000002516
 434 0.0253     0.0253     0.00635    0.000002516
 435 0.0257     0.0257     0.00635    0.000002516
 436 0.0258     0.0258     0.00635    0.000002516
 437 0.0260     0.0260     0.00634    0.000002516
 438 0.0260     0.0260     0.00634    0.000002516
 439 0.0262     0.0262     0.00634    0.000002516
 440 0.0261     0.0261     0.00634    0.000002516
 441 0.0260     0.0260     0.00635    0.000002516
 442 0.0258     0.0258     0.00635    0.000002516
 443 0.0259     0.0259     0.00636    0.000002516
 444 0.0261     0.0261     0.00637    0.000002516
 445 0.0259     0.0259     0.00638    0.000002516
 446 0.0257     0.0257     0.00639    0.000002516
 447 0.0254     0.0254     0.00640    0.000002516
 448 0.0255     0.0255     0.00642    0.000002516
 449 0.0253     0.0253     0.00644    0.000002516
 450 0.0253     0.0253     0.00645    0.000002516
 451 0.0254     0.0254     0.00646    0.000002516
 452 0.0254     0.0254     0.00648    0.000002516
 453 0.0255     0.0255     0.00649    0.000002516
 454 0.0255     0.0255     0.00650    0.000002516
 455 0.0255     0.0255     0.00651    0.000002516
 456 0.0258     0.0258     0.00652    0.000002516
 457 0.0257     0.0257     0.00653    0.000002516
 458 0.0259     0.0259     0.00654    0.000002516
 459 0.0260     0.0260     0.00655    0.000002516
 460 0.0261     0.0261     0.00655    0.000002516
 461 0.0262     0.0262     0.00656    0.000002516
 462 0.0262     0.0262     0.00657    0.000002516
 463 0.0261     0.0261     0.00658    0.000002516
 464 0.0263     0.0263     0.00659    0.000002516
 465 0.0264     0.0264     0.00660    0.000002516
 466 0.0263     0.0263     0.00661    0.000002516
 467 0.0263     0.0263     0.00663    0.000002516
 468 0.0262     0.0262     0.00664    0.000002516
 469 0.0263     0.0263     0.00666    0.000002516
 470 0.0260     0.0260     0.00667    0.000002516
 471 0.0259     0.0259     0.00669    0.000002516
 472 0.0259     0.0259     0.00671    0.000002516
 473 0.0257     0.0257     0.00673    0.000002516
 474 0.0255     0.0255     0.00675    0.000002516
 475 0.0253     0.0253     0.00677    0.000002516
 476 0.0251     0.0251     0.00679    0.000002516
 477 0.0249     0.0249     0.00681    0.000002516
 478 0.0247     0.0247     0.00684    0.000002516
 479 0.0243     0.0243     0.00687    0.000002516
 480 0.0239     0.0239     0.00690    0.000002516
 481 0.0237     0.0237     0.00694    0.000002516
 482 0.0233     0.0233     0.00698    0.000002516
 483 0.0229     0.0229     0.00703    0.000002516
 484 0.0226     0.0226     0.00708    0.000002516
 485 0.0221     0.0221     0.00711    0.000002516
 486 0.0219     0.0219     0.00715    0.000002516
 487 0.0215     0.0215     0.00719    0.000002516
 488 0.0210     0.0210     0.00723    0.000002516
 489 0.0206     0.0206     0.00727    0.000002516
 490 0.0204     0.0204     0.00731    0.000002516
 491 0.0198     0.0198     0.00734    0.000002516
 492 0.0196     0.0196     0.00738    0.000002516
 493 0.0192     0.0192     0.00742    0.000002516
 494 0.0190     0.0190     0.00746    0.000002516
 495 0.0186     0.0186     0.00749    0.000002516
 496 0.0182     0.0182     0.00752    0.000002516
 497 0.0180     0.0180     0.00756    0.000002516
 498 0.0177     0.0177     0.00760    0.000002516
 499 0.0175     0.0175     0.00763    0.000002516
 500 0.0173     0.0173     0.00766    0.000002516
 501 0.0170     0.0170     0.00768    0.000002516
 502 0.0167     0.0167     0.00771    0.000002516
 503 0.0166     0.0166     0.00774    0.000002516
 504 0.0163     0.0163     0.00777    0.000002516
 505 0.0161     0.0161     0.00779    0.000002516
 506 0.0159     0.0159     0.00781    0.000002516
 507 0.0157     0.0157     0.00783    0.000002516
 508 0.0156     0.0156     0.00785    0.000002516
 509 0.0153     0.0153     0.00786    0.000002516
 510 0.0153     0.0153     0.00788    0.000002516
 511 0.0150     0.0150     0.00789    0.000002516
 512 0.0149     0.0149     0.00790    0.000002516
 513 0.0147     0.0147     0.00792    0.000002516
 514 0.0145     0.0145     0.00793    0.000002516
 515 0.0143     0.0143     0.00794    0.000002516
 516 0.0142     0.0142     0.00795    0.000002516
 517 0.0139     0.0139     0.00797    0.000002516
 518 0.0139     0.0139     0.00799    0.000002516
 519 0.0138     0.0138     0.00801    0.000002516
 520 0.0136     0.0136     0.00802    0.000002516
 521 0.0133     0.0133     0.00804    0.000002516
 522 0.0133     0.0133     0.00806    0.000002516
 523 0.0130     0.0130     0.00808    0.000002516
 524 0.0127     0.0127     0.00810    0.000002516
 525 0.0126     0.0126     0.00811    0.000002516
 526 0.0125     0.0125     0.00813    0.000002516
 527 0.0123     0.0123     0.00815    0.000002516
 528 0.0120     0.0120     0.00817    0.000002516
 529 0.0117     0.0117     0.00819    0.000002516
 530 0.0117     0.0117     0.00820    0.000002516
 531 0.0114     0.0114     0.00822    0.000002516
 532 0.0111     0.0111     0.00823    0.000002516
 533 0.0110     0.0110     0.00824    0.000002516
 534 0.0108     0.0108     0.00826    0.000002516
 535 0.0104     0.0104     0.00827    0.000002516
 536 0.0103     0.0103     0.00828    0.000002516
 537 0.0099     0.0099     0.00829    0.000002516
 538 0.0098     0.0098     0.00830    0.000002516
 539 0.0096     0.0096     0.00831    0.000002516
 540 0.0094     0.0094     0.00832    0.000002516
 541 0.0091     0.0091     0.00833    0.000002516
 542 0.0089     0.0089     0.00834    0.000002516
 543 0.0088     0.0088     0.00835    0.000002516
 544 0.0084     0.0084     0.00835    0.000002516
 545 0.0081     0.0081     0.00836    0.000002516
 546 0.0080     0.0080     0.00837    0.000002516
 547 0.0078     0.0078     0.00838    0.000002516
 548 0.0075     0.0075     0.00839    0.000002516
 549 0.0074     0.0074     0.00839    0.000002516
 550 0.0072     0.0072     0.00840    0.000002516
 551 0.0070     0.0070     0.00841    0.000002516
 552 0.0067     0.0067     0.00841    0.000002516
 553 0.0065     0.0065     0.00842    0.000002516
 554 0.0063     0.0063     0.00843    0.000002516
 555 0.0062     0.0062     0.00844    0.000002516
 556 0.0059     0.0059     0.00844    0.000002516
 557 0.0057     0.0057     0.00845    0.000002516
 558 0.0056     0.0056     0.00845    0.000002516
 559 0.0055     0.0055     0.00846    0.000002516
 560 0.0055     0.0055     0.00846    0.000002516
 561 0.0052     0.0052     0.00846    0.000002516
 562 0.0051     0.0051     0.00847    0.000002516
 563 0.0052     0.0052     0.00847    0.000002516
 564 0.0050     0.0050     0.00847    0.000002516
 565 0.0050     0.0050     0.00847    0.000002516
 566 0.0049     0.0049     0.00847    0.000002516
 567 0.0047     0.0047     0.00847    0.000002516
 568 0.0048     0.0048     0.00846    0.000002516
 569 0.0047     0.0047     0.00846    0.000002516
 570 0.0048     0.0048     0.00846    0.000002516
 571 0.0048     0.0048     0.00845    0.000002516
 572 0.0048     0.0048     0.00845    0.000002516
 573 0.0048     0.0048     0.00844    0.000002516
 574 0.0050     0.0050     0.00843    0.000002516
 575 0.0050     0.0050     0.00842    0.000002516
 576 0.0049     0.0049     0.00841    0.000002516
 577 0.0050     0.0050     0.00840    0.000002516
 578 0.0050     0.0050     0.00839    0.000002516
 579 0.0053     0.0053     0.00838    0.000002516
 580 0.0053     0.0053     0.00837    0.000002516
 581 0.0057     0.0057     0.00835    0.000002516
 582 0.0056     0.0056     0.00834    0.000002516
 583 0.0059     0.0059     0.00832    0.000002516
 584 0.0058     0.0058     0.00831    0.000002516
 585 0.0059     0.0059     0.00830    0.000002516
 586 0.0061     0.0061     0.00828    0.000002516
 587 0.0063     0.0063     0.00827    0.000002516
 588 0.0062     0.0062     0.00826    0.000002516
 589 0.0062     0.0062     0.00825    0.000002516
 590 0.0062     0.0062     0.00824    0.000002516
 591 0.0063     0.0063     0.00823    0.000002516
 592 0.0063     0.0063     0.00822    0.000002516
 593 0.0062     0.0062     0.00821    0.000002516
 594 0.0062     0.0062     0.00821    0.000002516
 595 0.0061     0.0061     0.00821    0.000002516
 596 0.0059     0.0059     0.00820    0.000002516
 597 0.0058     0.0058     0.00820    0.000002516
 598 0.0058     0.0058     0.00820    0.000002516
 599 0.0056     0.0056     0.00820    0.000002516
 600 0.0055     0.0055     0.00820    0.000002516
 601 0.0053     0.0053     0.00820    0.000002516
 602 0.0053     0.0053     0.00821    0.000002516
 603 0.0051     0.0051     0.00821    0.000002516
 604 0.0050     0.0050     0.00822    0.000002516
 605 0.0049     0.0049     0.00823    0.000002516
 606 0.0048     0.0048     0.00823    0.000002516
 607 0.0047     0.0047     0.00822    0.000002516
 608 0.0046     0.0046     0.00821    0.000002516
 609 0.0047     0.0047     0.00820    0.000002516
 610 0.0047     0.0047     0.00820    0.000002516
 611 0.0048     0.0048     0.00819    0.000002516
 612 0.0048     0.0048     0.00818    0.000002516
 613 0.0049     0.0049     0.00816    0.000002516
 614 0.0049     0.0049     0.00815    0.000002516
 615 0.0049     0.0049     0.00815    0.000002516
 616 0.0049     0.0049     0.00814    0.000002516
 617 0.0049     0.0049     0.00813    0.000002516
 618 0.0050     0.0050     0.00812    0.000002516
 619 0.0053     0.0053     0.00811    0.000002516
 620 0.0052     0.0052     0.00810    0.000002516
 621 0.0052     0.0052     0.00809    0.000002516
 622 0.0054     0.0054     0.00808    0.000002516
 623 0.0054     0.0054     0.00807    0.000002516
 624 0.0055     0.0055     0.00805    0.000002516
 625 0.0053     0.0053     0.00804    0.000002516
 626 0.0055     0.0055     0.00803    0.000002516
 627 0.0055     0.0055     0.00801    0.000002516
 628 0.0059     0.0059     0.00799    0.000002516
 629 0.0060     0.0060     0.00798    0.000002516
 630 0.0060     0.0060     0.00797    0.000002516
 631 0.0061     0.0061     0.00796    0.000002516
 632 0.0064     0.0064     0.00794    0.000002516
 633 0.0064     0.0064     0.00793    0.000002516
 634 0.0065     0.0065     0.00792    0.000002516
 635 0.0067     0.0067     0.00791    0.000002516
 636 0.0067     0.0067     0.00791    0.000002516
 637 0.0067     0.0067     0.00790    0.000002516
 638 0.0067     0.0067     0.00790    0.000002516
 639 0.0067     0.0067     0.00790    0.000002516
 640 0.0067     0.0067     0.00790    0.000002516
 641 0.0066     0.0066     0.00789    0.000002516
 642 0.0065     0.0065     0.00789    0.000002516
 643 0.0064     0.0064     0.00788    0.000002516
 644 0.0062     0.0062     0.00788    0.000002516
 645 0.0059     0.0059     0.00787    0.000002516
 646 0.0059     0.0059     0.00786    0.000002516
 647 0.0057     0.0057     0.00785    0.000002516
 648 0.0055     0.0055     0.00784    0.000002516
 649 0.0054     0.0054     0.00782    0.000002516
 650 0.0055     0.0055     0.00781    0.000002516
 651 0.0054     0.0054     0.00778    0.000002516
 652 0.0053     0.0053     0.00776    0.000002516
 653 0.0055     0.0055     0.00773    0.000002516
 654 0.0055     0.0055     0.00770    0.000002516
 655 0.0055     0.0055     0.00768    0.000002516
 656 0.0058     0.0058     0.00765    0.000002516
 657 0.0061     0.0061     0.00761    0.000002516
 658 0.0064     0.0064     0.00758    0.000002516
 659 0.0069     0.0069     0.00754    0.000002516
 660 0.0075     0.0075     0.00751    0.000002516
 661 0.0081     0.0081     0.00747    0.000002516
 662 0.0087     0.0087     0.00742    0.000002516
 663 0.0097     0.0097     0.00737    0.000002516
 664 0.0102     0.0102     0.00732    0.000002516
 665 0.0111     0.0111     0.00728    0.000002516
 666 0.0123     0.0123     0.00724    0.000002516
 667 0.0129     0.0129     0.00720    0.000002516
 668 0.0137     0.0137     0.00716    0.000002516
 669 0.0143     0.0143     0.00712    0.000002516
 670 0.0149     0.0149     0.00710    0.000002516
 671 0.0153     0.0153     0.00709    0.000002516
 672 0.0157     0.0157     0.00708    0.000002516
 673 0.0160     0.0160     0.00708    0.000002516
 674 0.0159     0.0159     0.00709    0.000002516
 675 0.0156     0.0156     0.00711    0.000002516
 676 0.0158     0.0158     0.00714    0.000002516
 677 0.0152     0.0152     0.00718    0.000002516
 678 0.0150     0.0150     0.00723    0.000002516
 679 0.0147     0.0147     0.00728    0.000002516
 680 0.0142     0.0142     0.00734    0.000002516
 681 0.0136     0.0136     0.00740    0.000002516
 682 0.0128     0.0128     0.00747    0.000002516
 683 0.0121     0.0121     0.00755    0.000002516
 684 0.0113     0.0113     0.00762    0.000002516
 685 0.0104     0.0104     0.00768    0.000002516
 686 0.0092     0.0092     0.00774    0.000002516
 687 0.0084     0.0084     0.00780    0.000002516
 688 0.0074     0.0074     0.00786    0.000002516
 689 0.0066     0.0066     0.00791    0.000002516
 690 0.0057     0.0057     0.00794    0.000002516
 691 0.0048     0.0048     0.00796    0.000002516
 692 0.0043     0.0043     0.00797    0.000002516
 693 0.0036     0.0036     0.00798    0.000002516
 694 0.0030     0.0030     0.00798    0.000002516
 695 0.0026     0.0026     0.00798    0.000002516
 696 0.0023     0.0023     0.00797    0.000002516
 697 0.0019     0.0019     0.00797    0.000002516
 698 0.0018     0.0018     0.00796    0.000002516
 699 0.0013     0.0013     0.00796    0.000002516
 700 0.0014     0.0014     0.00795    0.000002516
*** Tricho ***
 400 0.0249     0.0187     0.01752    0.000051850
 401 0.0252     0.0187     0.01748    0.000051850
 402 0.0256     0.0188     0.01745    0.000051850
 403 0.0258     0.0187     0.01741    0.000051850
 404 0.0260     0.0187     0.01738    0.000051850
 405 0.0261     0.0186     0.01734    0.000051850
 406 0.0261     0.0186     0.01730    0.000051850
 407 0.0266     0.0188     0.01727    0.000051850
 408 0.0271     0.0191     0.01723    0.000051850
 409 0.0276     0.0195     0.01720    0.000051850
 410 0.0280     0.0198     0.01716    0.000051850
 411 0.0287     0.0203     0.01712    0.000051850
 412 0.0295     0.0208     0.01709    0.000051850
 413 0.0298     0.0210     0.01705    0.000051850
 414 0.0302     0.0213     0.01702    0.000051850
 415 0.0304     0.0214     0.01698    0.000051850
 416 0.0306     0.0215     0.01694    0.000051850
 417 0.0306     0.0214     0.01691    0.000051850
 418 0.0306     0.0212     0.01687    0.000051850
 419 0.0308     0.0213     0.01684    0.000051850
 420 0.0311     0.0213     0.01680    0.000051850
 421 0.0314     0.0212     0.01677    0.000051850
 422 0.0316     0.0211     0.01673    0.000051850
 423 0.0321     0.0211     0.01669    0.000051850
 424 0.0325     0.0212     0.01666    0.000051850
 425 0.0328     0.0210     0.01662    0.000051850
 426 0.0330     0.0208     0.01659    0.000051850
 427 0.0333     0.0208     0.01655    0.000051850
 428 0.0336     0.0208     0.01651    0.000051850
 429 0.0339     0.0209     0.01648    0.000051850
 430 0.0342     0.0209     0.01644    0.000051850
 431 0.0343     0.0210     0.01641    0.000051850
 432 0.0343     0.0211     0.01637    0.000051850
 433 0.0343     0.0213     0.01633    0.000051850
 434 0.0343     0.0214     0.01630    0.000051850
 435 0.0342     0.0215     0.01626    0.000051850
 436 0.0341     0.0216     0.01623    0.000051850
 437 0.0340     0.0217     0.01619    0.000051850
 438 0.0339     0.0217     0.01615    0.000051850
 439 0.0335     0.0214     0.01612    0.000051850
 440 0.0331     0.0212     0.01608    0.000051850
 441 0.0325     0.0206     0.01605    0.000051850
 442 0.0319     0.0200     0.01601    0.000051850
 443 0.0311     0.0191     0.01598    0.000051850
 444 0.0303     0.0182     0.01594    0.000051850
 445 0.0298     0.0172     0.01590    0.000051850
 446 0.0293     0.0162     0.01587    0.000051850
 447 0.0288     0.0150     0.01583    0.000051850
 448 0.0283     0.0138     0.01580    0.000051850
 449 0.0280     0.0126     0.01576    0.000051850
 450 0.0276     0.0114     0.01572    0.000051850
 451 0.0273     0.0102     0.01569    0.000051850
 452 0.0270     0.0089     0.01565    0.000051850
 453 0.0266     0.0078     0.01562    0.000051850
 454 0.0263     0.0068     0.01558    0.000051850
 455 0.0261     0.0060     0.01554    0.000051850
 456 0.0259     0.0053     0.01551    0.000051850
 457 0.0258     0.0047     0.01547    0.000051850
 458 0.0256     0.0042     0.01544    0.000051850
 459 0.0255     0.0038     0.01540    0.000051850
 460 0.0255     0.0035     0.01536    0.000051850
 461 0.0254     0.0033     0.01533    0.000051850
 462 0.0252     0.0031     0.01529    0.000051850
 463 0.0251     0.0031     0.01526    0.000051850
 464 0.0250     0.0030     0.01522    0.000051850
 465 0.0247     0.0030     0.01519    0.000051850
 466 0.0245     0.0031     0.01515    0.000051850
 467 0.0244     0.0032     0.01511    0.000051850
 468 0.0242     0.0032     0.01508    0.000051850
 469 0.0239     0.0033     0.01504    0.000051850
 470 0.0237     0.0033     0.01501    0.000051850
 471 0.0236     0.0035     0.01497    0.000051850
 472 0.0234     0.0036     0.01493    0.000051850
 473 0.0233     0.0037     0.01490    0.000051850
 474 0.0231     0.0038     0.01486    0.000051850
 475 0.0230     0.0039     0.01483    0.000051850
 476 0.0230     0.0041     0.01479    0.000051850
 477 0.0229     0.0042     0.01475    0.000051850
 478 0.0229     0.0043     0.01472    0.000051850
 479 0.0229     0.0045     0.01468    0.000051850
 480 0.0229     0.0047     0.01465    0.000051850
 481 0.0229     0.0049     0.01461    0.000051850
 482 0.0229     0.0051     0.01457    0.000051850
 483 0.0229     0.0053     0.01454    0.000051850
 484 0.0229     0.0054     0.01450    0.000051850
 485 0.0229     0.0055     0.01447    0.000051850
 486 0.0228     0.0056     0.01443    0.000051850
 487 0.0228     0.0057     0.01440    0.000051850
 488 0.0229     0.0059     0.01436    0.000051850
 489 0.0228     0.0061     0.01436    0.000051850
 490 0.0228     0.0063     0.01437    0.000051850
 491 0.0226     0.0064     0.01437    0.000051850
 492 0.0225     0.0065     0.01438    0.000051850
 493 0.0222     0.0065     0.01438    0.000051850
 494 0.0219     0.0066     0.01439    0.000051850
 495 0.0215     0.0065     0.01439    0.000051850
 496 0.0211     0.0064     0.01440    0.000051850
 497 0.0206     0.0064     0.01440    0.000051850
 498 0.0202     0.0064     0.01441    0.000051850
 499 0.0196     0.0063     0.01441    0.000051850
 500 0.0191     0.0063     0.01442    0.000051850
 501 0.0185     0.0062     0.01442    0.000051850
 502 0.0179     0.0062     0.01443    0.000051850
 503 0.0173     0.0061     0.01443    0.000051850
 504 0.0167     0.0061     0.01444    0.000051850
 505 0.0162     0.0061     0.01444    0.000051850
 506 0.0157     0.0062     0.01444    0.000051850
 507 0.0154     0.0064     0.01445    0.000051850
 508 0.0151     0.0065     0.01445    0.000051850
 509 0.0148     0.0067     0.01446    0.000051850
 510 0.0146     0.0069     0.01446    0.000051850
 511 0.0144     0.0071     0.01440    0.000051850
 512 0.0141     0.0074     0.01434    0.000051850
 513 0.0140     0.0077     0.01427    0.000051850
 514 0.0138     0.0080     0.01421    0.000051850
 515 0.0136     0.0083     0.01414    0.000051850
 516 0.0135     0.0086     0.01408    0.000051850
 517 0.0134     0.0090     0.01402    0.000051850
 518 0.0133     0.0093     0.01395    0.000051850
 519 0.0133     0.0096     0.01389    0.000051850
 520 0.0132     0.0099     0.01382    0.000051850
 521 0.0132     0.0102     0.01376    0.000051850
 522 0.0131     0.0105     0.01369    0.000051850
 523 0.0131     0.0107     0.01363    0.000051850
 524 0.0130     0.0109     0.01357    0.000051850
 525 0.0129     0.0111     0.01350    0.000051850
 526 0.0129     0.0113     0.01344    0.000051850
 527 0.0128     0.0115     0.01337    0.000051850
 528 0.0128     0.0116     0.01331    0.000051850
 529 0.0128     0.0117     0.01325    0.000051850
 530 0.0127     0.0118     0.01318    0.000051850
 531 0.0127     0.0119     0.01312    0.000051850
 532 0.0126     0.0119     0.01305    0.000051850
 533 0.0125     0.0119     0.01299    0.000051850
 534 0.0124     0.0119     0.01293    0.000051850
 535 0.0124     0.0119     0.01286    0.000051850
 536 0.0123     0.0119     0.01280    0.000051850
 537 0.0122     0.0119     0.01273    0.000051850
 538 0.0122     0.0119     0.01267    0.000051850
 539 0.0122     0.0120     0.01261    0.000051850
 540 0.0123     0.0120     0.01254    0.000051850
 541 0.0122     0.0120     0.01248    0.000051850
 542 0.0121     0.0119     0.01241    0.000051850
 543 0.0120     0.0119     0.01235    0.000051850
 544 0.0120     0.0119     0.01229    0.000051850
 545 0.0118     0.0117     0.01222    0.000051850
 546 0.0116     0.0115     0.01216    0.000051850
 547 0.0115     0.0114     0.01209    0.000051850
 548 0.0114     0.0113     0.01203    0.000051850
 549 0.0112     0.0111     0.01197    0.000051850
 550 0.0109     0.0109     0.01190    0.000051850
 551 0.0108     0.0107     0.01190    0.000051850
 552 0.0106     0.0106     0.01189    0.000051850
 553 0.0105     0.0105     0.01189    0.000051850
 554 0.0104     0.0104     0.01189    0.000051850
 555 0.0104     0.0104     0.01188    0.000051850
 556 0.0103     0.0103     0.01188    0.000051850
 557 0.0104     0.0104     0.01188    0.000051850
 558 0.0104     0.0104     0.01187    0.000051850
 559 0.0103     0.0103     0.01187    0.000051850
 560 0.0103     0.0103     0.01187    0.000051850
 561 0.0104     0.0104     0.01186    0.000051850
 562 0.0104     0.0104     0.01186    0.000051850
 563 0.0103     0.0103     0.01186    0.000051850
 564 0.0102     0.0102     0.01185    0.000051850
 565 0.0102     0.0102     0.01185    0.000051850
 566 0.0101     0.0101     0.01185    0.000051850
 567 0.0098     0.0098     0.01184    0.000051850
 568 0.0096     0.0096     0.01184    0.000051850
 569 0.0094     0.0094     0.01184    0.000051850
 570 0.0091     0.0091     0.01183    0.000051850
 571 0.0089     0.0089     0.01183    0.000051850
 572 0.0087     0.0087     0.01183    0.000051850
 573 0.0086     0.0086     0.01182    0.000051850
 574 0.0085     0.0085     0.01182    0.000051850
 575 0.0084     0.0084     0.01182    0.000051850
 576 0.0083     0.0083     0.01181    0.000051850
 577 0.0082     0.0082     0.01181    0.000051850
 578 0.0080     0.0080     0.01181    0.000051850
 579 0.0079     0.0079     0.01180    0.000051850
 580 0.0077     0.0077     0.01180    0.000051850
 581 0.0076     0.0076     0.01180    0.000051850
 582 0.0075     0.0075     0.01179    0.000051850
 583 0.0074     0.0074     0.01179    0.000051850
 584 0.0074     0.0074     0.01179    0.000051850
 585 0.0074     0.0074     0.01178    0.000051850
 586 0.0074     0.0074     0.01178    0.000051850
 587 0.0074     0.0074     0.01178    0.000051850
 588 0.0074     0.0074     0.01177    0.000051850
 589 0.0074     0.0074     0.01177    0.000051850
 590 0.0073     0.0073     0.01177    0.000051850
 591 0.0073     0.0073     0.01176    0.000051850
 592 0.0073     0.0073     0.01176    0.000051850
 593 0.0073     0.0073     0.01176    0.000051850
 594 0.0073     0.0073     0.01175    0.000051850
 595 0.0074     0.0074     0.01175    0.000051850
 596 0.0074     0.0074     0.01175    0.000051850
 597 0.0075     0.0075     0.01174    0.000051850
 598 0.0076     0.0076     0.01174    0.000051850
 599 0.0076     0.0076     0.01174    0.000051850
 600 0.0077     0.0077     0.01173    0.000051850
 601 0.0077     0.0077     0.01173    0.000051850
 602 0.0078     0.0078     0.01173    0.000051850
 603 0.0078     0.0078     0.01172    0.000051850
 604 0.0079     0.0079     0.01172    0.000051850
 605 0.0080     0.0080     0.01172    0.000051850
 606 0.0080     0.0080     0.01171    0.000051850
 607 0.0081     0.0081     0.01171    0.000051850
 608 0.0082     0.0082     0.01171    0.000051850
 609 0.0083     0.0083     0.01170    0.000051850
 610 0.0084     0.0084     0.01170    0.000051850
 611 0.0085     0.0085     0.01170    0.000051850
 612 0.0087     0.0087     0.01169    0.000051850
 613 0.0088     0.0088     0.01169    0.000051850
 614 0.0089     0.0089     0.01169    0.000051850
 615 0.0090     0.0090     0.01168    0.000051850
 616 0.0090     0.0090     0.01168    0.000051850
 617 0.0090     0.0090     0.01168    0.000051850
 618 0.0091     0.0091     0.01167    0.000051850
 619 0.0091     0.0091     0.01167    0.000051850
 620 0.0092     0.0092     0.01167    0.000051850
 621 0.0092     0.0092     0.01163    0.000051850
 622 0.0093     0.0093     0.01159    0.000051850
 623 0.0093     0.0093     0.01156    0.000051850
 624 0.0093     0.0093     0.01152    0.000051850
 625 0.0093     0.0093     0.01148    0.000051850
 626 0.0093     0.0093     0.01145    0.000051850
 627 0.0093     0.0093     0.01141    0.000051850
 628 0.0093     0.0093     0.01138    0.000051850
 629 0.0092     0.0092     0.01134    0.000051850
 630 0.0092     0.0092     0.01130    0.000051850
 631 0.0091     0.0091     0.01127    0.000051850
 632 0.0091     0.0091     0.01123    0.000051850
 633 0.0091     0.0091     0.01119    0.000051850
 634 0.0090     0.0090     0.01116    0.000051850
 635 0.0090     0.0090     0.01112    0.000051850
 636 0.0090     0.0090     0.01108    0.000051850
 637 0.0090     0.0090     0.01105    0.000051850
 638 0.0089     0.0089     0.01101    0.000051850
 639 0.0089     0.0089     0.01097    0.000051850
 640 0.0089     0.0089     0.01094    0.000051850
 641 0.0090     0.0090     0.01090    0.000051850
 642 0.0090     0.0090     0.01086    0.000051850
 643 0.0091     0.0091     0.01083    0.000051850
 644 0.0092     0.0092     0.01079    0.000051850
 645 0.0093     0.0093     0.01076    0.000051850
 646 0.0094     0.0094     0.01072    0.000051850
 647 0.0096     0.0096     0.01068    0.000051850
 648 0.0098     0.0098     0.01065    0.000051850
 649 0.0101     0.0101     0.01061    0.000051850
 650 0.0103     0.0103     0.01057    0.000051850
 651 0.0106     0.0106     0.01054    0.000051850
 652 0.0109     0.0109     0.01050    0.000051850
 653 0.0113     0.0113     0.01046    0.000051850
 654 0.0116     0.0116     0.01043    0.000051850
 655 0.0120     0.0120     0.01039    0.000051850
 656 0.0124     0.0124     0.01035    0.000051850
 657 0.0130     0.0130     0.01032    0.000051850
 658 0.0135     0.0135     0.01028    0.000051850
 659 0.0140     0.0140     0.01024    0.000051850
 660 0.0145     0.0145     0.01021    0.000051850
 661 0.0151     0.0151     0.01017    0.000051850
 662 0.0156     0.0156     0.01014    0.000051850
 663 0.0162     0.0162     0.01010    0.000051850
 664 0.0167     0.0167     0.01006    0.000051850
 665 0.0171     0.0171     0.01003    0.000051850
 666 0.0176     0.0176     0.00999    0.000051850
 667 0.0180     0.0180     0.00995    0.000051850
 668 0.0183     0.0183     0.00992    0.000051850
 669 0.0186     0.0186     0.00988    0.000051850
 670 0.0189     0.0189     0.00984    0.000051850
 671 0.0191     0.0191     0.00981    0.000051850
 672 0.0193     0.0193     0.00977    0.000051850
 673 0.0193     0.0193     0.00973    0.000051850
 674 0.0194     0.0194     0.00970    0.000051850
 675 0.0193     0.0193     0.00966    0.000051850
 676 0.0192     0.0192     0.00962    0.000051850
 677 0.0188     0.0188     0.00959    0.000051850
 678 0.0184     0.0184     0.00955    0.000051850
 679 0.0178     0.0178     0.00952    0.000051850
 680 0.0172     0.0172     0.00948    0.000051850
 681 0.0163     0.0163     0.00944    0.000051850
 682 0.0155     0.0155     0.00941    0.000051850
 683 0.0146     0.0146     0.00937    0.000051850
 684 0.0137     0.0137     0.00933    0.000051850
 685 0.0127     0.0127     0.00930    0.000051850
 686 0.0117     0.0117     0.00926    0.000051850
 687 0.0108     0.0108     0.00922    0.000051850
 688 0.0100     0.0100     0.00919    0.000051850
 689 0.0091     0.0091     0.00915    0.000051850
 690 0.0083     0.0083     0.00911    0.000051850
 691 0.0076     0.0076     0.00908    0.000051850
 692 0.0070     0.0070     0.00904    0.000051850
 693 0.0064     0.0064     0.00901    0.000051850
 694 0.0058     0.0058     0.00897    0.000051850
 695 0.0054     0.0054     0.00893    0.000051850
 696 0.0050     0.0050     0.00890    0.000051850
 697 0.0047     0.0047     0.00886    0.000051850
 698 0.0043     0.0043     0.00882    0.000051850
 699 0.0040     0.0040     0.00879    0.000051850
 700 0.0037     0.0037     0.00875    0.000051850
*** n2unicell ***
 400 0.0292     0.0217     0.00799    0.000013127
 401 0.0297     0.0217     0.00794    0.000013127
 402 0.0299     0.0216     0.00789    0.000013127
 403 0.0307     0.0219     0.00785    0.000013127
 404 0.0312     0.0221     0.00781    0.000013127
 405 0.0318     0.0223     0.00776    0.000013127
 406 0.0322     0.0224     0.00772    0.000013127
 407 0.0329     0.0228     0.00768    0.000013127
 408 0.0334     0.0230     0.00763    0.000013127
 409 0.0339     0.0233     0.00759    0.000013127
 410 0.0345     0.0237     0.00756    0.000013127
 411 0.0353     0.0242     0.00752    0.000013127
 412 0.0358     0.0244     0.00748    0.000013127
 413 0.0364     0.0248     0.00744    0.000013127
 414 0.0368     0.0250     0.00741    0.000013127
 415 0.0371     0.0252     0.00737    0.000013127
 416 0.0375     0.0254     0.00734    0.000013127
 417 0.0380     0.0255     0.00731    0.000013127
 418 0.0387     0.0258     0.00728    0.000013127
 419 0.0389     0.0257     0.00725    0.000013127
 420 0.0394     0.0258     0.00722    0.000013127
 421 0.0394     0.0255     0.00720    0.000013127
 422 0.0398     0.0254     0.00717    0.000013127
 423 0.0400     0.0252     0.00714    0.000013127
 424 0.0404     0.0250     0.00711    0.000013127
 425 0.0407     0.0248     0.00709    0.000013127
 426 0.0412     0.0247     0.00706    0.000013127
 427 0.0411     0.0244     0.00704    0.000013127
 428 0.0416     0.0244     0.00701    0.000013127
 429 0.0419     0.0244     0.00699    0.000013127
 430 0.0426     0.0247     0.00697    0.000013127
 431 0.0427     0.0248     0.00695    0.000013127
 432 0.0431     0.0250     0.00693    0.000013127
 433 0.0433     0.0253     0.00691    0.000013127
 434 0.0437     0.0257     0.00690    0.000013127
 435 0.0438     0.0260     0.00689    0.000013127
 436 0.0440     0.0263     0.00688    0.000013127
 437 0.0438     0.0263     0.00687    0.000013127
 438 0.0440     0.0266     0.00686    0.000013127
 439 0.0436     0.0263     0.00686    0.000013127
 440 0.0436     0.0263     0.00685    0.000013127
 441 0.0432     0.0258     0.00685    0.000013127
 442 0.0427     0.0252     0.00685    0.000013127
 443 0.0421     0.0243     0.00685    0.000013127
 444 0.0416     0.0234     0.00685    0.000013127
 445 0.0409     0.0221     0.00685    0.000013127
 446 0.0399     0.0207     0.00685    0.000013127
 447 0.0392     0.0192     0.00684    0.000013127
 448 0.0385     0.0176     0.00684    0.000013127
 449 0.0375     0.0159     0.00683    0.000013127
 450 0.0371     0.0144     0.00681    0.000013127
 451 0.0366     0.0130     0.00680    0.000013127
 452 0.0360     0.0115     0.00678    0.000013127
 453 0.0355     0.0103     0.00676    0.000013127
 454 0.0350     0.0090     0.00673    0.000013127
 455 0.0348     0.0082     0.00671    0.000013127
 456 0.0344     0.0074     0.00668    0.000013127
 457 0.0343     0.0069     0.00665    0.000013127
 458 0.0340     0.0062     0.00662    0.000013127
 459 0.0338     0.0059     0.00659    0.000013127
 460 0.0336     0.0055     0.00656    0.000013127
 461 0.0335     0.0054     0.00653    0.000013127
 462 0.0332     0.0052     0.00650    0.000013127
 463 0.0329     0.0052     0.00647    0.000013127
 464 0.0327     0.0052     0.00644    0.000013127
 465 0.0325     0.0053     0.00642    0.000013127
 466 0.0321     0.0053     0.00639    0.000013127
 467 0.0319     0.0055     0.00637    0.000013127
 468 0.0316     0.0057     0.00634    0.000013127
 469 0.0313     0.0058     0.00632    0.000013127
 470 0.0309     0.0058     0.00630    0.000013127
 471 0.0306     0.0060     0.00628    0.000013127
 472 0.0304     0.0062     0.00626    0.000013127
 473 0.0301     0.0064     0.00623    0.000013127
 474 0.0298     0.0066     0.00621    0.000013127
 475 0.0296     0.0068     0.00618    0.000013127
 476 0.0294     0.0070     0.00616    0.000013127
 477 0.0293     0.0072     0.00614    0.000013127
 478 0.0292     0.0074     0.00611    0.000013127
 479 0.0291     0.0076     0.00609    0.000013127
 480 0.0291     0.0079     0.00606    0.000013127
 481 0.0291     0.0081     0.00603    0.000013127
 482 0.0292     0.0083     0.00600    0.000013127
 483 0.0295     0.0087     0.00597    0.000013127
 484 0.0296     0.0088     0.00594    0.000013127
 485 0.0299     0.0090     0.00592    0.000013127
 486 0.0303     0.0092     0.00590    0.000013127
 487 0.0305     0.0096     0.00588    0.000013127
 488 0.0309     0.0100     0.00586    0.000013127
 489 0.0311     0.0106     0.00584    0.000013127
 490 0.0315     0.0112     0.00583    0.000013127
 491 0.0317     0.0117     0.00582    0.000013127
 492 0.0320     0.0122     0.00581    0.000013127
 493 0.0322     0.0126     0.00581    0.000013127
 494 0.0324     0.0131     0.00580    0.000013127
 495 0.0324     0.0134     0.00580    0.000013127
 496 0.0324     0.0137     0.00581    0.000013127
 497 0.0323     0.0140     0.00581    0.000013127
 498 0.0321     0.0144     0.00581    0.000013127
 499 0.0318     0.0146     0.00581    0.000013127
 500 0.0315     0.0148     0.00581    0.000013127
 501 0.0311     0.0151     0.00581    0.000013127
 502 0.0308     0.0154     0.00580    0.000013127
 503 0.0304     0.0156     0.00580    0.000013127
 504 0.0299     0.0159     0.00579    0.000013127
 505 0.0294     0.0161     0.00578    0.000013127
 506 0.0291     0.0165     0.00577    0.000013127
 507 0.0286     0.0167     0.00575    0.000013127
 508 0.0282     0.0171     0.00574    0.000013127
 509 0.0278     0.0174     0.00572    0.000013127
 510 0.0275     0.0178     0.00570    0.000013127
 511 0.0270     0.0181     0.00568    0.000013127
 512 0.0268     0.0186     0.00566    0.000013127
 513 0.0263     0.0189     0.00564    0.000013127
 514 0.0262     0.0194     0.00561    0.000013127
 515 0.0259     0.0198     0.00559    0.000013127
 516 0.0258     0.0203     0.00557    0.000013127
 517 0.0255     0.0205     0.00554    0.000013127
 518 0.0254     0.0210     0.00552    0.000013127
 519 0.0252     0.0213     0.00549    0.000013127
 520 0.0253     0.0218     0.00547    0.000013127
 521 0.0252     0.0221     0.00544    0.000013127
 522 0.0253     0.0226     0.00541    0.000013127
 523 0.0254     0.0230     0.00539    0.000013127
 524 0.0255     0.0234     0.00536    0.000013127
 525 0.0257     0.0238     0.00533    0.000013127
 526 0.0259     0.0243     0.00531    0.000013127
 527 0.0263     0.0249     0.00528    0.000013127
 528 0.0266     0.0253     0.00525    0.000013127
 529 0.0268     0.0257     0.00523    0.000013127
 530 0.0273     0.0262     0.00520    0.000013127
 531 0.0277     0.0268     0.00518    0.000013127
 532 0.0282     0.0274     0.00516    0.000013127
 533 0.0286     0.0279     0.00513    0.000013127
 534 0.0290     0.0284     0.00511    0.000013127
 535 0.0294     0.0289     0.00509    0.000013127
 536 0.0300     0.0296     0.00508    0.000013127
 537 0.0304     0.0300     0.00506    0.000013127
 538 0.0308     0.0305     0.00504    0.000013127
 539 0.0311     0.0308     0.00502    0.000013127
 540 0.0316     0.0313     0.00501    0.000013127
 541 0.0318     0.0315     0.00499    0.000013127
 542 0.0320     0.0318     0.00498    0.000013127
 543 0.0322     0.0320     0.00496    0.000013127
 544 0.0323     0.0322     0.00495    0.000013127
 545 0.0325     0.0324     0.00494    0.000013127
 546 0.0324     0.0323     0.00494    0.000013127
 547 0.0324     0.0323     0.00493    0.000013127
 548 0.0321     0.0320     0.00492    0.000013127
 549 0.0318     0.0317     0.00492    0.000013127
 550 0.0314     0.0314     0.00491    0.000013127
 551 0.0310     0.0309     0.00491    0.000013127
 552 0.0304     0.0303     0.00491    0.000013127
 553 0.0296     0.0296     0.00490    0.000013127
 554 0.0288     0.0288     0.00490    0.000013127
 555 0.0279     0.0279     0.00490    0.000013127
 556 0.0270     0.0270     0.00489    0.000013127
 557 0.0260     0.0260     0.00489    0.000013127
 558 0.0249     0.0249     0.00488    0.000013127
 559 0.0239     0.0239     0.00487    0.000013127
 560 0.0229     0.0229     0.00486    0.000013127
 561 0.0221     0.0221     0.00485    0.000013127
 562 0.0212     0.0212     0.00485    0.000013127
 563 0.0205     0.0205     0.00484    0.000013127
 564 0.0197     0.0197     0.00483    0.000013127
 565 0.0191     0.0191     0.00482    0.000013127
 566 0.0185     0.0185     0.00481    0.000013127
 567 0.0179     0.0179     0.00480    0.000013127
 568 0.0175     0.0175     0.00479    0.000013127
 569 0.0170     0.0170     0.00477    0.000013127
 570 0.0164     0.0164     0.00476    0.000013127
 571 0.0159     0.0159     0.00475    0.000013127
 572 0.0153     0.0153     0.00474    0.000013127
 573 0.0147     0.0147     0.00473    0.000013127
 574 0.0140     0.0140     0.00472    0.000013127
 575 0.0134     0.0134     0.00471    0.000013127
 576 0.0127     0.0127     0.00469    0.000013127
 577 0.0120     0.0120     0.00468    0.000013127
 578 0.0115     0.0115     0.00466    0.000013127
 579 0.0108     0.0108     0.00464    0.000013127
 580 0.0102     0.0102     0.00462    0.000013127
 581 0.0097     0.0097     0.00460    0.000013127
 582 0.0093     0.0093     0.00458    0.000013127
 583 0.0089     0.0089     0.00456    0.000013127
 584 0.0085     0.0085     0.00453    0.000013127
 585 0.0082     0.0082     0.00451    0.000013127
 586 0.0079     0.0079     0.00449    0.000013127
 587 0.0075     0.0075     0.00447    0.000013127
 588 0.0074     0.0074     0.00444    0.000013127
 589 0.0072     0.0072     0.00442    0.000013127
 590 0.0070     0.0070     0.00440    0.000013127
 591 0.0069     0.0069     0.00438    0.000013127
 592 0.0068     0.0068     0.00435    0.000013127
 593 0.0066     0.0066     0.00433    0.000013127
 594 0.0066     0.0066     0.00431    0.000013127
 595 0.0064     0.0064     0.00429    0.000013127
 596 0.0064     0.0064     0.00427    0.000013127
 597 0.0062     0.0062     0.00425    0.000013127
 598 0.0062     0.0062     0.00422    0.000013127
 599 0.0063     0.0063     0.00421    0.000013127
 600 0.0061     0.0061     0.00419    0.000013127
 601 0.0062     0.0062     0.00417    0.000013127
 602 0.0062     0.0062     0.00415    0.000013127
 603 0.0061     0.0061     0.00413    0.000013127
 604 0.0062     0.0062     0.00411    0.000013127
 605 0.0062     0.0062     0.00409    0.000013127
 606 0.0062     0.0062     0.00407    0.000013127
 607 0.0062     0.0062     0.00405    0.000013127
 608 0.0063     0.0063     0.00403    0.000013127
 609 0.0063     0.0063     0.00402    0.000013127
 610 0.0063     0.0063     0.00400    0.000013127
 611 0.0064     0.0064     0.00398    0.000013127
 612 0.0065     0.0065     0.00397    0.000013127
 613 0.0065     0.0065     0.00395    0.000013127
 614 0.0066     0.0066     0.00393    0.000013127
 615 0.0067     0.0067     0.00392    0.000013127
 616 0.0067     0.0067     0.00390    0.000013127
 617 0.0068     0.0068     0.00389    0.000013127
 618 0.0069     0.0069     0.00387    0.000013127
 619 0.0069     0.0069     0.00385    0.000013127
 620 0.0070     0.0070     0.00384    0.000013127
 621 0.0070     0.0070     0.00383    0.000013127
 622 0.0070     0.0070     0.00381    0.000013127
 623 0.0072     0.0072     0.00380    0.000013127
 624 0.0072     0.0072     0.00378    0.000013127
 625 0.0072     0.0072     0.00377    0.000013127
 626 0.0072     0.0072     0.00376    0.000013127
 627 0.0073     0.0073     0.00374    0.000013127
 628 0.0074     0.0074     0.00373    0.000013127
 629 0.0074     0.0074     0.00372    0.000013127
 630 0.0076     0.0076     0.00370    0.000013127
 631 0.0075     0.0075     0.00369    0.000013127
 632 0.0075     0.0075     0.00368    0.000013127
 633 0.0076     0.0076     0.00367    0.000013127
 634 0.0076     0.0076     0.00366    0.000013127
 635 0.0076     0.0076     0.00365    0.000013127
 636 0.0075     0.0075     0.00363    0.000013127
 637 0.0075     0.0075     0.00362    0.000013127
 638 0.0074     0.0074     0.00361    0.000013127
 639 0.0075     0.0075     0.00359    0.000013127
 640 0.0074     0.0074     0.00358    0.000013127
 641 0.0074     0.0074     0.00357    0.000013127
 642 0.0073     0.0073     0.00356    0.000013127
 643 0.0073     0.0073     0.00355    0.000013127
 644 0.0072     0.0072     0.00353    0.000013127
 645 0.0072     0.0072     0.00352    0.000013127
 646 0.0071     0.0071     0.00351    0.000013127
 647 0.0071     0.0071     0.00350    0.000013127
 648 0.0071     0.0071     0.00349    0.000013127
 649 0.0071     0.0071     0.00347    0.000013127
 650 0.0072     0.0072     0.00346    0.000013127
 651 0.0071     0.0071     0.00345    0.000013127
 652 0.0072     0.0072     0.00343    0.000013127
 653 0.0072     0.0072     0.00342    0.000013127
 654 0.0074     0.0074     0.00340    0.000013127
 655 0.0076     0.0076     0.00339    0.000013127
 656 0.0077     0.0077     0.00337    0.000013127
 657 0.0079     0.0079     0.00335    0.000013127
 658 0.0082     0.0082     0.00334    0.000013127
 659 0.0085     0.0085     0.00332    0.000013127
 660 0.0090     0.0090     0.00330    0.000013127
 661 0.0094     0.0094     0.00328    0.000013127
 662 0.0100     0.0100     0.00326    0.000013127
 663 0.0104     0.0104     0.00324    0.000013127
 664 0.0112     0.0112     0.00322    0.000013127
 665 0.0117     0.0117     0.00321    0.000013127
 666 0.0122     0.0122     0.00319    0.000013127
 667 0.0129     0.0129     0.00318    0.000013127
 668 0.0136     0.0136     0.00317    0.000013127
 669 0.0140     0.0140     0.00317    0.000013127
 670 0.0145     0.0145     0.00316    0.000013127
 671 0.0150     0.0150     0.00316    0.000013127
 672 0.0154     0.0154     0.00316    0.000013127
 673 0.0157     0.0157     0.00316    0.000013127
 674 0.0161     0.0161     0.00316    0.000013127
 675 0.0164     0.0164     0.00317    0.000013127
 676 0.0167     0.0167     0.00317    0.000013127
 677 0.0170     0.0170     0.00318    0.000013127
 678 0.0171     0.0171     0.00319    0.000013127
 679 0.0173     0.0173     0.00320    0.000013127
 680 0.0172     0.0172     0.00322    0.000013127
 681 0.0168     0.0168     0.00323    0.000013127
 682 0.0164     0.0164     0.00324    0.000013127
 683 0.0158     0.0158     0.00326    0.000013127
 684 0.0149     0.0149     0.00327    0.000013127
 685 0.0141     0.0141     0.00327    0.000013127
 686 0.0133     0.0133     0.00328    0.000013127
 687 0.0123     0.0123     0.00329    0.000013127
 688 0.0115     0.0115     0.00329    0.000013127
 689 0.0106     0.0106     0.00329    0.000013127
 690 0.0096     0.0096     0.00329    0.000013127
 691 0.0087     0.0087     0.00329    0.000013127
 692 0.0079     0.0079     0.00328    0.000013127
 693 0.0071     0.0071     0.00327    0.000013127
 694 0.0062     0.0062     0.00326    0.000013127
 695 0.0056     0.0056     0.00325    0.000013127
 696 0.0049     0.0049     0.00324    0.000013127
 697 0.0044     0.0044     0.00323    0.000013127
 698 0.0040     0.0040     0.00321    0.000013127
 699 0.0035     0.0035     0.00320    0.000013127
 700 0.0032     0.0032     0.00319    0.000013127
*** Lg euk ***
 400 0.0156     0.0156     0.00071    0.000001735
 401 0.0156     0.0156     0.00071    0.000001735
 402 0.0156     0.0156     0.00071    0.000001735
 403 0.0156     0.0156     0.00071    0.000001735
 404 0.0158     0.0158     0.00071    0.000001735
 405 0.0160     0.0160     0.00071    0.000001735
 406 0.0161     0.0161     0.00071    0.000001735
 407 0.0162     0.0162     0.00071    0.000001735
 408 0.0163     0.0163     0.00071    0.000001735
 409 0.0164     0.0164     0.00071    0.000001735
 410 0.0164     0.0164     0.00071    0.000001735
 411 0.0165     0.0165     0.00071    0.000001735
 412 0.0166     0.0166     0.00071    0.000001735
 413 0.0167     0.0167     0.00071    0.000001735
 414 0.0169     0.0169     0.00071    0.000001735
 415 0.0169     0.0169     0.00071    0.000001735
 416 0.0169     0.0169     0.00071    0.000001735
 417 0.0169     0.0169     0.00071    0.000001735
 418 0.0169     0.0169     0.00071    0.000001735
 419 0.0170     0.0170     0.00071    0.000001735
 420 0.0171     0.0171     0.00071    0.000001735
 421 0.0172     0.0172     0.00071    0.000001735
 422 0.0173     0.0173     0.00071    0.000001735
 423 0.0173     0.0173     0.00071    0.000001735
 424 0.0174     0.0174     0.00070    0.000001735
 425 0.0175     0.0175     0.00070    0.000001735
 426 0.0176     0.0176     0.00070    0.000001735
 427 0.0177     0.0177     0.00070    0.000001735
 428 0.0177     0.0177     0.00069    0.000001735
 429 0.0178     0.0178     0.00069    0.000001735
 430 0.0179     0.0179     0.00069    0.000001735
 431 0.0181     0.0181     0.00069    0.000001735
 432 0.0182     0.0182     0.00068    0.000001735
 433 0.0183     0.0183     0.00068    0.000001735
 434 0.0184     0.0184     0.00068    0.000001735
 435 0.0184     0.0184     0.00068    0.000001735
 436 0.0184     0.0184     0.00068    0.000001735
 437 0.0184     0.0184     0.00067    0.000001735
 438 0.0184     0.0184     0.00067    0.000001735
 439 0.0184     0.0184     0.00067    0.000001735
 440 0.0183     0.0183     0.00067    0.000001735
 441 0.0183     0.0183     0.00067    0.000001735
 442 0.0182     0.0182     0.00067    0.000001735
 443 0.0182     0.0182     0.00067    0.000001735
 444 0.0181     0.0181     0.00067    0.000001735
 445 0.0180     0.0180     0.00067    0.000001735
 446 0.0179     0.0179     0.00067    0.000001735
 447 0.0178     0.0178     0.00067    0.000001735
 448 0.0177     0.0177     0.00067    0.000001735
 449 0.0176     0.0176     0.00067    0.000001735
 450 0.0175     0.0175     0.00068    0.000001735
 451 0.0174     0.0174     0.00068    0.000001735
 452 0.0173     0.0173     0.00068    0.000001735
 453 0.0173     0.0173     0.00068    0.000001735
 454 0.0172     0.0172     0.00068    0.000001735
 455 0.0171     0.0171     0.00068    0.000001735
 456 0.0171     0.0171     0.00068    0.000001735
 457 0.0171     0.0171     0.00067    0.000001735
 458 0.0171     0.0171     0.00067    0.000001735
 459 0.0172     0.0172     0.00067    0.000001735
 460 0.0172     0.0172     0.00067    0.000001735
 461 0.0172     0.0172     0.00067    0.000001735
 462 0.0172     0.0172     0.00067    0.000001735
 463 0.0172     0.0172     0.00067    0.000001735
 464 0.0172     0.0172     0.00066    0.000001735
 465 0.0172     0.0172     0.00066    0.000001735
 466 0.0171     0.0171     0.00066    0.000001735
 467 0.0171     0.0171     0.00066    0.000001735
 468 0.0170     0.0170     0.00066    0.000001735
 469 0.0169     0.0169     0.00067    0.000001735
 470 0.0168     0.0168     0.00067    0.000001735
 471 0.0167     0.0167     0.00067    0.000001735
 472 0.0165     0.0165     0.00067    0.000001735
 473 0.0164     0.0164     0.00067    0.000001735
 474 0.0163     0.0163     0.00068    0.000001735
 475 0.0161     0.0161     0.00068    0.000001735
 476 0.0160     0.0160     0.00068    0.000001735
 477 0.0159     0.0159     0.00069    0.000001735
 478 0.0158     0.0158     0.00069    0.000001735
 479 0.0156     0.0156     0.00069    0.000001735
 480 0.0154     0.0154     0.00070    0.000001735
 481 0.0153     0.0153     0.00070    0.000001735
 482 0.0151     0.0151     0.00070    0.000001735
 483 0.0150     0.0150     0.00071    0.000001735
 484 0.0149     0.0149     0.00071    0.000001735
 485 0.0148     0.0148     0.00071    0.000001735
 486 0.0146     0.0146     0.00071    0.000001735
 487 0.0145     0.0145     0.00072    0.000001735
 488 0.0143     0.0143     0.00072    0.000001735
 489 0.0141     0.0141     0.00072    0.000001735
 490 0.0141     0.0141     0.00072    0.000001735
 491 0.0140     0.0140     0.00073    0.000001735
 492 0.0139     0.0139     0.00073    0.000001735
 493 0.0139     0.0139     0.00073    0.000001735
 494 0.0137     0.0137     0.00073    0.000001735
 495 0.0136     0.0136     0.00073    0.000001735
 496 0.0135     0.0135     0.00074    0.000001735
 497 0.0134     0.0134     0.00074    0.000001735
 498 0.0133     0.0133     0.00074    0.000001735
 499 0.0132     0.0132     0.00074    0.000001735
 500 0.0131     0.0131     0.00074    0.000001735
 501 0.0130     0.0130     0.00075    0.000001735
 502 0.0129     0.0129     0.00075    0.000001735
 503 0.0128     0.0128     0.00075    0.000001735
 504 0.0127     0.0127     0.00075    0.000001735
 505 0.0127     0.0127     0.00075    0.000001735
 506 0.0127     0.0127     0.00076    0.000001735
 507 0.0127     0.0127     0.00076    0.000001735
 508 0.0127     0.0127     0.00076    0.000001735
 509 0.0126     0.0126     0.00076    0.000001735
 510 0.0124     0.0124     0.00076    0.000001735
 511 0.0123     0.0123     0.00077    0.000001735
 512 0.0121     0.0121     0.00077    0.000001735
 513 0.0119     0.0119     0.00077    0.000001735
 514 0.0118     0.0118     0.00077    0.000001735
 515 0.0116     0.0116     0.00078    0.000001735
 516 0.0115     0.0115     0.00078    0.000001735
 517 0.0114     0.0114     0.00078    0.000001735
 518 0.0112     0.0112     0.00078    0.000001735
 519 0.0111     0.0111     0.00079    0.000001735
 520 0.0110     0.0110     0.00079    0.000001735
 521 0.0109     0.0109     0.00079    0.000001735
 522 0.0108     0.0108     0.00079    0.000001735
 523 0.0107     0.0107     0.00079    0.000001735
 524 0.0107     0.0107     0.00079    0.000001735
 525 0.0106     0.0106     0.00079    0.000001735
 526 0.0105     0.0105     0.00080    0.000001735
 527 0.0104     0.0104     0.00080    0.000001735
 528 0.0103     0.0103     0.00080    0.000001735
 529 0.0102     0.0102     0.00080    0.000001735
 530 0.0101     0.0101     0.00080    0.000001735
 531 0.0101     0.0101     0.00080    0.000001735
 532 0.0100     0.0100     0.00080    0.000001735
 533 0.0099     0.0099     0.00081    0.000001735
 534 0.0098     0.0098     0.00081    0.000001735
 535 0.0097     0.0097     0.00081    0.000001735
 536 0.0096     0.0096     0.00081    0.000001735
 537 0.0094     0.0094     0.00081    0.000001735
 538 0.0093     0.0093     0.00081    0.000001735
 539 0.0091     0.0091     0.00081    0.000001735
 540 0.0090     0.0090     0.00082    0.000001735
 541 0.0089     0.0089     0.00082    0.000001735
 542 0.0088     0.0088     0.00082    0.000001735
 543 0.0087     0.0087     0.00082    0.000001735
 544 0.0086     0.0086     0.00083    0.000001735
 545 0.0085     0.0085     0.00083    0.000001735
 546 0.0084     0.0084     0.00083    0.000001735
 547 0.0083     0.0083     0.00083    0.000001735
 548 0.0082     0.0082     0.00084    0.000001735
 549 0.0081     0.0081     0.00084    0.000001735
 550 0.0080     0.0080     0.00084    0.000001735
 551 0.0079     0.0079     0.00085    0.000001735
 552 0.0078     0.0078     0.00085    0.000001735
 553 0.0076     0.0076     0.00086    0.000001735
 554 0.0075     0.0075     0.00086    0.000001735
 555 0.0074     0.0074     0.00086    0.000001735
 556 0.0073     0.0073     0.00087    0.000001735
 557 0.0071     0.0071     0.00087    0.000001735
 558 0.0069     0.0069     0.00088    0.000001735
 559 0.0067     0.0067     0.00088    0.000001735
 560 0.0066     0.0066     0.00088    0.000001735
 561 0.0063     0.0063     0.00089    0.000001735
 562 0.0061     0.0061     0.00089    0.000001735
 563 0.0058     0.0058     0.00089    0.000001735
 564 0.0056     0.0056     0.00090    0.000001735
 565 0.0055     0.0055     0.00090    0.000001735
 566 0.0054     0.0054     0.00090    0.000001735
 567 0.0053     0.0053     0.00091    0.000001735
 568 0.0052     0.0052     0.00091    0.000001735
 569 0.0051     0.0051     0.00091    0.000001735
 570 0.0049     0.0049     0.00091    0.000001735
 571 0.0047     0.0047     0.00091    0.000001735
 572 0.0045     0.0045     0.00092    0.000001735
 573 0.0042     0.0042     0.00092    0.000001735
 574 0.0042     0.0042     0.00092    0.000001735
 575 0.0042     0.0042     0.00092    0.000001735
 576 0.0042     0.0042     0.00092    0.000001735
 577 0.0041     0.0041     0.00092    0.000001735
 578 0.0041     0.0041     0.00092    0.000001735
 579 0.0041     0.0041     0.00092    0.000001735
 580 0.0041     0.0041     0.00092    0.000001735
 581 0.0041     0.0041     0.00092    0.000001735
 582 0.0042     0.0042     0.00092    0.000001735
 583 0.0042     0.0042     0.00092    0.000001735
 584 0.0042     0.0042     0.00092    0.000001735
 585 0.0043     0.0043     0.00091    0.000001735
 586 0.0043     0.0043     0.00091    0.000001735
 587 0.0044     0.0044     0.00091    0.000001735
 588 0.0044     0.0044     0.00091    0.000001735
 589 0.0044     0.0044     0.00091    0.000001735
 590 0.0044     0.0044     0.00091    0.000001735
 591 0.0044     0.0044     0.00091    0.000001735
 592 0.0044     0.0044     0.00091    0.000001735
 593 0.0044     0.0044     0.00091    0.000001735
 594 0.0043     0.0043     0.00091    0.000001735
 595 0.0043     0.0043     0.00091    0.000001735
 596 0.0043     0.0043     0.00091    0.000001735
 597 0.0043     0.0043     0.00091    0.000001735
 598 0.0042     0.0042     0.00091    0.000001735
 599 0.0041     0.0041     0.00091    0.000001735
 600 0.0040     0.0040     0.00091    0.000001735
 601 0.0038     0.0038     0.00091    0.000001735
 602 0.0037     0.0037     0.00091    0.000001735
 603 0.0036     0.0036     0.00092    0.000001735
 604 0.0036     0.0036     0.00092    0.000001735
 605 0.0036     0.0036     0.00092    0.000001735
 606 0.0036     0.0036     0.00092    0.000001735
 607 0.0035     0.0035     0.00093    0.000001735
 608 0.0035     0.0035     0.00093    0.000001735
 609 0.0035     0.0035     0.00093    0.000001735
 610 0.0035     0.0035     0.00093    0.000001735
 611 0.0035     0.0035     0.00093    0.000001735
 612 0.0035     0.0035     0.00093    0.000001735
 613 0.0035     0.0035     0.00093    0.000001735
 614 0.0035     0.0035     0.00093    0.000001735
 615 0.0035     0.0035     0.00093    0.000001735
 616 0.0036     0.0036     0.00093    0.000001735
 617 0.0037     0.0037     0.00093    0.000001735
 618 0.0037     0.0037     0.00093    0.000001735
 619 0.0038     0.0038     0.00093    0.000001735
 620 0.0038     0.0038     0.00093    0.000001735
 621 0.0039     0.0039     0.00093    0.000001735
 622 0.0040     0.0040     0.00093    0.000001735
 623 0.0040     0.0040     0.00093    0.000001735
 624 0.0041     0.0041     0.00093    0.000001735
 625 0.0042     0.0042     0.00093    0.000001735
 626 0.0042     0.0042     0.00093    0.000001735
 627 0.0043     0.0043     0.00093    0.000001735
 628 0.0043     0.0043     0.00093    0.000001735
 629 0.0043     0.0043     0.00093    0.000001735
 630 0.0043     0.0043     0.00093    0.000001735
 631 0.0043     0.0043     0.00093    0.000001735
 632 0.0043     0.0043     0.00093    0.000001735
 633 0.0044     0.0044     0.00093    0.000001735
 634 0.0043     0.0043     0.00093    0.000001735
 635 0.0043     0.0043     0.00093    0.000001735
 636 0.0042     0.0042     0.00093    0.000001735
 637 0.0041     0.0041     0.00093    0.000001735
 638 0.0040     0.0040     0.00093    0.000001735
 639 0.0040     0.0040     0.00093    0.000001735
 640 0.0039     0.0039     0.00093    0.000001735
 641 0.0038     0.0038     0.00093    0.000001735
 642 0.0037     0.0037     0.00093    0.000001735
 643 0.0037     0.0037     0.00093    0.000001735
 644 0.0036     0.0036     0.00093    0.000001735
 645 0.0035     0.0035     0.00093    0.000001735
 646 0.0035     0.0035     0.00093    0.000001735
 647 0.0034     0.0034     0.00093    0.000001735
 648 0.0034     0.0034     0.00093    0.000001735
 649 0.0035     0.0035     0.00093    0.000001735
 650 0.0036     0.0036     0.00093    0.000001735
 651 0.0037     0.0037     0.00093    0.000001735
 652 0.0038     0.0038     0.00093    0.000001735
 653 0.0039     0.0039     0.00094    0.000001735
 654 0.0040     0.0040     0.00094    0.000001735
 655 0.0042     0.0042     0.00094    0.000001735
 656 0.0045     0.0045     0.00094    0.000001735
 657 0.0048     0.0048     0.00094    0.000001735
 658 0.0051     0.0051     0.00094    0.000001735
 659 0.0054     0.0054     0.00094    0.000001735
 660 0.0057     0.0057     0.00094    0.000001735
 661 0.0062     0.0062     0.00094    0.000001735
 662 0.0067     0.0067     0.00093    0.000001735
 663 0.0072     0.0072     0.00092    0.000001735
 664 0.0077     0.0077     0.00091    0.000001735
 665 0.0082     0.0082     0.00091    0.000001735
 666 0.0087     0.0087     0.00089    0.000001735
 667 0.0092     0.0092     0.00088    0.000001735
 668 0.0096     0.0096     0.00087    0.000001735
 669 0.0099     0.0099     0.00086    0.000001735
 670 0.0102     0.0102     0.00085    0.000001735
 671 0.0105     0.0105     0.00084    0.000001735
 672 0.0109     0.0109     0.00084    0.000001735
 673 0.0110     0.0110     0.00083    0.000001735
 674 0.0111     0.0111     0.00083    0.000001735
 675 0.0112     0.0112     0.00083    0.000001735
 676 0.0113     0.0113     0.00083    0.000001735
 677 0.0113     0.0113     0.00083    0.000001735
 678 0.0112     0.0112     0.00083    0.000001735
 679 0.0111     0.0111     0.00084    0.000001735
 680 0.0110     0.0110     0.00084    0.000001735
 681 0.0109     0.0109     0.00084    0.000001735
 682 0.0106     0.0106     0.00085    0.000001735
 683 0.0100     0.0100     0.00086    0.000001735
 684 0.0095     0.0095     0.00087    0.000001735
 685 0.0089     0.0089     0.00088    0.000001735
 686 0.0083     0.0083     0.00089    0.000001735
 687 0.0077     0.0077     0.00091    0.000001735
 688 0.0071     0.0071     0.00092    0.000001735
 689 0.0065     0.0065     0.00093    0.000001735
 690 0.0060     0.0060     0.00094    0.000001735
 691 0.0055     0.0055     0.00095    0.000001735
 692 0.0050     0.0050     0.00096    0.000001735
 693 0.0045     0.0045     0.00097    0.000001735
 694 0.0040     0.0040     0.00098    0.000001735
 695 0.0034     0.0034     0.00098    0.000001735
 696 0.0029     0.0029     0.00099    0.000001735
 697 0.0024     0.0024     0.00100    0.000001735
 698 0.0019     0.0019     0.00100    0.000001735
 699 0.0018     0.0018     0.00101    0.000001735
 700 0.0017     0.0017     0.00101    0.000001735
*** MEAN ***
 400 0.0239     0.0188     0.00655    0.000012850
 401 0.0242     0.0188     0.00652    0.000012850
 402 0.0244     0.0188     0.00649    0.000012850
 403 0.0247     0.0189     0.00647    0.000012850
 404 0.0250     0.0190     0.00644    0.000012850
 405 0.0253     0.0191     0.00642    0.000012850
 406 0.0257     0.0192     0.00640    0.000012850
 407 0.0261     0.0195     0.00637    0.000012850
 408 0.0266     0.0197     0.00635    0.000012850
 409 0.0270     0.0200     0.00632    0.000012850
 410 0.0274     0.0203     0.00630    0.000012850
 411 0.0279     0.0206     0.00628    0.000012850
 412 0.0283     0.0209     0.00626    0.000012850
 413 0.0287     0.0212     0.00623    0.000012850
 414 0.0291     0.0214     0.00621    0.000012850
 415 0.0295     0.0216     0.00620    0.000012850
 416 0.0298     0.0218     0.00618    0.000012850
 417 0.0301     0.0219     0.00616    0.000012850
 418 0.0305     0.0221     0.00614    0.000012850
 419 0.0309     0.0222     0.00612    0.000012850
 420 0.0313     0.0223     0.00611    0.000012850
 421 0.0315     0.0222     0.00609    0.000012850
 422 0.0319     0.0223     0.00608    0.000012850
 423 0.0322     0.0222     0.00606    0.000012850
 424 0.0326     0.0223     0.00605    0.000012850
 425 0.0329     0.0222     0.00604    0.000012850
 426 0.0332     0.0222     0.00603    0.000012850
 427 0.0335     0.0222     0.00602    0.000012850
 428 0.0339     0.0223     0.00601    0.000012850
 429 0.0342     0.0224     0.00599    0.000012850
 430 0.0346     0.0226     0.00598    0.000012850
 431 0.0349     0.0228     0.00597    0.000012850
 432 0.0351     0.0230     0.00596    0.000012850
 433 0.0354     0.0234     0.00595    0.000012850
 434 0.0357     0.0236     0.00594    0.000012850
 435 0.0359     0.0239     0.00594    0.000012850
 436 0.0361     0.0242     0.00593    0.000012850
 437 0.0362     0.0244     0.00592    0.000012850
 438 0.0364     0.0246     0.00591    0.000012850
 439 0.0364     0.0246     0.00591    0.000012850
 440 0.0365     0.0247     0.00590    0.000012850
 441 0.0363     0.0244     0.00590    0.000012850
 442 0.0362     0.0242     0.00590    0.000012850
 443 0.0360     0.0237     0.00590    0.000012850
 444 0.0358     0.0232     0.00590    0.000012850
 445 0.0356     0.0226     0.00591    0.000012850
 446 0.0352     0.0218     0.00591    0.000012850
 447 0.0349     0.0209     0.00591    0.000012850
 448 0.0345     0.0199     0.00592    0.000012850
 449 0.0342     0.0190     0.00592    0.000012850
 450 0.0339     0.0180     0.00593    0.000012850
 451 0.0336     0.0171     0.00593    0.000012850
 452 0.0333     0.0162     0.00592    0.000012850
 453 0.0330     0.0154     0.00592    0.000012850
 454 0.0327     0.0147     0.00592    0.000012850
 455 0.0324     0.0142     0.00591    0.000012850
 456 0.0322     0.0137     0.00591    0.000012850
 457 0.0320     0.0134     0.00590    0.000012850
 458 0.0317     0.0131     0.00589    0.000012850
 459 0.0315     0.0130     0.00589    0.000012850
 460 0.0313     0.0129     0.00588    0.000012850
 461 0.0311     0.0129     0.00587    0.000012850
 462 0.0309     0.0129     0.00586    0.000012850
 463 0.0306     0.0129     0.00586    0.000012850
 464 0.0303     0.0129     0.00585    0.000012850
 465 0.0301     0.0130     0.00584    0.000012850
 466 0.0297     0.0130     0.00584    0.000012850
 467 0.0294     0.0131     0.00583    0.000012850
 468 0.0290     0.0131     0.00582    0.000012850
 469 0.0287     0.0131     0.00582    0.000012850
 470 0.0283     0.0130     0.00582    0.000012850
 471 0.0280     0.0130     0.00581    0.000012850
 472 0.0277     0.0129     0.00581    0.000012850
 473 0.0273     0.0128     0.00581    0.000012850
 474 0.0270     0.0127     0.00581    0.000012850
 475 0.0267     0.0126     0.00581    0.000012850
 476 0.0264     0.0125     0.00581    0.000012850
 477 0.0261     0.0123     0.00581    0.000012850
 478 0.0259     0.0122     0.00581    0.000012850
 479 0.0256     0.0120     0.00581    0.000012850
 480 0.0254     0.0118     0.00580    0.000012850
 481 0.0252     0.0116     0.00580    0.000012850
 482 0.0250     0.0115     0.00580    0.000012850
 483 0.0249     0.0113     0.00580    0.000012850
 484 0.0248     0.0111     0.00580    0.000012850
 485 0.0247     0.0110     0.00580    0.000012850
 486 0.0246     0.0108     0.00580    0.000012850
 487 0.0245     0.0107     0.00580    0.000012850
 488 0.0244     0.0106     0.00580    0.000012850
 489 0.0243     0.0106     0.00580    0.000012850
 490 0.0242     0.0106     0.00581    0.000012850
 491 0.0240     0.0105     0.00582    0.000012850
 492 0.0239     0.0105     0.00582    0.000012850
 493 0.0237     0.0105     0.00583    0.000012850
 494 0.0235     0.0105     0.00584    0.000012850
 495 0.0232     0.0104     0.00585    0.000012850
 496 0.0229     0.0103     0.00586    0.000012850
 497 0.0226     0.0103     0.00586    0.000012850
 498 0.0223     0.0103     0.00587    0.000012850
 499 0.0219     0.0103     0.00588    0.000012850
 500 0.0215     0.0102     0.00589    0.000012850
 501 0.0211     0.0102     0.00589    0.000012850
 502 0.0206     0.0102     0.00590    0.000012850
 503 0.0202     0.0102     0.00591    0.000012850
 504 0.0197     0.0101     0.00591    0.000012850
 505 0.0192     0.0101     0.00592    0.000012850
 506 0.0188     0.0101     0.00592    0.000012850
 507 0.0184     0.0102     0.00592    0.000012850
 508 0.0180     0.0102     0.00592    0.000012850
 509 0.0176     0.0102     0.00592    0.000012850
 510 0.0173     0.0103     0.00592    0.000012850
 511 0.0169     0.0103     0.00591    0.000012850
 512 0.0165     0.0104     0.00590    0.000012850
 513 0.0161     0.0104     0.00589    0.000012850
 514 0.0158     0.0105     0.00588    0.000012850
 515 0.0155     0.0106     0.00587    0.000012850
 516 0.0152     0.0107     0.00585    0.000012850
 517 0.0149     0.0107     0.00584    0.000012850
 518 0.0147     0.0108     0.00583    0.000012850
 519 0.0145     0.0109     0.00582    0.000012850
 520 0.0142     0.0110     0.00580    0.000012850
 521 0.0140     0.0111     0.00579    0.000012850
 522 0.0139     0.0112     0.00578    0.000012850
 523 0.0138     0.0113     0.00577    0.000012850
 524 0.0136     0.0113     0.00575    0.000012850
 525 0.0135     0.0114     0.00574    0.000012850
 526 0.0134     0.0115     0.00573    0.000012850
 527 0.0134     0.0117     0.00571    0.000012850
 528 0.0133     0.0117     0.00570    0.000012850
 529 0.0132     0.0118     0.00568    0.000012850
 530 0.0132     0.0119     0.00567    0.000012850
 531 0.0132     0.0121     0.00566    0.000012850
 532 0.0132     0.0122     0.00564    0.000012850
 533 0.0132     0.0123     0.00563    0.000012850
 534 0.0132     0.0124     0.00561    0.000012850
 535 0.0131     0.0124     0.00560    0.000012850
 536 0.0132     0.0126     0.00559    0.000012850
 537 0.0132     0.0126     0.00557    0.000012850
 538 0.0131     0.0127     0.00556    0.000012850
 539 0.0131     0.0127     0.00555    0.000012850
 540 0.0131     0.0127     0.00554    0.000012850
 541 0.0131     0.0127     0.00553    0.000012850
 542 0.0130     0.0127     0.00551    0.000012850
 543 0.0130     0.0127     0.00550    0.000012850
 544 0.0129     0.0127     0.00549    0.000012850
 545 0.0128     0.0126     0.00548    0.000012850
 546 0.0127     0.0125     0.00547    0.000012850
 547 0.0126     0.0124     0.00546    0.000012850
 548 0.0124     0.0123     0.00545    0.000012850
 549 0.0123     0.0122     0.00544    0.000012850
 550 0.0121     0.0121     0.00543    0.000012850
 551 0.0119     0.0119     0.00543    0.000012850
 552 0.0117     0.0116     0.00543    0.000012850
 553 0.0114     0.0114     0.00543    0.000012850
 554 0.0112     0.0112     0.00543    0.000012850
 555 0.0109     0.0109     0.00543    0.000012850
 556 0.0106     0.0106     0.00542    0.000012850
 557 0.0103     0.0103     0.00542    0.000012850
 558 0.0100     0.0100     0.00542    0.000012850
 559 0.0098     0.0098     0.00541    0.000012850
 560 0.0095     0.0095     0.00541    0.000012850
 561 0.0092     0.0092     0.00541    0.000012850
 562 0.0089     0.0089     0.00540    0.000012850
 563 0.0087     0.0087     0.00539    0.000012850
 564 0.0085     0.0085     0.00539    0.000012850
 565 0.0083     0.0083     0.00539    0.000012850
 566 0.0081     0.0081     0.00538    0.000012850
 567 0.0079     0.0079     0.00537    0.000012850
 568 0.0078     0.0078     0.00537    0.000012850
 569 0.0076     0.0076     0.00536    0.000012850
 570 0.0074     0.0074     0.00535    0.000012850
 571 0.0072     0.0072     0.00535    0.000012850
 572 0.0070     0.0070     0.00534    0.000012850
 573 0.0069     0.0069     0.00533    0.000012850
 574 0.0067     0.0067     0.00533    0.000012850
 575 0.0066     0.0066     0.00532    0.000012850
 576 0.0064     0.0064     0.00531    0.000012850
 577 0.0063     0.0063     0.00530    0.000012850
 578 0.0061     0.0061     0.00529    0.000012850
 579 0.0060     0.0060     0.00528    0.000012850
 580 0.0058     0.0058     0.00527    0.000012850
 581 0.0058     0.0058     0.00526    0.000012850
 582 0.0057     0.0057     0.00525    0.000012850
 583 0.0057     0.0057     0.00524    0.000012850
 584 0.0056     0.0056     0.00523    0.000012850
 585 0.0055     0.0055     0.00522    0.000012850
 586 0.0055     0.0055     0.00521    0.000012850
 587 0.0055     0.0055     0.00519    0.000012850
 588 0.0055     0.0055     0.00518    0.000012850
 589 0.0054     0.0054     0.00517    0.000012850
 590 0.0054     0.0054     0.00516    0.000012850
 591 0.0054     0.0054     0.00515    0.000012850
 592 0.0053     0.0053     0.00514    0.000012850
 593 0.0053     0.0053     0.00513    0.000012850
 594 0.0053     0.0053     0.00512    0.000012850
 595 0.0052     0.0052     0.00512    0.000012850
 596 0.0052     0.0052     0.00511    0.000012850
 597 0.0051     0.0051     0.00510    0.000012850
 598 0.0051     0.0051     0.00509    0.000012850
 599 0.0051     0.0051     0.00509    0.000012850
 600 0.0050     0.0050     0.00508    0.000012850
 601 0.0050     0.0050     0.00507    0.000012850
 602 0.0050     0.0050     0.00507    0.000012850
 603 0.0049     0.0049     0.00506    0.000012850
 604 0.0050     0.0050     0.00505    0.000012850
 605 0.0050     0.0050     0.00505    0.000012850
 606 0.0050     0.0050     0.00504    0.000012850
 607 0.0050     0.0050     0.00503    0.000012850
 608 0.0050     0.0050     0.00502    0.000012850
 609 0.0051     0.0051     0.00501    0.000012850
 610 0.0051     0.0051     0.00500    0.000012850
 611 0.0052     0.0052     0.00499    0.000012850
 612 0.0052     0.0052     0.00498    0.000012850
 613 0.0053     0.0053     0.00497    0.000012850
 614 0.0053     0.0053     0.00496    0.000012850
 615 0.0054     0.0054     0.00495    0.000012850
 616 0.0054     0.0054     0.00494    0.000012850
 617 0.0055     0.0055     0.00493    0.000012850
 618 0.0055     0.0055     0.00492    0.000012850
 619 0.0056     0.0056     0.00491    0.000012850
 620 0.0057     0.0057     0.00490    0.000012850
 621 0.0057     0.0057     0.00489    0.000012850
 622 0.0058     0.0058     0.00488    0.000012850
 623 0.0059     0.0059     0.00486    0.000012850
 624 0.0059     0.0059     0.00485    0.000012850
 625 0.0059     0.0059     0.00484    0.000012850
 626 0.0060     0.0060     0.00482    0.000012850
 627 0.0060     0.0060     0.00481    0.000012850
 628 0.0061     0.0061     0.00480    0.000012850
 629 0.0061     0.0061     0.00478    0.000012850
 630 0.0062     0.0062     0.00477    0.000012850
 631 0.0062     0.0062     0.00476    0.000012850
 632 0.0063     0.0063     0.00475    0.000012850
 633 0.0063     0.0063     0.00473    0.000012850
 634 0.0063     0.0063     0.00472    0.000012850
 635 0.0063     0.0063     0.00471    0.000012850
 636 0.0063     0.0063     0.00470    0.000012850
 637 0.0063     0.0063     0.00469    0.000012850
 638 0.0062     0.0062     0.00467    0.000012850
 639 0.0063     0.0063     0.00466    0.000012850
 640 0.0063     0.0063     0.00465    0.000012850
 641 0.0063     0.0063     0.00464    0.000012850
 642 0.0063     0.0063     0.00463    0.000012850
 643 0.0063     0.0063     0.00462    0.000012850
 644 0.0063     0.0063     0.00461    0.000012850
 645 0.0063     0.0063     0.00460    0.000012850
 646 0.0063     0.0063     0.00459    0.000012850
 647 0.0064     0.0064     0.00457    0.000012850
 648 0.0064     0.0064     0.00456    0.000012850
 649 0.0065     0.0065     0.00455    0.000012850
 650 0.0066     0.0066     0.00453    0.000012850
 651 0.0067     0.0067     0.00452    0.000012850
 652 0.0068     0.0068     0.00450    0.000012850
 653 0.0070     0.0070     0.00449    0.000012850
 654 0.0072     0.0072     0.00447    0.000012850
 655 0.0074     0.0074     0.00445    0.000012850
 656 0.0077     0.0077     0.00443    0.000012850
 657 0.0081     0.0081     0.00441    0.000012850
 658 0.0084     0.0084     0.00439    0.000012850
 659 0.0088     0.0088     0.00437    0.000012850
 660 0.0093     0.0093     0.00435    0.000012850
 661 0.0098     0.0098     0.00432    0.000012850
 662 0.0103     0.0103     0.00430    0.000012850
 663 0.0109     0.0109     0.00427    0.000012850
 664 0.0115     0.0115     0.00424    0.000012850
 665 0.0121     0.0121     0.00422    0.000012850
 666 0.0127     0.0127     0.00420    0.000012850
 667 0.0132     0.0132     0.00418    0.000012850
 668 0.0137     0.0137     0.00416    0.000012850
 669 0.0141     0.0141     0.00414    0.000012850
 670 0.0146     0.0146     0.00413    0.000012850
 671 0.0148     0.0148     0.00413    0.000012850
 672 0.0151     0.0151     0.00413    0.000012850
 673 0.0153     0.0153     0.00413    0.000012850
 674 0.0154     0.0154     0.00414    0.000012850
 675 0.0155     0.0155     0.00414    0.000012850
 676 0.0155     0.0155     0.00415    0.000012850
 677 0.0153     0.0153     0.00417    0.000012850
 678 0.0152     0.0152     0.00418    0.000012850
 679 0.0150     0.0150     0.00420    0.000012850
 680 0.0147     0.0147     0.00421    0.000012850
 681 0.0142     0.0142     0.00423    0.000012850
 682 0.0136     0.0136     0.00425    0.000012850
 683 0.0130     0.0130     0.00427    0.000012850
 684 0.0123     0.0123     0.00429    0.000012850
 685 0.0116     0.0116     0.00431    0.000012850
 686 0.0108     0.0108     0.00433    0.000012850
 687 0.0100     0.0100     0.00435    0.000012850
 688 0.0092     0.0092     0.00437    0.000012850
 689 0.0084     0.0084     0.00438    0.000012850
 690 0.0076     0.0076     0.00439    0.000012850
 691 0.0070     0.0070     0.00439    0.000012850
 692 0.0064     0.0064     0.00439    0.000012850
 693 0.0058     0.0058     0.00439    0.000012850
 694 0.0052     0.0052     0.00439    0.000012850
 695 0.0047     0.0047     0.00438    0.000012850
 696 0.0042     0.0042     0.00437    0.000012850
 697 0.0038     0.0038     0.00437    0.000012850
 698 0.0034     0.0034     0.00436    0.000012850
 699 0.0030     0.0030     0.00435    0.000012850
 700 0.0028     0.0028     0.00434    0.000012850
*** syn_PEB ***
 400 0.0000     0.0000     0.00000    0.000000000
 401 0.0000     0.0000     0.00000    0.000000000
 402 0.0000     0.0000     0.00000    0.000000000
 403 0.0000     0.0000     0.00000    0.000000000
 404 0.0000     0.0000     0.00000    0.000000000
 405 0.0000     0.0000     0.00000    0.000000000
 406 0.0000     0.0000     0.00000    0.000000000
 407 0.0000     0.0000     0.00000    0.000000000
 408 0.0000     0.0000     0.00000    0.000000000
 409 0.0000     0.0000     0.00000    0.000000000
 410 0.0000     0.0000     0.00000    0.000000000
 411 0.0000     0.0000     0.00000    0.000000000
 412 0.0000     0.0000     0.00000    0.000000000
 413 0.0000     0.0000     0.00000    0.000000000
 414 0.0000     0.0000     0.00000    0.000000000
 415 0.0000     0.0000     0.00000    0.000000000
 416 0.0000     0.0000     0.00000    0.000000000
 417 0.0000     0.0000     0.00000    0.000000000
 418 0.0000     0.0000     0.00000    0.000000000
 419 0.0000     0.0000     0.00000    0.000000000
 420 0.0000     0.0000     0.00000    0.000000000
 421 0.0000     0.0000     0.00000    0.000000000
 422 0.0000     0.0000     0.00000    0.000000000
 423 0.0000     0.0000     0.00000    0.000000000
 424 0.0000     0.0000     0.00000    0.000000000
 425 0.0000     0.0000     0.00000    0.000000000
 426 0.0000     0.0000     0.00000    0.000000000
 427 0.0000     0.0000     0.00000    0.000000000
 428 0.0000     0.0000     0.00000    0.000000000
 429 0.0000     0.0000     0.00000    0.000000000
 430 0.0000     0.0000     0.00000    0.000000000
 431 0.0000     0.0000     0.00000    0.000000000
 432 0.0000     0.0000     0.00000    0.000000000
 433 0.0000     0.0000     0.00000    0.000000000
 434 0.0000     0.0000     0.00000    0.000000000
 435 0.0000     0.0000     0.00000    0.000000000
 436 0.0000     0.0000     0.00000    0.000000000
 437 0.0000     0.0000     0.00000    0.000000000
 438 0.0000     0.0000     0.00000    0.000000000
 439 0.0000     0.0000     0.00000    0.000000000
 440 0.0000     0.0000     0.00000    0.000000000
 441 0.0000     0.0000     0.00000    0.000000000
 442 0.0000     0.0000     0.00000    0.000000000
 443 0.0000     0.0000     0.00000    0.000000000
 444 0.0000     0.0000     0.00000    0.000000000
 445 0.0000     0.0000     0.00000    0.000000000
 446 0.0000     0.0000     0.00000    0.000000000
 447 0.0000     0.0000     0.00000    0.000000000
 448 0.0000     0.0000     0.00000    0.000000000
 449 0.0000     0.0000     0.00000    0.000000000
 450 0.0000     0.0000     0.00000    0.000000000
 451 0.0000     0.0000     0.00000    0.000000000
 452 0.0000     0.0000     0.00000    0.000000000
 453 0.0000     0.0000     0.00000    0.000000000
 454 0.0000     0.0000     0.00000    0.000000000
 455 0.0000     0.0000     0.00000    0.000000000
 456 0.0000     0.0000     0.00000    0.000000000
 457 0.0000     0.0000     0.00000    0.000000000
 458 0.0000     0.0000     0.00000    0.000000000
 459 0.0000     0.0000     0.00000    0.000000000
 460 0.0000     0.0000     0.00000    0.000000000
 461 0.0000     0.0000     0.00000    0.000000000
 462 0.0000     0.0000     0.00000    0.000000000
 463 0.0000     0.0000     0.00000    0.000000000
 464 0.0000     0.0000     0.00000    0.000000000
 465 0.0000     0.0000     0.00000    0.000000000
 466 0.0000     0.0000     0.00000    0.000000000
 467 0.0000     0.0000     0.00000    0.000000000
 468 0.0000     0.0000     0.00000    0.000000000
 469 0.0000     0.0000     0.00000    0.000000000
 470 0.0000     0.0000     0.00000    0.000000000
 471 0.0000     0.0000     0.00000    0.000000000
 472 0.0000     0.0000     0.00000    0.000000000
 473 0.0000     0.0000     0.00000    0.000000000
 474 0.0000     0.0000     0.00000    0.000000000
 475 0.0000     0.0000     0.00000    0.000000000
 476 0.0000     0.0000     0.00000    0.000000000
 477 0.0000     0.0000     0.00000    0.000000000
 478 0.0000     0.0000     0.00000    0.000000000
 479 0.0000     0.0000     0.00000    0.000000000
 480 0.0000     0.0000     0.00000    0.000000000
 481 0.0000     0.0000     0.00000    0.000000000
 482 0.0000     0.0000     0.00000    0.000000000
 483 0.0000     0.0000     0.00000    0.000000000
 484 0.0000     0.0000     0.00000    0.000000000
 485 0.0000     0.0000     0.00000    0.000000000
 486 0.0000     0.0000     0.00000    0.000000000
 487 0.0000     0.0000     0.00000    0.000000000
 488 0.0000     0.0000     0.00000    0.000000000
 489 0.0000     0.0000     0.00000    0.000000000
 490 0.0000     0.0000     0.00000    0.000000000
 491 0.0000     0.0000     0.00000    0.000000000
 492 0.0000     0.0000     0.00000    0.000000000
 493 0.0000     0.0000     0.00000    0.000000000
 494 0.0000     0.0000     0.00000    0.000000000
 495 0.0000     0.0000     0.00000    0.000000000
 496 0.0000     0.0000     0.00000    0.000000000
 497 0.0000     0.0000     0.00000    0.000000000
 498 0.0000     0.0000     0.00000    0.000000000
 499 0.0000     0.0000     0.00000    0.000000000
 500 0.0000     0.0000     0.00000    0.000000000
 501 0.0000     0.0000     0.00000    0.000000000
 502 0.0000     0.0000     0.00000    0.000000000
 503 0.0000     0.0000     0.00000    0.000000000
 504 0.0000     0.0000     0.00000    0.000000000
 505 0.0000     0.0000     0.00000    0.000000000
 506 0.0000     0.0000     0.00000    0.000000000
 507 0.0000     0.0000     0.00000    0.000000000
 508 0.0000     0.0000     0.00000    0.000000000
 509 0.0000     0.0000     0.00000    0.000000000
 510 0.0000     0.0000     0.00000    0.000000000
 511 0.0000     0.0000     0.00000    0.000000000
 512 0.0000     0.0000     0.00000    0.000000000
 513 0.0000     0.0000     0.00000    0.000000000
 514 0.0000     0.0000     0.00000    0.000000000
 515 0.0000     0.0000     0.00000    0.000000000
 516 0.0000     0.0000     0.00000    0.000000000
 517 0.0000     0.0000     0.00000    0.000000000
 518 0.0000     0.0000     0.00000    0.000000000
 519 0.0000     0.0000     0.00000    0.000000000
 520 0.0000     0.0000     0.00000    0.000000000
 521 0.0000     0.0000     0.00000    0.000000000
 522 0.0000     0.0000     0.00000    0.000000000
 523 0.0000     0.0000     0.00000    0.000000000
 524 0.0000     0.0000     0.00000    0.000000000
 525 0.0000     0.0000     0.00000    0.000000000
 526 0.0000     0.0000     0.00000    0.000000000
 527 0.0000     0.0000     0.00000    0.000000000
 528 0.0000     0.0000     0.00000    0.000000000
 529 0.0000     0.0000     0.00000    0.000000000
 530 0.0000     0.0000     0.00000    0.000000000
 531 0.0000     0.0000     0.00000    0.000000000
 532 0.0000     0.0000     0.00000    0.000000000
 533 0.0000     0.0000     0.00000    0.000000000
 534 0.0000     0.0000     0.00000    0.000000000
 535 0.0000     0.0000     0.00000    0.000000000
 536 0.0000     0.0000     0.00000    0.000000000
 537 0.0000     0.0000     0.00000    0.000000000
 538 0.0000     0.0000     0.00000    0.000000000
 539 0.0000     0.0000     0.00000    0.000000000
 540 0.0000     0.0000     0.00000    0.000000000
 541 0.0000     0.0000     0.00000    0.000000000
 542 0.0000     0.0000     0.00000    0.000000000
 543 0.0000     0.0000     0.00000    0.000000000
 544 0.0000     0.0000     0.00000    0.000000000
 545 0.0000     0.0000     0.00000    0.000000000
 546 0.0000     0.0000     0.00000    0.000000000
 547 0.0000     0.0000     0.00000    0.000000000
 548 0.0000     0.0000     0.00000    0.000000000
 549 0.0000     0.0000     0.00000    0.000000000
 550 0.0000     0.0000     0.00000    0.000000000
 551 0.0000     0.0000     0.00000    0.000000000
 552 0.0000     0.0000     0.00000    0.000000000
 553 0.0000     0.0000     0.00000    0.000000000
 554 0.0000     0.0000     0.00000    0.000000000
 555 0.0000     0.0000     0.00000    0.000000000
 556 0.0000     0.0000     0.00000    0.000000000
 557 0.0000     0.0000     0.00000    0.000000000
 558 0.0000     0.0000     0.00000    0.000000000
 559 0.0000     0.0000     0.00000    0.000000000
 560 0.0000     0.0000     0.00000    0.000000000
 561 0.0000     0.0000     0.00000    0.000000000
 562 0.0000     0.0000     0.00000    0.000000000
 563 0.0000     0.0000     0.00000    0.000000000
 564 0.0000     0.0000     0.00000    0.000000000
 565 0.0000     0.0000     0.00000    0.000000000
 566 0.0000     0.0000     0.00000    0.000000000
 567 0.0000     0.0000     0.00000    0.000000000
 568 0.0000     0.0000     0.00000    0.000000000
 569 0.0000     0.0000     0.00000    0.000000000
 570 0.0000     0.0000     0.00000    0.000000000
 571 0.0000     0.0000     0.00000    0.000000000
 572 0.0000     0.0000     0.00000    0.000000000
 573 0.0000     0.0000     0.00000    0.000000000
 574 0.0000     0.0000     0.00000    0.000000000
 575 0.0000     0.0000     0.00000    0.000000000
 576 0.0000     0.0000     0.00000    0.000000000
 577 0.0000     0.0000     0.00000    0.000000000
 578 0.0000     0.0000     0.00000    0.000000000
 579 0.0000     0.0000     0.00000    0.000000000
 580 0.0000     0.0000     0.00000    0.000000000
 581 0.0000     0.0000     0.00000    0.000000000
 582 0.0000     0.0000     0.00000    0.000000000
 583 0.0000     0.0000     0.00000    0.000000000
 584 0.0000     0.0000     0.00000    0.000000000
 585 0.0000     0.0000     0.00000    0.000000000
 586 0.0000     0.0000     0.00000    0.000000000
 587 0.0000     0.0000     0.00000    0.000000000
 588 0.0000     0.0000     0.00000    0.000000000
 589 0.0000     0.0000     0.00000    0.000000000
 590 0.0000     0.0000     0.00000    0.000000000
 591 0.0000     0.0000     0.00000    0.000000000
 592 0.0000     0.0000     0.00000    0.000000000
 593 0.0000     0.0000     0.00000    0.000000000
 594 0.0000     0.0000     0.00000    0.000000000
 595 0.0000     0.0000     0.00000    0.000000000
 596 0.0000     0.0000     0.00000    0.000000000
 597 0.0000     0.0000     0.00000    0.000000000
 598 0.0000     0.0000     0.00000    0.000000000
 599 0.0000     0.0000     0.00000    0.000000000
 600 0.0000     0.0000     0.00000    0.000000000
 601 0.0000     0.0000     0.00000    0.000000000
 602 0.0000     0.0000     0.00000    0.000000000
 603 0.0000     0.0000     0.00000    0.000000000
 604 0.0000     0.0000     0.00000    0.000000000
 605 0.0000     0.0000     0.00000    0.000000000
 606 0.0000     0.0000     0.00000    0.000000000
 607 0.0000     0.0000     0.00000    0.000000000
 608 0.0000     0.0000     0.00000    0.000000000
 609 0.0000     0.0000     0.00000    0.000000000
 610 0.0000     0.0000     0.00000    0.000000000
 611 0.0000     0.0000     0.00000    0.000000000
 612 0.0000     0.0000     0.00000    0.000000000
 613 0.0000     0.0000     0.00000    0.000000000
 614 0.0000     0.0000     0.00000    0.000000000
 615 0.0000     0.0000     0.00000    0.000000000
 616 0.0000     0.0000     0.00000    0.000000000
 617 0.0000     0.0000     0.00000    0.000000000
 618 0.0000     0.0000     0.00000    0.000000000
 619 0.0000     0.0000     0.00000    0.000000000
 620 0.0000     0.0000     0.00000    0.000000000
 621 0.0000     0.0000     0.00000    0.000000000
 622 0.0000     0.0000     0.00000    0.000000000
 623 0.0000     0.0000     0.00000    0.000000000
 624 0.0000     0.0000     0.00000    0.000000000
 625 0.0000     0.0000     0.00000    0.000000000
 626 0.0000     0.0000     0.00000    0.000000000
 627 0.0000     0.0000     0.00000    0.000000000
 628 0.0000     0.0000     0.00000    0.000000000
 629 0.0000     0.0000     0.00000    0.000000000
 630 0.0000     0.0000     0.00000    0.000000000
 631 0.0000     0.0000     0.00000    0.000000000
 632 0.0000     0.0000     0.00000    0.000000000
 633 0.0000     0.0000     0.00000    0.000000000
 634 0.0000     0.0000     0.00000    0.000000000
 635 0.0000     0.0000     0.00000    0.000000000
 636 0.0000     0.0000     0.00000    0.000000000
 637 0.0000     0.0000     0.00000    0.000000000
 638 0.0000     0.0000     0.00000    0.000000000
 639 0.0000     0.0000     0.00000    0.000000000
 640 0.0000     0.0000     0.00000    0.000000000
 641 0.0000     0.0000     0.00000    0.000000000
 642 0.0000     0.0000     0.00000    0.000000000
 643 0.0000     0.0000     0.00000    0.000000000
 644 0.0000     0.0000     0.00000    0.000000000
 645 0.0000     0.0000     0.00000    0.000000000
 646 0.0000     0.0000     0.00000    0.000000000
 647 0.0000     0.0000     0.00000    0.000000000
 648 0.0000     0.0000     0.00000    0.000000000
 649 0.0000     0.0000     0.00000    0.000000000
 650 0.0000     0.0000     0.00000    0.000000000
 651 0.0000     0.0000     0.00000    0.000000000
 652 0.0000     0.0000     0.00000    0.000000000
 653 0.0000     0.0000     0.00000    0.000000000
 654 0.0000     0.0000     0.00000    0.000000000
 655 0.0000     0.0000     0.00000    0.000000000
 656 0.0000     0.0000     0.00000    0.000000000
 657 0.0000     0.0000     0.00000    0.000000000
 658 0.0000     0.0000     0.00000    0.000000000
 659 0.0000     0.0000     0.00000    0.000000000
 660 0.0000     0.0000     0.00000    0.000000000
 661 0.0000     0.0000     0.00000    0.000000000
 662 0.0000     0.0000     0.00000    0.000000000
 663 0.0000     0.0000     0.00000    0.000000000
 664 0.0000     0.0000     0.00000    0.000000000
 665 0.0000     0.0000     0.00000    0.000000000
 666 0.0000     0.0000     0.00000    0.000000000
 667 0.0000     0.0000     0.00000    0.000000000
 668 0.0000     0.0000     0.00000    0.000000000
 669 0.0000     0.0000     0.00000    0.000000000
 670 0.0000     0.0000     0.00000    0.000000000
 671 0.0000     0.0000     0.00000    0.000000000
 672 0.0000     0.0000     0.00000    0.000000000
 673 0.0000     0.0000     0.00000    0.000000000
 674 0.0000     0.0000     0.00000    0.000000000
 675 0.0000     0.0000     0.00000    0.000000000
 676 0.0000     0.0000     0.00000    0.000000000
 677 0.0000     0.0000     0.00000    0.000000000
 678 0.0000     0.0000     0.00000    0.000000000
 679 0.0000     0.0000     0.00000    0.000000000
 680 0.0000     0.0000     0.00000    0.000000000
 681 0.0000     0.0000     0.00000    0.000000000
 682 0.0000     0.0000     0.00000    0.000000000
 683 0.0000     0.0000     0.00000    0.000000000
 684 0.0000     0.0000     0.00000    0.000000000
 685 0.0000     0.0000     0.00000    0.000000000
 686 0.0000     0.0000     0.00000    0.000000000
 687 0.0000     0.0000     0.00000    0.000000000
 688 0.0000     0.0000     0.00000    0.000000000
 689 0.0000     0.0000     0.00000    0.000000000
 690 0.0000     0.0000     0.00000    0.000000000
 691 0.0000     0.0000     0.00000    0.000000000
 692 0.0000     0.0000     0.00000    0.000000000
 693 0.0000     0.0000     0.00000    0.000000000
 694 0.0000     0.0000     0.00000    0.000000000
 695 0.0000     0.0000     0.00000    0.000000000
 696 0.0000     0.0000     0.00000    0.000000000
 697 0.0000     0.0000     0.00000    0.000000000
 698 0.0000     0.0000     0.00000    0.000000000
 699 0.0000     0.0000     0.00000    0.000000000
 700 0.0000     0.0000     0.00000    0.000000000
*** syn_PUB ***
 400 0.0000     0.0000     0.00000    0.000000000
 401 0.0000     0.0000     0.00000    0.000000000
 402 0.0000     0.0000     0.00000    0.000000000
 403 0.0000     0.0000     0.00000    0.000000000
 404 0.0000     0.0000     0.00000    0.000000000
 405 0.0000     0.0000     0.00000    0.000000000
 406 0.0000     0.0000     0.00000    0.000000000
 407 0.0000     0.0000     0.00000    0.000000000
 408 0.0000     0.0000     0.00000    0.000000000
 409 0.0000     0.0000     0.00000    0.000000000
 410 0.0000     0.0000     0.00000    0.000000000
 411 0.0000     0.0000     0.00000    0.000000000
 412 0.0000     0.0000     0.00000    0.000000000
 413 0.0000     0.0000     0.00000    0.000000000
 414 0.0000     0.0000     0.00000    0.000000000
 415 0.0000     0.0000     0.00000    0.000000000
 416 0.0000     0.0000     0.00000    0.000000000
 417 0.0000     0.0000     0.00000    0.000000000
 418 0.0000     0.0000     0.00000    0.000000000
 419 0.0000     0.0000     0.00000    0.000000000
 420 0.0000     0.0000     0.00000    0.000000000
 421 0.0000     0.0000     0.00000    0.000000000
 422 0.0000     0.0000     0.00000    0.000000000
 423 0.0000     0.0000     0.00000    0.000000000
 424 0.0000     0.0000     0.00000    0.000000000
 425 0.0000     0.0000     0.00000    0.000000000
 426 0.0000     0.0000     0.00000    0.000000000
 427 0.0000     0.0000     0.00000    0.000000000
 428 0.0000     0.0000     0.00000    0.000000000
 429 0.0000     0.0000     0.00000    0.000000000
 430 0.0000     0.0000     0.00000    0.000000000
 431 0.0000     0.0000     0.00000    0.000000000
 432 0.0000     0.0000     0.00000    0.000000000
 433 0.0000     0.0000     0.00000    0.000000000
 434 0.0000     0.0000     0.00000    0.000000000
 435 0.0000     0.0000     0.00000    0.000000000
 436 0.0000     0.0000     0.00000    0.000000000
 437 0.0000     0.0000     0.00000    0.000000000
 438 0.0000     0.0000     0.00000    0.000000000
 439 0.0000     0.0000     0.00000    0.000000000
 440 0.0000     0.0000     0.00000    0.000000000
 441 0.0000     0.0000     0.00000    0.000000000
 442 0.0000     0.0000     0.00000    0.000000000
 443 0.0000     0.0000     0.00000    0.000000000
 444 0.0000     0.0000     0.00000    0.000000000
 445 0.0000     0.0000     0.00000    0.000000000
 446 0.0000     0.0000     0.00000    0.000000000
 447 0.0000     0.0000     0.00000    0.000000000
 448 0.0000     0.0000     0.00000    0.000000000
 449 0.0000     0.0000     0.00000    0.000000000
 450 0.0000     0.0000     0.00000    0.000000000
 451 0.0000     0.0000     0.00000    0.000000000
 452 0.0000     0.0000     0.00000    0.000000000
 453 0.0000     0.0000     0.00000    0.000000000
 454 0.0000     0.0000     0.00000    0.000000000
 455 0.0000     0.0000     0.00000    0.000000000
 456 0.0000     0.0000     0.00000    0.000000000
 457 0.0000     0.0000     0.00000    0.000000000
 458 0.0000     0.0000     0.00000    0.000000000
 459 0.0000     0.0000     0.00000    0.000000000
 460 0.0000     0.0000     0.00000    0.000000000
 461 0.0000     0.0000     0.00000    0.000000000
 462 0.0000     0.0000     0.00000    0.000000000
 463 0.0000     0.0000     0.00000    0.000000000
 464 0.0000     0.0000     0.00000    0.000000000
 465 0.0000     0.0000     0.00000    0.000000000
 466 0.0000     0.0000     0.00000    0.000000000
 467 0.0000     0.0000     0.00000    0.000000000
 468 0.0000     0.0000     0.00000    0.000000000
 469 0.0000     0.0000     0.00000    0.000000000
 470 0.0000     0.0000     0.00000    0.000000000
 471 0.0000     0.0000     0.00000    0.000000000
 472 0.0000     0.0000     0.00000    0.000000000
 473 0.0000     0.0000     0.00000    0.000000000
 474 0.0000     0.0000     0.00000    0.000000000
 475 0.0000     0.0000     0.00000    0.000000000
 476 0.0000     0.0000     0.00000    0.000000000
 477 0.0000     0.0000     0.00000    0.000000000
 478 0.0000     0.0000     0.00000    0.000000000
 479 0.0000     0.0000     0.00000    0.000000000
 480 0.0000     0.0000     0.00000    0.000000000
 481 0.0000     0.0000     0.00000    0.000000000
 482 0.0000     0.0000     0.00000    0.000000000
 483 0.0000     0.0000     0.00000    0.000000000
 484 0.0000     0.0000     0.00000    0.000000000
 485 0.0000     0.0000     0.00000    0.000000000
 486 0.0000     0.0000     0.00000    0.000000000
 487 0.0000     0.0000     0.00000    0.000000000
 488 0.0000     0.0000     0.00000    0.000000000
 489 0.0000     0.0000     0.00000    0.000000000
 490 0.0000     0.0000     0.00000    0.000000000
 491 0.0000     0.0000     0.00000    0.000000000
 492 0.0000     0.0000     0.00000    0.000000000
 493 0.0000     0.0000     0.00000    0.000000000
 494 0.0000     0.0000     0.00000    0.000000000
 495 0.0000     0.0000     0.00000    0.000000000
 496 0.0000     0.0000     0.00000    0.000000000
 497 0.0000     0.0000     0.00000    0.000000000
 498 0.0000     0.0000     0.00000    0.000000000
 499 0.0000     0.0000     0.00000    0.000000000
 500 0.0000     0.0000     0.00000    0.000000000
 501 0.0000     0.0000     0.00000    0.000000000
 502 0.0000     0.0000     0.00000    0.000000000
 503 0.0000     0.0000     0.00000    0.000000000
 504 0.0000     0.0000     0.00000    0.000000000
 505 0.0000     0.0000     0.00000    0.000000000
 506 0.0000     0.0000     0.00000    0.000000000
 507 0.0000     0.0000     0.00000    0.000000000
 508 0.0000     0.0000     0.00000    0.000000000
 509 0.0000     0.0000     0.00000    0.000000000
 510 0.0000     0.0000     0.00000    0.000000000
 511 0.0000     0.0000     0.00000    0.000000000
 512 0.0000     0.0000     0.00000    0.000000000
 513 0.0000     0.0000     0.00000    0.000000000
 514 0.0000     0.0000     0.00000    0.000000000
 515 0.0000     0.0000     0.00000    0.000000000
 516 0.0000     0.0000     0.00000    0.000000000
 517 0.0000     0.0000     0.00000    0.000000000
 518 0.0000     0.0000     0.00000    0.000000000
 519 0.0000     0.0000     0.00000    0.000000000
 520 0.0000     0.0000     0.00000    0.000000000
 521 0.0000     0.0000     0.00000    0.000000000
 522 0.0000     0.0000     0.00000    0.000000000
 523 0.0000     0.0000     0.00000    0.000000000
 524 0.0000     0.0000     0.00000    0.000000000
 525 0.0000     0.0000     0.00000    0.000000000
 526 0.0000     0.0000     0.00000    0.000000000
 527 0.0000     0.0000     0.00000    0.000000000
 528 0.0000     0.0000     0.00000    0.000000000
 529 0.0000     0.0000     0.00000    0.000000000
 530 0.0000     0.0000     0.00000    0.000000000
 531 0.0000     0.0000     0.00000    0.000000000
 532 0.0000     0.0000     0.00000    0.000000000
 533 0.0000     0.0000     0.00000    0.000000000
 534 0.0000     0.0000     0.00000    0.000000000
 535 0.0000     0.0000     0.00000    0.000000000
 536 0.0000     0.0000     0.00000    0.000000000
 537 0.0000     0.0000     0.00000    0.000000000
 538 0.0000     0.0000     0.00000    0.000000000
 539 0.0000     0.0000     0.00000    0.000000000
 540 0.0000     0.0000     0.00000    0.000000000
 541 0.0000     0.0000     0.00000    0.000000000
 542 0.0000     0.0000     0.00000    0.000000000
 543 0.0000     0.0000     0.00000    0.000000000
 544 0.0000     0.0000     0.00000    0.000000000
 545 0.0000     0.0000     0.00000    0.000000000
 546 0.0000     0.0000     0.00000    0.000000000
 547 0.0000     0.0000     0.00000    0.000000000
 548 0.0000     0.0000     0.00000    0.000000000
 549 0.0000     0.0000     0.00000    0.000000000
 550 0.0000     0.0000     0.00000    0.000000000
 551 0.0000     0.0000     0.00000    0.000000000
 552 0.0000     0.0000     0.00000    0.000000000
 553 0.0000     0.0000     0.00000    0.000000000
 554 0.0000     0.0000     0.00000    0.000000000
 555 0.0000     0.0000     0.00000    0.000000000
 556 0.0000     0.0000     0.00000    0.000000000
 557 0.0000     0.0000     0.00000    0.000000000
 558 0.0000     0.0000     0.00000    0.000000000
 559 0.0000     0.0000     0.00000    0.000000000
 560 0.0000     0.0000     0.00000    0.000000000
 561 0.0000     0.0000     0.00000    0.000000000
 562 0.0000     0.0000     0.00000    0.000000000
 563 0.0000     0.0000     0.00000    0.000000000
 564 0.0000     0.0000     0.00000    0.000000000
 565 0.0000     0.0000     0.00000    0.000000000
 566 0.0000     0.0000     0.00000    0.000000000
 567 0.0000     0.0000     0.00000    0.000000000
 568 0.0000     0.0000     0.00000    0.000000000
 569 0.0000     0.0000     0.00000    0.000000000
 570 0.0000     0.0000     0.00000    0.000000000
 571 0.0000     0.0000     0.00000    0.000000000
 572 0.0000     0.0000     0.00000    0.000000000
 573 0.0000     0.0000     0.00000    0.000000000
 574 0.0000     0.0000     0.00000    0.000000000
 575 0.0000     0.0000     0.00000    0.000000000
 576 0.0000     0.0000     0.00000    0.000000000
 577 0.0000     0.0000     0.00000    0.000000000
 578 0.0000     0.0000     0.00000    0.000000000
 579 0.0000     0.0000     0.00000    0.000000000
 580 0.0000     0.0000     0.00000    0.000000000
 581 0.0000     0.0000     0.00000    0.000000000
 582 0.0000     0.0000     0.00000    0.000000000
 583 0.0000     0.0000     0.00000    0.000000000
 584 0.0000     0.0000     0.00000    0.000000000
 585 0.0000     0.0000     0.00000    0.000000000
 586 0.0000     0.0000     0.00000    0.000000000
 587 0.0000     0.0000     0.00000    0.000000000
 588 0.0000     0.0000     0.00000    0.000000000
 589 0.0000     0.0000     0.00000    0.000000000
 590 0.0000     0.0000     0.00000    0.000000000
 591 0.0000     0.0000     0.00000    0.000000000
 592 0.0000     0.0000     0.00000    0.000000000
 593 0.0000     0.0000     0.00000    0.000000000
 594 0.0000     0.0000     0.00000    0.000000000
 595 0.0000     0.0000     0.00000    0.000000000
 596 0.0000     0.0000     0.00000    0.000000000
 597 0.0000     0.0000     0.00000    0.000000000
 598 0.0000     0.0000     0.00000    0.000000000
 599 0.0000     0.0000     0.00000    0.000000000
 600 0.0000     0.0000     0.00000    0.000000000
 601 0.0000     0.0000     0.00000    0.000000000
 602 0.0000     0.0000     0.00000    0.000000000
 603 0.0000     0.0000     0.00000    0.000000000
 604 0.0000     0.0000     0.00000    0.000000000
 605 0.0000     0.0000     0.00000    0.000000000
 606 0.0000     0.0000     0.00000    0.000000000
 607 0.0000     0.0000     0.00000    0.000000000
 608 0.0000     0.0000     0.00000    0.000000000
 609 0.0000     0.0000     0.00000    0.000000000
 610 0.0000     0.0000     0.00000    0.000000000
 611 0.0000     0.0000     0.00000    0.000000000
 612 0.0000     0.0000     0.00000    0.000000000
 613 0.0000     0.0000     0.00000    0.000000000
 614 0.0000     0.0000     0.00000    0.000000000
 615 0.0000     0.0000     0.00000    0.000000000
 616 0.0000     0.0000     0.00000    0.000000000
 617 0.0000     0.0000     0.00000    0.000000000
 618 0.0000     0.0000     0.00000    0.000000000
 619 0.0000     0.0000     0.00000    0.000000000
 620 0.0000     0.0000     0.00000    0.000000000
 621 0.0000     0.0000     0.00000    0.000000000
 622 0.0000     0.0000     0.00000    0.000000000
 623 0.0000     0.0000     0.00000    0.000000000
 624 0.0000     0.0000     0.00000    0.000000000
 625 0.0000     0.0000     0.00000    0.000000000
 626 0.0000     0.0000     0.00000    0.000000000
 627 0.0000     0.0000     0.00000    0.000000000
 628 0.0000     0.0000     0.00000    0.000000000
 629 0.0000     0.0000     0.00000    0.000000000
 630 0.0000     0.0000     0.00000    0.000000000
 631 0.0000     0.0000     0.00000    0.000000000
 632 0.0000     0.0000     0.00000    0.000000000
 633 0.0000     0.0000     0.00000    0.000000000
 634 0.0000     0.0000     0.00000    0.000000000
 635 0.0000     0.0000     0.00000    0.000000000
 636 0.0000     0.0000     0.00000    0.000000000
 637 0.0000     0.0000     0.00000    0.000000000
 638 0.0000     0.0000     0.00000    0.000000000
 639 0.0000     0.0000     0.00000    0.000000000
 640 0.0000     0.0000     0.00000    0.000000000
 641 0.0000     0.0000     0.00000    0.000000000
 642 0.0000     0.0000     0.00000    0.000000000
 643 0.0000     0.0000     0.00000    0.000000000
 644 0.0000     0.0000     0.00000    0.000000000
 645 0.0000     0.0000     0.00000    0.000000000
 646 0.0000     0.0000     0.00000    0.000000000
 647 0.0000     0.0000     0.00000    0.000000000
 648 0.0000     0.0000     0.00000    0.000000000
 649 0.0000     0.0000     0.00000    0.000000000
 650 0.0000     0.0000     0.00000    0.000000000
 651 0.0000     0.0000     0.00000    0.000000000
 652 0.0000     0.0000     0.00000    0.000000000
 653 0.0000     0.0000     0.00000    0.000000000
 654 0.0000     0.0000     0.00000    0.000000000
 655 0.0000     0.0000     0.00000    0.000000000
 656 0.0000     0.0000     0.00000    0.000000000
 657 0.0000     0.0000     0.00000    0.000000000
 658 0.0000     0.0000     0.00000    0.000000000
 659 0.0000     0.0000     0.00000    0.000000000
 660 0.0000     0.0000     0.00000    0.000000000
 661 0.0000     0.0000     0.00000    0.000000000
 662 0.0000     0.0000     0.00000    0.000000000
 663 0.0000     0.0000     0.00000    0.000000000
 664 0.0000     0.0000     0.00000    0.000000000
 665 0.0000     0.0000     0.00000    0.000000000
 666 0.0000     0.0000     0.00000    0.000000000
 667 0.0000     0.0000     0.00000    0.000000000
 668 0.0000     0.0000     0.00000    0.000000000
 669 0.0000     0.0000     0.00000    0.000000000
 670 0.0000     0.0000     0.00000    0.000000000
 671 0.0000     0.0000     0.00000    0.000000000
 672 0.0000     0.0000     0.00000    0.000000000
 673 0.0000     0.0000     0.00000    0.000000000
 674 0.0000     0.0000     0.00000    0.000000000
 675 0.0000     0.0000     0.00000    0.000000000
 676 0.0000     0.0000     0.00000    0.000000000
 677 0.0000     0.0000     0.00000    0.000000000
 678 0.0000     0.0000     0.00000    0.000000000
 679 0.0000     0.0000     0.00000    0.000000000
 680 0.0000     0.0000     0.00000    0.000000000
 681 0.0000     0.0000     0.00000    0.000000000
 682 0.0000     0.0000     0.00000    0.000000000
 683 0.0000     0.0000     0.00000    0.000000000
 684 0.0000     0.0000     0.00000    0.000000000
 685 0.0000     0.0000     0.00000    0.000000000
 686 0.0000     0.0000     0.00000    0.000000000
 687 0.0000     0.0000     0.00000    0.000000000
 688 0.0000     0.0000     0.00000    0.000000000
 689 0.0000     0.0000     0.00000    0.000000000
 690 0.0000     0.0000     0.00000    0.000000000
 691 0.0000     0.0000     0.00000    0.000000000
 692 0.0000     0.0000     0.00000    0.000000000
 693 0.0000     0.0000     0.00000    0.000000000
 694 0.0000     0.0000     0.00000    0.000000000
 695 0.0000     0.0000     0.00000    0.000000000
 696 0.0000     0.0000     0.00000    0.000000000
 697 0.0000     0.0000     0.00000    0.000000000
 698 0.0000     0.0000     0.00000    0.000000000
 699 0.0000     0.0000     0.00000    0.000000000
 700 0.0000     0.0000     0.00000    0.000000000
