# Joint PDF of model "actual" Chl-a vs CDOM, digitized from Fig. 10a of
# Dutkiewicz et al. (2018), Biogeosciences 15, 613-630,
# doi:10.5194/bg-15-613-2018, by robust/dutkiewicz2018_fig10.py.
# Bin centres on a regular log10 grid (40 bins per decade).
# count    : mean per-native-bin sample count from the colorbar (relative density)
# fraction : count normalized to sum to 1 over all listed bins
# CDOM in mmol C m-3; Chl in mg m-3.
log10_CDOM,log10_Chl,CDOM,Chl,count,fraction
-2.4125,-1.9875,0.00386812,0.010292,1.20286,3.383235e-07
-2.4125,-1.9625,0.00386812,0.0109018,0.962285,2.706588e-07
-2.3875,-1.9875,0.00409732,0.010292,10.9825,3.089019e-06
-2.3875,-1.9625,0.00409732,0.0109018,9.44151,2.655583e-06
-2.3875,-1.9375,0.00409732,0.0115478,2.45765,6.912542e-07
-2.3875,-1.9125,0.00409732,0.0122321,0.225059,6.330172e-08
-2.3625,-1.9875,0.0043401,0.010292,30.3367,8.532703e-06
-2.3625,-1.9625,0.0043401,0.0109018,27.1244,7.629184e-06
-2.3625,-1.9375,0.0043401,0.0115478,10.4785,2.947248e-06
-2.3625,-1.9125,0.0043401,0.0122321,3.03703,8.542163e-07
-2.3625,-1.8875,0.0043401,0.0129569,0.445516,1.253089e-07
-2.3375,-1.9875,0.00459727,0.010292,115.38,3.245247e-05
-2.3375,-1.9625,0.00459727,0.0109018,86.3321,2.428234e-05
-2.3375,-1.9375,0.00459727,0.0115478,42.9211,1.207227e-05
-2.3375,-1.9125,0.00459727,0.0122321,19.5438,5.497006e-06
-2.3375,-1.8875,0.00459727,0.0129569,6.03296,1.696869e-06
-2.3375,-1.8625,0.00459727,0.0137246,1.2419,3.493038e-07
-2.3125,-1.9875,0.00486968,0.010292,1077.88,3.031712e-04
-2.3125,-1.9625,0.00486968,0.0109018,176.388,4.961215e-05
-2.3125,-1.9375,0.00486968,0.0115478,102.802,2.891490e-05
-2.3125,-1.9125,0.00486968,0.0122321,62.827,1.767113e-05
-2.3125,-1.8875,0.00486968,0.0129569,23.2837,6.548939e-06
-2.3125,-1.8625,0.00486968,0.0137246,5.10432,1.435676e-06
-2.3125,-1.8375,0.00486968,0.0145378,0.701253,1.972392e-07
-2.3125,-1.8125,0.00486968,0.0153993,0.0687347,1.933277e-08
-2.2875,-1.9875,0.00515822,0.010292,1217.5,3.424409e-04
-2.2875,-1.9625,0.00515822,0.0109018,362.439,1.019419e-04
-2.2875,-1.9375,0.00515822,0.0115478,272.183,7.655588e-05
-2.2875,-1.9125,0.00515822,0.0122321,233.811,6.576327e-05
-2.2875,-1.8875,0.00515822,0.0129569,108.303,3.046215e-05
-2.2875,-1.8625,0.00515822,0.0137246,29.0096,8.159432e-06
-2.2875,-1.8375,0.00515822,0.0145378,5.57459,1.567946e-06
-2.2875,-1.8125,0.00515822,0.0153993,1.65343,4.650561e-07
-2.2625,-1.9875,0.00546387,0.010292,1255.47,3.531225e-04
-2.2625,-1.9625,0.00546387,0.0109018,454.143,1.277353e-04
-2.2625,-1.9375,0.00546387,0.0115478,409.674,1.152275e-04
-2.2625,-1.9125,0.00546387,0.0122321,349.604,9.833202e-05
-2.2625,-1.8875,0.00546387,0.0129569,230.562,6.484927e-05
-2.2625,-1.8625,0.00546387,0.0137246,103.691,2.916470e-05
-2.2625,-1.8375,0.00546387,0.0145378,23.6107,6.640897e-06
-2.2625,-1.8125,0.00546387,0.0153993,7.13814,2.007720e-06
-2.2625,-1.7875,0.00546387,0.0163117,0.755907,2.126116e-07
-2.2625,-1.7625,0.00546387,0.0172783,0.653477,1.838013e-07
-2.2375,-1.9875,0.00578762,0.010292,1307.1,3.676425e-04
-2.2375,-1.9625,0.00578762,0.0109018,527.139,1.482666e-04
-2.2375,-1.9375,0.00578762,0.0115478,509.406,1.432789e-04
-2.2375,-1.9125,0.00578762,0.0122321,447.227,1.257900e-04
-2.2375,-1.8875,0.00578762,0.0129569,345.67,9.722541e-05
-2.2375,-1.8625,0.00578762,0.0137246,256.858,7.224562e-05
-2.2375,-1.8375,0.00578762,0.0145378,127.731,3.592648e-05
-2.2375,-1.8125,0.00578762,0.0153993,43.0099,1.209725e-05
-2.2375,-1.7875,0.00578762,0.0163117,0.37127,1.044260e-07
-2.2375,-1.7625,0.00578762,0.0172783,1.06652,2.999767e-07
-2.2125,-1.9875,0.00613056,0.010292,1281.93,3.605636e-04
-2.2125,-1.9625,0.00613056,0.0109018,579.608,1.630244e-04
-2.2125,-1.9375,0.00613056,0.0115478,527.139,1.482666e-04
-2.2125,-1.9125,0.00613056,0.0122321,509.406,1.432789e-04
-2.2125,-1.8875,0.00613056,0.0129569,501.438,1.410377e-04
-2.2125,-1.8625,0.00613056,0.0137246,380.211,1.069406e-04
-2.2125,-1.8375,0.00613056,0.0145378,271.203,7.628029e-05
-2.2125,-1.8125,0.00613056,0.0153993,177.481,4.991960e-05
-2.2125,-1.7875,0.00613056,0.0163117,43.6558,1.227892e-05
-2.2125,-1.7625,0.00613056,0.0172783,9.31966,2.621309e-06
-2.2125,-1.7375,0.00613056,0.0183021,2.22312,6.252883e-07
-2.2125,-1.7125,0.00613056,0.0193865,0.0695863,1.957229e-08
-2.1875,-1.9875,0.00649382,0.010292,1318.63,3.708881e-04
-2.1875,-1.9625,0.00649382,0.0109018,527.139,1.482666e-04
-2.1875,-1.9375,0.00649382,0.0115478,536.886,1.510082e-04
-2.1875,-1.9125,0.00649382,0.0122321,546.271,1.536477e-04
-2.1875,-1.8875,0.00649382,0.0129569,626.893,1.763240e-04
-2.1875,-1.8625,0.00649382,0.0137246,513.073,1.443104e-04
-2.1875,-1.8375,0.00649382,0.0145378,362.612,1.019908e-04
-2.1875,-1.8125,0.00649382,0.0153993,305.171,8.583445e-05
-2.1875,-1.7875,0.00649382,0.0163117,167.287,4.705220e-05
-2.1875,-1.7625,0.00649382,0.0172783,54.4769,1.532253e-05
-2.1875,-1.7375,0.00649382,0.0183021,9.33824,2.626537e-06
-2.1875,-1.7125,0.00649382,0.0193865,1.44699,4.069913e-07
-2.1875,-1.6875,0.00649382,0.0205353,0.200476,5.638725e-08
-2.1625,-1.9875,0.0068786,0.010292,1352.37,3.803759e-04
-2.1625,-1.9625,0.0068786,0.0109018,565.946,1.591819e-04
-2.1625,-1.9375,0.0068786,0.0115478,556.925,1.566444e-04
-2.1625,-1.9125,0.0068786,0.0122321,614.138,1.727366e-04
-2.1625,-1.8875,0.0068786,0.0129569,641.928,1.805531e-04
-2.1625,-1.8625,0.0068786,0.0137246,659.613,1.855272e-04
-2.1625,-1.8375,0.0068786,0.0145378,508.432,1.430051e-04
-2.1625,-1.8125,0.0068786,0.0153993,421.474,1.185465e-04
-2.1625,-1.7875,0.0068786,0.0163117,323.908,9.110464e-05
-2.1625,-1.7625,0.0068786,0.0172783,202.014,5.681967e-05
-2.1625,-1.7375,0.0068786,0.0183021,92.4158,2.599347e-05
-2.1625,-1.7125,0.0068786,0.0193865,15.7982,4.443494e-06
-2.1625,-1.6875,0.0068786,0.0205353,2.34747,6.602651e-07
-2.1625,-1.6625,0.0068786,0.021752,0.0925274,2.602489e-08
-2.1375,-1.9875,0.00728618,0.010292,1399.14,3.935316e-04
-2.1375,-1.9625,0.00728618,0.0109018,635.733,1.788104e-04
-2.1375,-1.9375,0.00728618,0.0115478,622.797,1.751720e-04
-2.1375,-1.9125,0.00728618,0.0122321,632.544,1.779136e-04
-2.1375,-1.8875,0.00728618,0.0129569,641.928,1.805531e-04
-2.1375,-1.8625,0.00728618,0.0137246,675.201,1.899116e-04
-2.1375,-1.8375,0.00728618,0.0145378,669.29,1.882488e-04
-2.1375,-1.8125,0.00728618,0.0153993,542.199,1.525025e-04
-2.1375,-1.7875,0.00728618,0.0163117,422.173,1.187433e-04
-2.1375,-1.7625,0.00728618,0.0172783,325.804,9.163779e-05
-2.1375,-1.7375,0.00728618,0.0183021,246.408,6.930624e-05
-2.1375,-1.7125,0.00728618,0.0193865,112.218,3.156309e-05
-2.1375,-1.6875,0.00728618,0.0205353,20.074,5.646156e-06
-2.1375,-1.6625,0.00728618,0.021752,2.63896,7.422528e-07
-2.1125,-1.9875,0.00771792,0.010292,1588.5,4.467913e-04
-2.1125,-1.9625,0.00771792,0.0109018,666.302,1.874086e-04
-2.1125,-1.9375,0.00771792,0.0115478,665.226,1.871059e-04
-2.1125,-1.9125,0.00771792,0.0122321,712.705,2.004602e-04
-2.1125,-1.8875,0.00771792,0.0129569,666.11,1.873545e-04
-2.1125,-1.8625,0.00771792,0.0137246,685.745,1.928773e-04
-2.1125,-1.8375,0.00771792,0.0145378,766.404,2.155638e-04
-2.1125,-1.8125,0.00771792,0.0153993,684.6,1.925553e-04
-2.1125,-1.7875,0.00771792,0.0163117,520.413,1.463748e-04
-2.1125,-1.7625,0.00771792,0.0172783,408.325,1.148481e-04
-2.1125,-1.7375,0.00771792,0.0183021,332.918,9.363885e-05
-2.1125,-1.7125,0.00771792,0.0193865,223.394,6.283340e-05
-2.1125,-1.6875,0.00771792,0.0205353,101.361,2.850960e-05
-2.1125,-1.6625,0.00771792,0.021752,20.6697,5.813708e-06
-2.1125,-1.6375,0.00771792,0.0230409,3.34432,9.406449e-07
-2.1125,-1.6125,0.00771792,0.0244062,0.886824,2.494340e-07
-2.1125,-1.5875,0.00771792,0.0258523,0.194009,5.456831e-08
-2.0875,-1.9875,0.00817523,0.010292,1067.21,3.001708e-04
-2.0875,-1.9625,0.00817523,0.0109018,850.385,2.391851e-04
-2.0875,-1.9375,0.00817523,0.0115478,782.522,2.200972e-04
-2.0875,-1.9125,0.00817523,0.0122321,781.714,2.198702e-04
-2.0875,-1.8875,0.00817523,0.0129569,781.714,2.198702e-04
-2.0875,-1.8625,0.00817523,0.0137246,781.714,2.198702e-04
-2.0875,-1.8375,0.00817523,0.0145378,781.714,2.198702e-04
-2.0875,-1.8125,0.00817523,0.0153993,767.066,2.157502e-04
-2.0875,-1.7875,0.00817523,0.0163117,778.052,2.188402e-04
-2.0875,-1.7625,0.00817523,0.0172783,541.32,1.522553e-04
-2.0875,-1.7375,0.00817523,0.0183021,437.691,1.231079e-04
-2.0875,-1.7125,0.00817523,0.0193865,332.962,9.365113e-05
-2.0875,-1.6875,0.00817523,0.0205353,255.125,7.175813e-05
-2.0875,-1.6625,0.00817523,0.021752,106.702,3.001171e-05
-2.0875,-1.6375,0.00817523,0.0230409,31.5874,8.884484e-06
-2.0875,-1.6125,0.00817523,0.0244062,3.38044,9.508059e-07
-2.0875,-1.5875,0.00817523,0.0258523,0.353268,9.936241e-08
-2.0625,-1.9875,0.00865964,0.010292,396.095,1.114084e-04
-2.0625,-1.9625,0.00865964,0.0109018,482.552,1.357257e-04
-2.0625,-1.9375,0.00865964,0.0115478,809.496,2.276842e-04
-2.0625,-1.9125,0.00865964,0.0122321,799.401,2.248447e-04
-2.0625,-1.8875,0.00865964,0.0129569,824.719,2.319660e-04
-2.0625,-1.8625,0.00865964,0.0137246,832.352,2.341128e-04
-2.0625,-1.8375,0.00865964,0.0145378,799.401,2.248447e-04
-2.0625,-1.8125,0.00865964,0.0153993,735.782,2.069509e-04
-2.0625,-1.7875,0.00865964,0.0163117,702.603,1.976187e-04
-2.0625,-1.7625,0.00865964,0.0172783,757.071,2.129389e-04
-2.0625,-1.7375,0.00865964,0.0183021,703.826,1.979628e-04
-2.0625,-1.7125,0.00865964,0.0193865,492.275,1.384606e-04
-2.0625,-1.6875,0.00865964,0.0205353,362.863,1.020613e-04
-2.0625,-1.6625,0.00865964,0.021752,233.947,6.580148e-05
-2.0625,-1.6375,0.00865964,0.0230409,147.48,4.148126e-05
-2.0625,-1.6125,0.00865964,0.0244062,35.5399,9.996178e-06
-2.0625,-1.5875,0.00865964,0.0258523,6.62722,1.864016e-06
-2.0625,-1.5625,0.00865964,0.0273842,0.328052,9.227005e-08
-2.0375,-1.9875,0.00917276,0.010292,74.2655,2.088841e-05
-2.0375,-1.9625,0.00917276,0.0109018,139.419,3.921379e-05
-2.0375,-1.9375,0.00917276,0.0115478,612.747,1.723453e-04
-2.0375,-1.9125,0.00917276,0.0122321,809.496,2.276842e-04
-2.0375,-1.8875,0.00917276,0.0129569,917.335,2.580157e-04
-2.0375,-1.8625,0.00917276,0.0137246,946.597,2.662461e-04
-2.0375,-1.8375,0.00917276,0.0145378,903.786,2.542050e-04
-2.0375,-1.8125,0.00917276,0.0153993,832.352,2.341128e-04
-2.0375,-1.7875,0.00917276,0.0163117,713.022,2.005494e-04
-2.0375,-1.7625,0.00917276,0.0172783,783.791,2.204543e-04
-2.0375,-1.7375,0.00917276,0.0183021,828.335,2.329831e-04
-2.0375,-1.7125,0.00917276,0.0193865,680.534,1.914114e-04
-2.0375,-1.6875,0.00917276,0.0205353,477.673,1.343535e-04
-2.0375,-1.6625,0.00917276,0.021752,321.648,9.046897e-05
-2.0375,-1.6375,0.00917276,0.0230409,247.124,6.950786e-05
-2.0375,-1.6125,0.00917276,0.0244062,119.049,3.348460e-05
-2.0375,-1.5875,0.00917276,0.0258523,42.4748,1.194674e-05
-2.0375,-1.5625,0.00917276,0.0273842,2.23361,6.282391e-07
-2.0125,-1.9875,0.00971628,0.010292,6.57933,1.850547e-06
-2.0125,-1.9625,0.00971628,0.0109018,23.043,6.481221e-06
-2.0125,-1.9375,0.00971628,0.0115478,124.576,3.503913e-05
-2.0125,-1.9125,0.00971628,0.0122321,426.032,1.198286e-04
-2.0125,-1.8875,0.00971628,0.0129569,874.63,2.460043e-04
-2.0125,-1.8625,0.00971628,0.0137246,963.131,2.708967e-04
-2.0125,-1.8375,0.00971628,0.0145378,1043.38,2.934688e-04
-2.0125,-1.8125,0.00971628,0.0153993,1097.33,3.086413e-04
-2.0125,-1.7875,0.00971628,0.0163117,920.447,2.588910e-04
-2.0125,-1.7625,0.00971628,0.0172783,804.764,2.263534e-04
-2.0125,-1.7375,0.00971628,0.0183021,787.414,2.214733e-04
-2.0125,-1.7125,0.00971628,0.0193865,828.804,2.331151e-04
-2.0125,-1.6875,0.00971628,0.0205353,726.585,2.043641e-04
-2.0125,-1.6625,0.00971628,0.021752,584.528,1.644081e-04
-2.0125,-1.6375,0.00971628,0.0230409,452.144,1.271731e-04
-2.0125,-1.6125,0.00971628,0.0244062,309.087,8.693597e-05
-2.0125,-1.5875,0.00971628,0.0258523,179.573,5.050798e-05
-2.0125,-1.5625,0.00971628,0.0273842,46.0322,1.294733e-05
-2.0125,-1.5375,0.00971628,0.0290068,12.0692,3.394654e-06
-2.0125,-1.5125,0.00971628,0.0307256,0.985765,2.772630e-07
-2.0125,-1.4875,0.00971628,0.0325462,0.0497249,1.398595e-08
-1.9875,-1.9875,0.010292,0.010292,1.60226,4.506629e-07
-1.9875,-1.9625,0.010292,0.0109018,1.69159,4.757869e-07
-1.9875,-1.9375,0.010292,0.0115478,4.32796,1.217310e-06
-1.9875,-1.9125,0.010292,0.0122321,69.2774,1.948542e-05
-1.9875,-1.8875,0.010292,0.0129569,536.761,1.509730e-04
-1.9875,-1.8625,0.010292,0.0137246,1007.5,2.833771e-04
-1.9875,-1.8375,0.010292,0.0145378,1131.03,3.181224e-04
-1.9875,-1.8125,0.010292,0.0153993,1131.03,3.181224e-04
-1.9875,-1.7875,0.010292,0.0163117,1131.03,3.181224e-04
-1.9875,-1.7625,0.010292,0.0172783,1084.25,3.049633e-04
-1.9875,-1.7375,0.010292,0.0183021,930.721,2.617808e-04
-1.9875,-1.7125,0.010292,0.0193865,789.64,2.220994e-04
-1.9875,-1.6875,0.010292,0.0205353,905.886,2.547956e-04
-1.9875,-1.6625,0.010292,0.021752,923.073,2.596297e-04
-1.9875,-1.6375,0.010292,0.0230409,783.758,2.204449e-04
-1.9875,-1.6125,0.010292,0.0244062,605.725,1.703703e-04
-1.9875,-1.5875,0.010292,0.0258523,403.467,1.134818e-04
-1.9875,-1.5625,0.010292,0.0273842,184.949,5.201993e-05
-1.9875,-1.5375,0.010292,0.0290068,87.4437,2.459499e-05
-1.9875,-1.5125,0.010292,0.0307256,21.0932,5.932807e-06
-1.9875,-1.4875,0.010292,0.0325462,3.15067,8.861780e-07
-1.9875,-1.4625,0.010292,0.0344747,0.300714,8.458088e-08
-1.9625,-1.9875,0.0109018,0.010292,1.22657,3.449922e-07
-1.9625,-1.9625,0.0109018,0.0109018,1.25777,3.537674e-07
-1.9625,-1.9375,0.0109018,0.0115478,1.38843,3.905203e-07
-1.9625,-1.9125,0.0109018,0.0122321,3.30738,9.302548e-07
-1.9625,-1.8875,0.0109018,0.0129569,38.732,1.089402e-05
-1.9625,-1.8625,0.0109018,0.0137246,427.828,1.203338e-04
-1.9625,-1.8375,0.0109018,0.0145378,1031.79,2.902091e-04
-1.9625,-1.8125,0.0109018,0.0153993,1214.69,3.416517e-04
-1.9625,-1.7875,0.0109018,0.0163117,1132.59,3.185603e-04
-1.9625,-1.7625,0.0109018,0.0172783,1159.96,3.262574e-04
-1.9625,-1.7375,0.0109018,0.0183021,1220.22,3.432079e-04
-1.9625,-1.7125,0.0109018,0.0193865,1010.28,2.841581e-04
-1.9625,-1.6875,0.0109018,0.0205353,922.43,2.594487e-04
-1.9625,-1.6625,0.0109018,0.021752,1152.03,3.240285e-04
-1.9625,-1.6375,0.0109018,0.0230409,1242.8,3.495595e-04
-1.9625,-1.6125,0.0109018,0.0244062,1024.19,2.880707e-04
-1.9625,-1.5875,0.0109018,0.0258523,911.812,2.564624e-04
-1.9625,-1.5625,0.0109018,0.0273842,531.65,1.495355e-04
-1.9625,-1.5375,0.0109018,0.0290068,336.512,9.464961e-05
-1.9625,-1.5125,0.0109018,0.0307256,161.873,4.552948e-05
-1.9625,-1.4875,0.0109018,0.0325462,53.7907,1.512954e-05
-1.9625,-1.4625,0.0109018,0.0344747,11.8069,3.320898e-06
-1.9375,-1.9625,0.0115478,0.0109018,0.0751785,2.114522e-08
-1.9375,-1.9375,0.0115478,0.0115478,0.481143,1.353294e-07
-1.9375,-1.9125,0.0115478,0.0122321,1.39042,3.910781e-07
-1.9375,-1.8875,0.0115478,0.0129569,2.92095,8.215667e-07
-1.9375,-1.8625,0.0115478,0.0137246,114.396,3.217577e-05
-1.9375,-1.8375,0.0115478,0.0145378,650.272,1.828997e-04
-1.9375,-1.8125,0.0115478,0.0153993,1074.79,3.023022e-04
-1.9375,-1.7875,0.0115478,0.0163117,1131.81,3.183413e-04
-1.9375,-1.7625,0.0115478,0.0172783,1174.42,3.303250e-04
-1.9375,-1.7375,0.0115478,0.0183021,1350.74,3.799184e-04
-1.9375,-1.7125,0.0115478,0.0193865,1295.23,3.643051e-04
-1.9375,-1.6875,0.0115478,0.0205353,1065.81,2.997779e-04
-1.9375,-1.6625,0.0115478,0.021752,1057.99,2.975767e-04
-1.9375,-1.6375,0.0115478,0.0230409,1347.33,3.789601e-04
-1.9375,-1.6125,0.0115478,0.0244062,1462.5,4.113522e-04
-1.9375,-1.5875,0.0115478,0.0258523,1304.43,3.668932e-04
-1.9375,-1.5625,0.0115478,0.0273842,1025.92,2.885562e-04
-1.9375,-1.5375,0.0115478,0.0290068,767.251,2.158021e-04
-1.9375,-1.5125,0.0115478,0.0307256,492.36,1.384845e-04
-1.9375,-1.4875,0.0115478,0.0325462,240.732,6.770988e-05
-1.9375,-1.4625,0.0115478,0.0344747,59.7048,1.679297e-05
-1.9375,-1.4375,0.0115478,0.0365174,7.83019,2.202372e-06
-1.9375,-1.4125,0.0115478,0.0386812,0.150357,4.229044e-08
-1.9125,-1.9125,0.0122321,0.0122321,0.721714,2.029941e-07
-1.9125,-1.8875,0.0122321,0.0129569,1.95714,5.504776e-07
-1.9125,-1.8625,0.0122321,0.0137246,5.10988,1.437238e-06
-1.9125,-1.8375,0.0122321,0.0145378,83.8802,2.359271e-05
-1.9125,-1.8125,0.0122321,0.0153993,482.907,1.358256e-04
-1.9125,-1.7875,0.0122321,0.0163117,1097.65,3.087312e-04
-1.9125,-1.7625,0.0122321,0.0172783,1259.24,3.541827e-04
-1.9125,-1.7375,0.0122321,0.0183021,1175.98,3.307629e-04
-1.9125,-1.7125,0.0122321,0.0193865,1377.33,3.873965e-04
-1.9125,-1.6875,0.0122321,0.0205353,1590.35,4.473125e-04
-1.9125,-1.6625,0.0122321,0.021752,1259.22,3.541754e-04
-1.9125,-1.6375,0.0122321,0.0230409,1354.16,3.808792e-04
-1.9125,-1.6125,0.0122321,0.0244062,1891.09,5.318995e-04
-1.9125,-1.5875,0.0122321,0.0258523,1951.87,5.489950e-04
-1.9125,-1.5625,0.0122321,0.0273842,1797.64,5.056156e-04
-1.9125,-1.5375,0.0122321,0.0290068,1493.19,4.199832e-04
-1.9125,-1.5125,0.0122321,0.0307256,1010.23,2.841451e-04
-1.9125,-1.4875,0.0122321,0.0325462,665.389,1.871518e-04
-1.9125,-1.4625,0.0122321,0.0344747,381.424,1.072818e-04
-1.9125,-1.4375,0.0122321,0.0365174,105.368,2.963653e-05
-1.9125,-1.4125,0.0122321,0.0386812,9.28774,2.612331e-06
-1.9125,-1.3875,0.0122321,0.0409732,0.240571,6.766470e-08
-1.8875,-1.8625,0.0129569,0.0137246,3.09191,8.696526e-07
-1.8875,-1.8375,0.0129569,0.0145378,9.50249,2.672733e-06
-1.8875,-1.8125,0.0129569,0.0153993,60.9642,1.714721e-05
-1.8875,-1.7875,0.0129569,0.0163117,510.54,1.435978e-04
-1.8875,-1.7625,0.0129569,0.0172783,1147.96,3.228843e-04
-1.8875,-1.7375,0.0129569,0.0183021,1311.25,3.688106e-04
-1.8875,-1.7125,0.0129569,0.0193865,1377.33,3.873965e-04
-1.8875,-1.6875,0.0129569,0.0205353,1545.85,4.347961e-04
-1.8875,-1.6625,0.0129569,0.021752,1641.68,4.617494e-04
-1.8875,-1.6375,0.0129569,0.0230409,1490.19,4.191419e-04
-1.8875,-1.6125,0.0129569,0.0244062,1778.63,5.002684e-04
-1.8875,-1.5875,0.0129569,0.0258523,2224.1,6.255639e-04
-1.8875,-1.5625,0.0129569,0.0273842,2534.7,7.129263e-04
-1.8875,-1.5375,0.0129569,0.0290068,2300.69,6.471083e-04
-1.8875,-1.5125,0.0129569,0.0307256,1791.14,5.037892e-04
-1.8875,-1.4875,0.0129569,0.0325462,1316.19,3.701999e-04
-1.8875,-1.4625,0.0129569,0.0344747,944.855,2.657561e-04
-1.8875,-1.4375,0.0129569,0.0365174,521.612,1.467120e-04
-1.8875,-1.4125,0.0129569,0.0386812,187.611,5.276862e-05
-1.8875,-1.3875,0.0129569,0.0409732,55.1168,1.550253e-05
-1.8875,-1.3625,0.0129569,0.043401,3.37694,9.498206e-07
-1.8875,-1.3375,0.0129569,0.0459727,0.737324,2.073847e-07
-1.8625,-1.8625,0.0137246,0.0137246,0.745665,2.097308e-07
-1.8625,-1.8375,0.0137246,0.0145378,3.79412,1.067159e-06
-1.8625,-1.8125,0.0137246,0.0153993,6.45264,1.814913e-06
-1.8625,-1.7875,0.0137246,0.0163117,54.979,1.546376e-05
-1.8625,-1.7625,0.0137246,0.0172783,422.842,1.189314e-04
-1.8625,-1.7375,0.0137246,0.0183021,1002.79,2.820512e-04
-1.8625,-1.7125,0.0137246,0.0193865,1377.33,3.873965e-04
-1.8625,-1.6875,0.0137246,0.0205353,1377.33,3.873965e-04
-1.8625,-1.6625,0.0137246,0.021752,1804.04,5.074168e-04
-1.8625,-1.6375,0.0137246,0.0230409,2017.12,5.673497e-04
-1.8625,-1.6125,0.0137246,0.0244062,1784.23,5.018432e-04
-1.8625,-1.5875,0.0137246,0.0258523,2019.68,5.680682e-04
-1.8625,-1.5625,0.0137246,0.0273842,2726.19,7.667861e-04
-1.8625,-1.5375,0.0137246,0.0290068,2868.8,8.068991e-04
-1.8625,-1.5125,0.0137246,0.0307256,2324.17,6.537123e-04
-1.8625,-1.4875,0.0137246,0.0325462,1895.22,5.330627e-04
-1.8625,-1.4625,0.0137246,0.0344747,1405.52,3.953261e-04
-1.8625,-1.4375,0.0137246,0.0365174,923.475,2.597428e-04
-1.8625,-1.4125,0.0137246,0.0386812,585.042,1.645528e-04
-1.8625,-1.3875,0.0137246,0.0409732,307.801,8.657427e-05
-1.8625,-1.3625,0.0137246,0.043401,109.014,3.066201e-05
-1.8625,-1.3375,0.0137246,0.0459727,5.96883,1.678832e-06
-1.8625,-1.2875,0.0137246,0.0515822,0.51551,1.449958e-07
-1.8375,-1.8625,0.0145378,0.0137246,0.6736,1.894612e-07
-1.8375,-1.8375,0.0145378,0.0145378,1.7302,4.866472e-07
-1.8375,-1.8125,0.0145378,0.0153993,3.2774,9.218233e-07
-1.8375,-1.7875,0.0145378,0.0163117,10.6731,3.001990e-06
-1.8375,-1.7625,0.0145378,0.0172783,110.985,3.121645e-05
-1.8375,-1.7375,0.0145378,0.0183021,488.135,1.372960e-04
-1.8375,-1.7125,0.0145378,0.0193865,1209.88,3.402986e-04
-1.8375,-1.6875,0.0145378,0.0205353,1377.33,3.873965e-04
-1.8375,-1.6625,0.0145378,0.021752,1640.67,4.614671e-04
-1.8375,-1.6375,0.0145378,0.0230409,2141.57,6.023531e-04
-1.8375,-1.6125,0.0145378,0.0244062,2179.25,6.129510e-04
-1.8375,-1.5875,0.0145378,0.0258523,2192.73,6.167422e-04
-1.8375,-1.5625,0.0145378,0.0273842,2786.85,7.838475e-04
-1.8375,-1.5375,0.0145378,0.0290068,3325.86,9.354548e-04
-1.8375,-1.5125,0.0145378,0.0307256,2875.93,8.089038e-04
-1.8375,-1.4875,0.0145378,0.0325462,2273.01,6.393206e-04
-1.8375,-1.4625,0.0145378,0.0344747,1835.9,5.163772e-04
-1.8375,-1.4375,0.0145378,0.0365174,1110.51,3.123483e-04
-1.8375,-1.4125,0.0145378,0.0386812,756.659,2.128229e-04
-1.8375,-1.3875,0.0145378,0.0409732,563.791,1.585755e-04
-1.8375,-1.3625,0.0145378,0.043401,376.6,1.059252e-04
-1.8375,-1.3375,0.0145378,0.0459727,87.9979,2.475089e-05
-1.8375,-1.3125,0.0145378,0.0486968,8.1345,2.287963e-06
-1.8375,-1.2875,0.0145378,0.0515822,0.400952,1.127745e-07
-1.8125,-1.8375,0.0153993,0.0145378,0.721714,2.029941e-07
-1.8125,-1.8125,0.0153993,0.0153993,0.558469,1.570788e-07
-1.8125,-1.7875,0.0153993,0.0163117,4.83138,1.358908e-06
-1.8125,-1.7625,0.0153993,0.0172783,12.3191,3.464952e-06
-1.8125,-1.7375,0.0153993,0.0183021,51.7877,1.456614e-05
-1.8125,-1.7125,0.0153993,0.0193865,494.355,1.390457e-04
-1.8125,-1.6875,0.0153993,0.0205353,1309.79,3.683994e-04
-1.8125,-1.6625,0.0153993,0.021752,1466.45,4.124631e-04
-1.8125,-1.6375,0.0153993,0.0230409,1795.82,5.051048e-04
-1.8125,-1.6125,0.0153993,0.0244062,2706.73,7.613140e-04
-1.8125,-1.5875,0.0153993,0.0258523,2955.21,8.312019e-04
-1.8125,-1.5625,0.0153993,0.0273842,2957.24,8.317740e-04
-1.8125,-1.5375,0.0153993,0.0290068,3451.06,9.706670e-04
-1.8125,-1.5125,0.0153993,0.0307256,4155.6,1.168833e-03
-1.8125,-1.4875,0.0153993,0.0325462,3150.45,8.861160e-04
-1.8125,-1.4625,0.0153993,0.0344747,2297.59,6.462361e-04
-1.8125,-1.4375,0.0153993,0.0365174,1493.19,4.199832e-04
-1.8125,-1.4125,0.0153993,0.0386812,1010.23,2.841451e-04
-1.8125,-1.3875,0.0153993,0.0409732,691.176,1.944048e-04
-1.8125,-1.3625,0.0153993,0.043401,512.173,1.440573e-04
-1.8125,-1.3375,0.0153993,0.0459727,349.37,9.826601e-05
-1.8125,-1.3125,0.0153993,0.0486968,150.575,4.235185e-05
-1.8125,-1.2875,0.0153993,0.0515822,5.67086,1.595024e-06
-1.8125,-1.2625,0.0153993,0.0546387,0.962285,2.706588e-07
-1.7875,-1.8125,0.0163117,0.0153993,0.773265,2.174937e-07
-1.7875,-1.7875,0.0163117,0.0163117,1.27751,3.593214e-07
-1.7875,-1.7625,0.0163117,0.0172783,7.30701,2.055219e-06
-1.7875,-1.7375,0.0163117,0.0183021,14.4162,4.054800e-06
-1.7875,-1.7125,0.0163117,0.0193865,82.6911,2.325825e-05
-1.7875,-1.6875,0.0163117,0.0205353,531.271,1.494288e-04
-1.7875,-1.6625,0.0163117,0.021752,1255.53,3.531400e-04
-1.7875,-1.6375,0.0163117,0.0230409,1693,4.761832e-04
-1.7875,-1.6125,0.0163117,0.0244062,2271.24,6.388239e-04
-1.7875,-1.5875,0.0163117,0.0258523,3092.47,8.698087e-04
-1.7875,-1.5625,0.0163117,0.0273842,3511.19,9.875812e-04
-1.7875,-1.5375,0.0163117,0.0290068,3511.19,9.875812e-04
-1.7875,-1.5125,0.0163117,0.0307256,3855.85,1.084521e-03
-1.7875,-1.4875,0.0163117,0.0325462,3514.42,9.884889e-04
-1.7875,-1.4625,0.0163117,0.0344747,2868.8,8.068991e-04
-1.7875,-1.4375,0.0163117,0.0365174,1808.42,5.086474e-04
-1.7875,-1.4125,0.0163117,0.0386812,1361.27,3.828806e-04
-1.7875,-1.3875,0.0163117,0.0409732,1028.53,2.892924e-04
-1.7875,-1.3625,0.0163117,0.043401,669.171,1.882155e-04
-1.7875,-1.3375,0.0163117,0.0459727,491.048,1.381155e-04
-1.7875,-1.3125,0.0163117,0.0486968,367.765,1.034401e-04
-1.7875,-1.2875,0.0163117,0.0515822,139.158,3.914056e-05
-1.7875,-1.2625,0.0163117,0.0546387,29.7707,8.373496e-06
-1.7875,-1.2375,0.0163117,0.0578762,0.901149,2.534633e-07
-1.7625,-1.8125,0.0172783,0.0153993,0.51551,1.449958e-07
-1.7625,-1.7875,0.0172783,0.0163117,0.962285,2.706588e-07
-1.7625,-1.7625,0.0172783,0.0172783,3.76508,1.058992e-06
-1.7625,-1.7375,0.0172783,0.0183021,6.08591,1.711765e-06
-1.7625,-1.7125,0.0172783,0.0193865,19.1632,5.389973e-06
-1.7625,-1.6875,0.0172783,0.0205353,79.6243,2.239567e-05
-1.7625,-1.6625,0.0172783,0.021752,716.533,2.015368e-04
-1.7625,-1.6375,0.0172783,0.0230409,1339.88,3.768635e-04
-1.7625,-1.6125,0.0172783,0.0244062,2023.22,5.690639e-04
-1.7625,-1.5875,0.0172783,0.0258523,2736.07,7.695658e-04
-1.7625,-1.5625,0.0172783,0.0273842,3558.5,1.000888e-03
-1.7625,-1.5375,0.0172783,0.0290068,3645.87,1.025463e-03
-1.7625,-1.5125,0.0172783,0.0307256,3536.06,9.945746e-04
-1.7625,-1.4875,0.0172783,0.0325462,3424.63,9.632343e-04
-1.7625,-1.4625,0.0172783,0.0344747,2872.15,8.078388e-04
-1.7625,-1.4375,0.0172783,0.0365174,2141.03,6.022010e-04
-1.7625,-1.4125,0.0172783,0.0386812,1499.78,4.218384e-04
-1.7625,-1.3875,0.0172783,0.0409732,1215.57,3.418990e-04
-1.7625,-1.3625,0.0172783,0.043401,841.962,2.368158e-04
-1.7625,-1.3375,0.0172783,0.0459727,619.169,1.741517e-04
-1.7625,-1.3125,0.0172783,0.0486968,480.596,1.351757e-04
-1.7625,-1.2875,0.0172783,0.0515822,333.899,9.391478e-05
-1.7625,-1.2625,0.0172783,0.0546387,161.191,4.533769e-05
-1.7625,-1.2375,0.0172783,0.0578762,24.358,6.851092e-06
-1.7625,-1.2125,0.0172783,0.0613056,1.30519,3.671057e-07
-1.7375,-1.8875,0.0183021,0.0129569,0.751785,2.114522e-07
-1.7375,-1.7625,0.0183021,0.0172783,1.74584,4.910462e-07
-1.7375,-1.7375,0.0183021,0.0183021,2.94489,8.282996e-07
-1.7375,-1.7125,0.0183021,0.0193865,10.8214,3.043692e-06
-1.7375,-1.6875,0.0183021,0.0205353,16.3799,4.607133e-06
-1.7375,-1.6625,0.0183021,0.021752,160.254,4.507403e-05
-1.7375,-1.6375,0.0183021,0.0230409,610.262,1.716465e-04
-1.7375,-1.6125,0.0183021,0.0244062,1339.57,3.767767e-04
-1.7375,-1.5875,0.0183021,0.0258523,2157.14,6.067309e-04
-1.7375,-1.5625,0.0183021,0.0273842,3773.31,1.061306e-03
-1.7375,-1.5375,0.0183021,0.0290068,4275.79,1.202636e-03
-1.7375,-1.5125,0.0183021,0.0307256,3985.69,1.121043e-03
-1.7375,-1.4875,0.0183021,0.0325462,3810.59,1.071791e-03
-1.7375,-1.4625,0.0183021,0.0344747,3240.47,9.114358e-04
-1.7375,-1.4375,0.0183021,0.0365174,2435.52,6.850311e-04
-1.7375,-1.4125,0.0183021,0.0386812,1733.31,4.875223e-04
-1.7375,-1.3875,0.0183021,0.0409732,1526.51,4.293564e-04
-1.7375,-1.3625,0.0183021,0.043401,1257.8,3.537761e-04
-1.7375,-1.3375,0.0183021,0.0459727,852.384,2.397472e-04
-1.7375,-1.3125,0.0183021,0.0486968,633.019,1.780472e-04
-1.7375,-1.2875,0.0183021,0.0515822,453.107,1.274438e-04
-1.7375,-1.2625,0.0183021,0.0546387,343.417,9.659169e-05
-1.7375,-1.2375,0.0183021,0.0578762,188.183,5.292954e-05
-1.7375,-1.2125,0.0183021,0.0613056,65.1921,1.833637e-05
-1.7375,-1.1875,0.0183021,0.0649382,1.18372,3.329414e-07
-1.7375,-1.1625,0.0183021,0.068786,0.271613,7.639563e-08
-1.7375,-1.1375,0.0183021,0.0728618,0.300714,8.458088e-08
-1.7125,-1.7375,0.0193865,0.0183021,0.33176,9.331294e-08
-1.7125,-1.7125,0.0193865,0.0193865,3.24438,9.125366e-07
-1.7125,-1.6875,0.0193865,0.0205353,6.50618,1.829972e-06
-1.7125,-1.6625,0.0193865,0.021752,16.8039,4.726386e-06
-1.7125,-1.6375,0.0193865,0.0230409,71.4884,2.010731e-05
-1.7125,-1.6125,0.0193865,0.0244062,604.585,1.700495e-04
-1.7125,-1.5875,0.0193865,0.0258523,1266.59,3.562496e-04
-1.7125,-1.5625,0.0193865,0.0273842,2951.38,8.301249e-04
-1.7125,-1.5375,0.0193865,0.0290068,4594.98,1.292415e-03
-1.7125,-1.5125,0.0193865,0.0307256,4439.8,1.248767e-03
-1.7125,-1.4875,0.0193865,0.0325462,4155.6,1.168833e-03
-1.7125,-1.4625,0.0193865,0.0344747,3424.63,9.632343e-04
-1.7125,-1.4375,0.0193865,0.0365174,2673.26,7.518985e-04
-1.7125,-1.4125,0.0193865,0.0386812,2057.19,5.786199e-04
-1.7125,-1.3875,0.0193865,0.0409732,1943.68,5.466919e-04
-1.7125,-1.3625,0.0193865,0.043401,1590.35,4.473125e-04
-1.7125,-1.3375,0.0193865,0.0459727,1224.63,3.444484e-04
-1.7125,-1.3125,0.0193865,0.0486968,908.253,2.554613e-04
-1.7125,-1.2875,0.0193865,0.0515822,515.743,1.450614e-04
-1.7125,-1.2625,0.0193865,0.0546387,410.78,1.155388e-04
-1.7125,-1.2375,0.0193865,0.0578762,357.196,1.004674e-04
-1.7125,-1.2125,0.0193865,0.0613056,253.656,7.134508e-05
-1.7125,-1.1875,0.0193865,0.0649382,41.1681,1.157921e-05
-1.7125,-1.1625,0.0193865,0.068786,0.941366,2.647749e-07
-1.6875,-1.7875,0.0205353,0.0163117,0.925274,2.602489e-07
-1.6875,-1.7375,0.0205353,0.0183021,0.524942,1.476488e-07
-1.6875,-1.7125,0.0205353,0.0193865,1.58211,4.449955e-07
-1.6875,-1.6875,0.0205353,0.0205353,5.80372,1.632394e-06
-1.6875,-1.6625,0.0205353,0.021752,8.15584,2.293967e-06
-1.6875,-1.6375,0.0205353,0.0230409,21.4333,6.028471e-06
-1.6875,-1.6125,0.0205353,0.0244062,92.4287,2.599711e-05
-1.6875,-1.5875,0.0205353,0.0258523,477.064,1.341821e-04
-1.6875,-1.5625,0.0205353,0.0273842,1596.19,4.489564e-04
-1.6875,-1.5375,0.0205353,0.0290068,3058.14,8.601524e-04
-1.6875,-1.5125,0.0205353,0.0307256,4974.11,1.399052e-03
-1.6875,-1.4875,0.0205353,0.0325462,4720.61,1.327750e-03
-1.6875,-1.4625,0.0205353,0.0344747,3904.2,1.098123e-03
-1.6875,-1.4375,0.0205353,0.0365174,3398.48,9.558798e-04
-1.6875,-1.4125,0.0205353,0.0386812,2652.42,7.460360e-04
-1.6875,-1.3875,0.0205353,0.0409732,2077.22,5.842532e-04
-1.6875,-1.3625,0.0205353,0.043401,1766.06,4.967345e-04
-1.6875,-1.3375,0.0205353,0.0459727,1523.81,4.285961e-04
-1.6875,-1.3125,0.0205353,0.0486968,1271.22,3.575522e-04
-1.6875,-1.2875,0.0205353,0.0515822,848.344,2.386108e-04
-1.6875,-1.2625,0.0205353,0.0546387,542.593,1.526133e-04
-1.6875,-1.2375,0.0205353,0.0578762,408.597,1.149248e-04
-1.6875,-1.2125,0.0205353,0.0613056,365.063,1.026800e-04
-1.6875,-1.1875,0.0205353,0.0649382,240.449,6.763028e-05
-1.6875,-1.1625,0.0205353,0.068786,87.9081,2.472561e-05
-1.6875,-1.1375,0.0205353,0.0728618,6.23478,1.753636e-06
-1.6875,-1.1125,0.0205353,0.0771792,1.41333,3.975212e-07
-1.6875,-1.0875,0.0205353,0.0817523,0.416482,1.171425e-07
-1.6875,-1.0625,0.0205353,0.0865964,0.283025,7.960553e-08
-1.6625,-1.9375,0.021752,0.0115478,0.277582,7.807466e-08
-1.6625,-1.9125,0.021752,0.0122321,0.185055,5.204977e-08
-1.6625,-1.7375,0.021752,0.0183021,0.332221,9.344268e-08
-1.6625,-1.7125,0.021752,0.0193865,1.03268,2.904591e-07
-1.6625,-1.6875,0.021752,0.0205353,3.24702,9.132773e-07
-1.6625,-1.6625,0.021752,0.021752,4.13717,1.163647e-06
-1.6625,-1.6375,0.021752,0.0230409,11.3329,3.187568e-06
-1.6625,-1.6125,0.021752,0.0244062,30.0801,8.460525e-06
-1.6625,-1.5875,0.021752,0.0258523,93.0832,2.618121e-05
-1.6625,-1.5625,0.021752,0.0273842,745.178,2.095938e-04
-1.6625,-1.5375,0.021752,0.0290068,1478.58,4.158745e-04
-1.6625,-1.5125,0.021752,0.0307256,3704.59,1.041977e-03
-1.6625,-1.4875,0.021752,0.0325462,5303.9,1.491810e-03
-1.6625,-1.4625,0.021752,0.0344747,5528.19,1.554897e-03
-1.6625,-1.4375,0.021752,0.0365174,3900.74,1.097148e-03
-1.6625,-1.4125,0.021752,0.0386812,3249.93,9.140956e-04
-1.6625,-1.3875,0.021752,0.0409732,2506.36,7.049563e-04
-1.6625,-1.3625,0.021752,0.043401,1964.73,5.526140e-04
-1.6625,-1.3375,0.021752,0.0459727,1812.49,5.097934e-04
-1.6625,-1.3125,0.021752,0.0486968,1590.98,4.474899e-04
-1.6625,-1.2875,0.021752,0.0515822,1241.47,3.491852e-04
-1.6625,-1.2625,0.021752,0.0546387,829.891,2.334206e-04
-1.6625,-1.2375,0.021752,0.0578762,523.68,1.472936e-04
-1.6625,-1.2125,0.021752,0.0613056,401.739,1.129957e-04
-1.6625,-1.1875,0.021752,0.0649382,364.332,1.024745e-04
-1.6625,-1.1625,0.021752,0.068786,262.698,7.388810e-05
-1.6625,-1.1375,0.021752,0.0728618,62.0232,1.744505e-05
-1.6625,-1.1125,0.021752,0.0771792,13.0135,3.660266e-06
-1.6625,-1.0875,0.021752,0.0817523,0.938604,2.639980e-07
-1.6625,-1.0625,0.021752,0.0865964,1.06539,2.996580e-07
-1.6625,-1.0375,0.021752,0.0917276,0.51551,1.449958e-07
-1.6625,-1.0125,0.021752,0.0971628,0.185055,5.204977e-08
-1.6375,-1.9375,0.0230409,0.0115478,0.116405,3.274099e-08
-1.6375,-1.9125,0.0230409,0.0122321,0.0751785,2.114522e-08
-1.6375,-1.8875,0.0230409,0.0129569,0.970046,2.728415e-07
-1.6375,-1.6875,0.0230409,0.0205353,2.96678,8.344558e-07
-1.6375,-1.6625,0.0230409,0.021752,3.51849,9.896338e-07
-1.6375,-1.6375,0.0230409,0.0230409,6.02746,1.695323e-06
-1.6375,-1.6125,0.0230409,0.0244062,9.30418,2.616955e-06
-1.6375,-1.5875,0.0230409,0.0258523,22.4053,6.301852e-06
-1.6375,-1.5625,0.0230409,0.0273842,133.473,3.754138e-05
-1.6375,-1.5375,0.0230409,0.0290068,489.949,1.378063e-04
-1.6375,-1.5125,0.0230409,0.0307256,1665.43,4.684292e-04
-1.6375,-1.4875,0.0230409,0.0325462,3086.7,8.681860e-04
-1.6375,-1.4625,0.0230409,0.0344747,5373.32,1.511335e-03
-1.6375,-1.4375,0.0230409,0.0365174,4916.01,1.382711e-03
-1.6375,-1.4125,0.0230409,0.0386812,4179.05,1.175426e-03
-1.6375,-1.3875,0.0230409,0.0409732,3438.16,9.670384e-04
-1.6375,-1.3625,0.0230409,0.043401,2655.53,7.469132e-04
-1.6375,-1.3375,0.0230409,0.0459727,2007.34,5.645989e-04
-1.6375,-1.3125,0.0230409,0.0486968,1696.52,4.771736e-04
-1.6375,-1.2875,0.0230409,0.0515822,1575.16,4.430402e-04
-1.6375,-1.2625,0.0230409,0.0546387,1410.2,3.966412e-04
-1.6375,-1.2375,0.0230409,0.0578762,848.677,2.387046e-04
-1.6375,-1.2125,0.0230409,0.0613056,582.879,1.639445e-04
-1.6375,-1.1875,0.0230409,0.0649382,373.852,1.051521e-04
-1.6375,-1.1625,0.0230409,0.068786,393.274,1.106149e-04
-1.6375,-1.1375,0.0230409,0.0728618,256.186,7.205661e-05
-1.6375,-1.1125,0.0230409,0.0771792,108.777,3.059533e-05
-1.6375,-1.0875,0.0230409,0.0817523,10.2739,2.889713e-06
-1.6375,-1.0625,0.0230409,0.0865964,3.25207,9.146995e-07
-1.6375,-1.0375,0.0230409,0.0917276,1.07891,3.034608e-07
-1.6375,-1.0125,0.0230409,0.0971628,1.45735,4.099039e-07
-1.6375,-0.7375,0.0230409,0.183021,0.388018,1.091366e-07
-1.6375,-0.7125,0.0230409,0.193865,0.194009,5.456831e-08
-1.6125,-1.8875,0.0244062,0.0129569,0.207389,5.833164e-08
-1.6125,-1.7875,0.0244062,0.0163117,0.171837,4.833193e-08
-1.6125,-1.7625,0.0244062,0.0172783,0.627577,1.765166e-07
-1.6125,-1.7125,0.0244062,0.0193865,0.103102,2.899916e-08
-1.6125,-1.6875,0.0244062,0.0205353,0.57017,1.603699e-07
-1.6125,-1.6625,0.0244062,0.021752,2.59765,7.306331e-07
-1.6125,-1.6375,0.0244062,0.0230409,5.52463,1.553894e-06
-1.6125,-1.6125,0.0244062,0.0244062,6.04336,1.699796e-06
-1.6125,-1.5875,0.0244062,0.0258523,12.5668,3.534617e-06
-1.6125,-1.5625,0.0244062,0.0273842,33.5586,9.438925e-06
-1.6125,-1.5375,0.0244062,0.0290068,122.713,3.451516e-05
-1.6125,-1.5125,0.0244062,0.0307256,676.175,1.901855e-04
-1.6125,-1.4875,0.0244062,0.0325462,1496.07,4.207955e-04
-1.6125,-1.4625,0.0244062,0.0344747,3346.84,9.413535e-04
-1.6125,-1.4375,0.0244062,0.0365174,5039.71,1.417502e-03
-1.6125,-1.4125,0.0244062,0.0386812,5079.03,1.428563e-03
-1.6125,-1.3875,0.0244062,0.0409732,4255.08,1.196813e-03
-1.6125,-1.3625,0.0244062,0.043401,3353.02,9.430923e-04
-1.6125,-1.3375,0.0244062,0.0459727,2482.08,6.981263e-04
-1.6125,-1.3125,0.0244062,0.0486968,1842.17,5.181407e-04
-1.6125,-1.2875,0.0244062,0.0515822,1640.28,4.613565e-04
-1.6125,-1.2625,0.0244062,0.0546387,1406.18,3.955121e-04
-1.6125,-1.2375,0.0244062,0.0578762,1178.78,3.315520e-04
-1.6125,-1.2125,0.0244062,0.0613056,958.574,2.696150e-04
-1.6125,-1.1875,0.0244062,0.0649382,549.813,1.546440e-04
-1.6125,-1.1625,0.0244062,0.068786,402.304,1.131547e-04
-1.6125,-1.1375,0.0244062,0.0728618,397.305,1.117485e-04
-1.6125,-1.1125,0.0244062,0.0771792,287.675,8.091326e-05
-1.6125,-1.0875,0.0244062,0.0817523,78.0452,2.195151e-05
-1.6125,-1.0625,0.0244062,0.0865964,10.61,2.984232e-06
-1.6125,-1.0375,0.0244062,0.0917276,0.290276,8.164507e-08
-1.6125,-1.0125,0.0244062,0.0971628,1.34639,3.786933e-07
-1.6125,-0.9875,0.0244062,0.10292,0.364882,1.026290e-07
-1.6125,-0.9625,0.0244062,0.109018,0.103102,2.899916e-08
-1.6125,-0.9125,0.0244062,0.122321,0.712804,2.004880e-07
-1.6125,-0.8875,0.0244062,0.129569,0.160381,4.510980e-08
-1.6125,-0.8625,0.0244062,0.137246,0.0687347,1.933277e-08
-1.6125,-0.8375,0.0244062,0.145378,0.456256,1.283296e-07
-1.6125,-0.8125,0.0244062,0.153993,0.160381,4.510980e-08
-1.6125,-0.7375,0.0244062,0.183021,0.0751785,2.114522e-08
-1.6125,-0.7125,0.0244062,0.193865,0.0364502,1.025223e-08
-1.5875,-1.7875,0.0258523,0.0163117,0.668254,1.879575e-07
-1.5875,-1.7125,0.0258523,0.0193865,0.3733,1.049970e-07
-1.5875,-1.6625,0.0258523,0.021752,1.20122,3.378626e-07
-1.5875,-1.6375,0.0258523,0.0230409,1.28097,3.602932e-07
-1.5875,-1.6125,0.0258523,0.0244062,3.23247,9.091848e-07
-1.5875,-1.5875,0.0258523,0.0258523,4.9065,1.380035e-06
-1.5875,-1.5625,0.0258523,0.0273842,16.3796,4.607046e-06
-1.5875,-1.5375,0.0258523,0.0290068,26.0397,7.324089e-06
-1.5875,-1.5125,0.0258523,0.0307256,95.9258,2.698074e-05
-1.5875,-1.4875,0.0258523,0.0325462,414.25,1.165146e-04
-1.5875,-1.4625,0.0258523,0.0344747,1314.22,3.696451e-04
-1.5875,-1.4375,0.0258523,0.0365174,3052.2,8.584824e-04
-1.5875,-1.4125,0.0258523,0.0386812,4590.11,1.291044e-03
-1.5875,-1.3875,0.0258523,0.0409732,4984.41,1.401948e-03
-1.5875,-1.3625,0.0258523,0.043401,4608.07,1.296095e-03
-1.5875,-1.3375,0.0258523,0.0459727,3617.07,1.017361e-03
-1.5875,-1.3125,0.0258523,0.0486968,3106.06,8.736322e-04
-1.5875,-1.2875,0.0258523,0.0515822,2058.45,5.789726e-04
-1.5875,-1.2625,0.0258523,0.0546387,1620.83,4.558859e-04
-1.5875,-1.2375,0.0258523,0.0578762,1489.43,4.189262e-04
-1.5875,-1.2125,0.0258523,0.0613056,1428.74,4.018564e-04
-1.5875,-1.1875,0.0258523,0.0649382,1047.93,2.947481e-04
-1.5875,-1.1625,0.0258523,0.068786,665.328,1.871347e-04
-1.5875,-1.1375,0.0258523,0.0728618,434.198,1.221255e-04
-1.5875,-1.1125,0.0258523,0.0771792,379.463,1.067302e-04
-1.5875,-1.0875,0.0258523,0.0817523,329.441,9.266090e-05
-1.5875,-1.0625,0.0258523,0.0865964,124.744,3.508637e-05
-1.5875,-1.0375,0.0258523,0.0917276,30.7886,8.659801e-06
-1.5875,-1.0125,0.0258523,0.0971628,3.09164,8.695756e-07
-1.5875,-0.9875,0.0258523,0.10292,2.42546,6.822001e-07
-1.5875,-0.9625,0.0258523,0.109018,0.721714,2.029941e-07
-1.5875,-0.9375,0.0258523,0.115478,0.218701,6.151337e-08
-1.5875,-0.9125,0.0258523,0.122321,0.109351,3.075668e-08
-1.5875,-0.8625,0.0258523,0.137246,0.481143,1.353294e-07
-1.5875,-0.8375,0.0258523,0.145378,0.721714,2.029941e-07
-1.5875,-0.7875,0.0258523,0.163117,0.360857,1.014971e-07
-1.5625,-1.6625,0.0273842,0.021752,0.761852,2.142835e-07
-1.5625,-1.6375,0.0273842,0.0230409,1.4886,4.186948e-07
-1.5625,-1.6125,0.0273842,0.0244062,2.49989,7.031356e-07
-1.5625,-1.5875,0.0273842,0.0258523,2.50185,7.036864e-07
-1.5625,-1.5625,0.0273842,0.0273842,11.2084,3.152548e-06
-1.5625,-1.5375,0.0273842,0.0290068,15.5115,4.362872e-06
-1.5625,-1.5125,0.0273842,0.0307256,40.9918,1.152961e-05
-1.5625,-1.4875,0.0273842,0.0325462,114.416,3.218137e-05
-1.5625,-1.4625,0.0273842,0.0344747,520.538,1.464099e-04
-1.5625,-1.4375,0.0273842,0.0365174,1685.83,4.741664e-04
-1.5625,-1.4125,0.0273842,0.0386812,3281.3,9.229194e-04
-1.5625,-1.3875,0.0273842,0.0409732,4427.86,1.245408e-03
-1.5625,-1.3625,0.0273842,0.043401,5133.7,1.443940e-03
-1.5625,-1.3375,0.0273842,0.0459727,4741.33,1.333579e-03
-1.5625,-1.3125,0.0273842,0.0486968,4124.05,1.159959e-03
-1.5625,-1.2875,0.0273842,0.0515822,2711.61,7.626866e-04
-1.5625,-1.2625,0.0273842,0.0546387,1935.58,5.444140e-04
-1.5625,-1.2375,0.0273842,0.0578762,1609.45,4.526855e-04
-1.5625,-1.2125,0.0273842,0.0613056,1413.02,3.974364e-04
-1.5625,-1.1875,0.0273842,0.0649382,1255.35,3.530879e-04
-1.5625,-1.1625,0.0273842,0.068786,1046.48,2.943390e-04
-1.5625,-1.1375,0.0273842,0.0728618,638.216,1.795089e-04
-1.5625,-1.1125,0.0273842,0.0771792,388.004,1.091325e-04
-1.5625,-1.0875,0.0273842,0.0817523,393.519,1.106838e-04
-1.5625,-1.0625,0.0273842,0.0865964,280.657,7.893949e-05
-1.5625,-1.0375,0.0273842,0.0917276,117.797,3.313249e-05
-1.5625,-1.0125,0.0273842,0.0971628,19.9902,5.622586e-06
-1.5625,-0.9875,0.0273842,0.10292,4.63726,1.304307e-06
-1.5625,-0.9625,0.0273842,0.109018,2.20555,6.203471e-07
-1.5625,-0.9375,0.0273842,0.115478,1.50728,4.239466e-07
-1.5625,-0.9125,0.0273842,0.122321,1.12487,3.163878e-07
-1.5625,-0.8875,0.0273842,0.129569,0.245693,6.910527e-08
-1.5625,-0.8625,0.0273842,0.137246,0.874805,2.460535e-07
-1.5625,-0.8375,0.0273842,0.145378,0.721714,2.029941e-07
-1.5625,-0.7875,0.0273842,0.163117,0.433028,1.217965e-07
-1.5375,-1.9125,0.0290068,0.0122321,0.582027,1.637049e-07
-1.5375,-1.8625,0.0290068,0.0137246,0.693956,1.951866e-07
-1.5375,-1.6625,0.0290068,0.021752,0.0633082,1.780650e-08
-1.5375,-1.6375,0.0290068,0.0230409,0.240571,6.766470e-08
-1.5375,-1.6125,0.0290068,0.0244062,0.717923,2.019278e-07
-1.5375,-1.5875,0.0290068,0.0258523,2.63396,7.408456e-07
-1.5375,-1.5625,0.0290068,0.0273842,10.5542,2.968541e-06
-1.5375,-1.5375,0.0290068,0.0290068,13.7886,3.878287e-06
-1.5375,-1.5125,0.0290068,0.0307256,15.6339,4.397294e-06
-1.5375,-1.4875,0.0290068,0.0325462,28.8046,8.101774e-06
-1.5375,-1.4625,0.0290068,0.0344747,106.048,2.982775e-05
-1.5375,-1.4375,0.0290068,0.0365174,546.553,1.537271e-04
-1.5375,-1.4125,0.0290068,0.0386812,1674.44,4.709654e-04
-1.5375,-1.3875,0.0290068,0.0409732,2660.51,7.483123e-04
-1.5375,-1.3625,0.0290068,0.043401,4445.68,1.250423e-03
-1.5375,-1.3375,0.0290068,0.0459727,5206.88,1.464522e-03
-1.5375,-1.3125,0.0290068,0.0486968,5104.9,1.435837e-03
-1.5375,-1.2875,0.0290068,0.0515822,3829.28,1.077049e-03
-1.5375,-1.2625,0.0290068,0.0546387,3085.11,8.677379e-04
-1.5375,-1.2375,0.0290068,0.0578762,2246.87,6.319701e-04
-1.5375,-1.2125,0.0290068,0.0613056,1711.37,4.813516e-04
-1.5375,-1.1875,0.0290068,0.0649382,1580.12,4.444359e-04
-1.5375,-1.1625,0.0290068,0.068786,1366.4,3.843240e-04
-1.5375,-1.1375,0.0290068,0.0728618,1134.92,3.192146e-04
-1.5375,-1.1125,0.0290068,0.0771792,821.537,2.310710e-04
-1.5375,-1.0875,0.0290068,0.0817523,444.68,1.250737e-04
-1.5375,-1.0625,0.0290068,0.0865964,374.538,1.053451e-04
-1.5375,-1.0375,0.0290068,0.0917276,339.379,9.545590e-05
-1.5375,-1.0125,0.0290068,0.0971628,126.936,3.570283e-05
-1.5375,-0.9875,0.0290068,0.10292,16.9042,4.754592e-06
-1.5375,-0.9625,0.0290068,0.109018,7.10453,1.998267e-06
-1.5375,-0.9375,0.0290068,0.115478,5.02108,1.412261e-06
-1.5375,-0.9125,0.0290068,0.122321,2.83298,7.968215e-07
-1.5375,-0.8875,0.0290068,0.129569,1.49127,4.194451e-07
-1.5375,-0.8625,0.0290068,0.137246,0.240571,6.766470e-08
-1.5375,-0.8375,0.0290068,0.145378,0.116405,3.274099e-08
-1.5125,-1.9125,0.0307256,0.0122321,0.116405,3.274099e-08
-1.5125,-1.8625,0.0307256,0.0137246,0.124433,3.499898e-08
-1.5125,-1.6375,0.0307256,0.0230409,0.0687347,1.933277e-08
-1.5125,-1.6125,0.0307256,0.0244062,0.757354,2.130185e-07
-1.5125,-1.5875,0.0307256,0.0258523,2.45147,6.895178e-07
-1.5125,-1.5625,0.0307256,0.0273842,5.50694,1.548919e-06
-1.5125,-1.5375,0.0307256,0.0290068,4.40218,1.238187e-06
-1.5125,-1.5125,0.0307256,0.0307256,10.8103,3.040570e-06
-1.5125,-1.4875,0.0307256,0.0325462,19.7262,5.548309e-06
-1.5125,-1.4625,0.0307256,0.0344747,46.6278,1.311484e-05
-1.5125,-1.4375,0.0307256,0.0365174,177.53,4.993317e-05
-1.5125,-1.4125,0.0307256,0.0386812,696.953,1.960297e-04
-1.5125,-1.3875,0.0307256,0.0409732,1526.26,4.292874e-04
-1.5125,-1.3625,0.0307256,0.043401,2756.95,7.754386e-04
-1.5125,-1.3375,0.0307256,0.0459727,4270.91,1.201263e-03
-1.5125,-1.3125,0.0307256,0.0486968,5090.7,1.431844e-03
-1.5125,-1.2875,0.0307256,0.0515822,4963.12,1.395959e-03
-1.5125,-1.2625,0.0307256,0.0546387,4574.3,1.286598e-03
-1.5125,-1.2375,0.0307256,0.0578762,3331.28,9.369781e-04
-1.5125,-1.2125,0.0307256,0.0613056,2517.97,7.082211e-04
-1.5125,-1.1875,0.0307256,0.0649382,1958.59,5.508864e-04
-1.5125,-1.1625,0.0307256,0.068786,1499.55,4.217743e-04
-1.5125,-1.1375,0.0307256,0.0728618,1419.85,3.993553e-04
-1.5125,-1.1125,0.0307256,0.0771792,1177.36,3.311521e-04
-1.5125,-1.0875,0.0307256,0.0817523,868.516,2.442846e-04
-1.5125,-1.0625,0.0307256,0.0865964,496.618,1.396822e-04
-1.5125,-1.0375,0.0307256,0.0917276,419.326,1.179423e-04
-1.5125,-1.0125,0.0307256,0.0971628,310.201,8.724925e-05
-1.5125,-0.9875,0.0307256,0.10292,97.1769,2.733264e-05
-1.5125,-0.9625,0.0307256,0.109018,12.7824,3.595258e-06
-1.5125,-0.9375,0.0307256,0.115478,5.33109,1.499459e-06
-1.5125,-0.9125,0.0307256,0.122321,3.05971,8.605940e-07
-1.5125,-0.8875,0.0307256,0.129569,2.22486,6.257782e-07
-1.5125,-0.8625,0.0307256,0.137246,0.72902,2.050491e-07
-1.5125,-0.8375,0.0307256,0.145378,0.103102,2.899916e-08
-1.5125,-0.7875,0.0307256,0.163117,0.712804,2.004880e-07
-1.5125,-0.7625,0.0307256,0.172783,0.925274,2.602489e-07
-1.5125,-0.7125,0.0307256,0.193865,0.137469,3.866554e-08
-1.5125,-0.6875,0.0307256,0.205353,0.0343673,9.666386e-09
-1.5125,-0.2625,0.0307256,0.546387,0.200476,5.638725e-08
-1.5125,-0.2375,0.0307256,0.578762,0.103102,2.899916e-08
-1.5125,-0.1625,0.0307256,0.68786,0.171837,4.833193e-08
-1.5125,-0.0375,0.0307256,0.917276,0.103102,2.899916e-08
-1.4875,-1.6375,0.0325462,0.0230409,0.429592,1.208298e-07
-1.4875,-1.6125,0.0325462,0.0244062,0.207389,5.833164e-08
-1.4875,-1.5875,0.0325462,0.0258523,1.19074,3.349158e-07
-1.4875,-1.5625,0.0325462,0.0273842,3.86869,1.088134e-06
-1.4875,-1.5375,0.0325462,0.0290068,3.54394,9.967927e-07
-1.4875,-1.5125,0.0325462,0.0307256,11.5308,3.243236e-06
-1.4875,-1.4875,0.0325462,0.0325462,15.2813,4.298111e-06
-1.4875,-1.4625,0.0325462,0.0344747,21.3109,5.994032e-06
-1.4875,-1.4375,0.0325462,0.0365174,54.7654,1.540367e-05
-1.4875,-1.4125,0.0325462,0.0386812,153.583,4.319765e-05
-1.4875,-1.3875,0.0325462,0.0409732,584.924,1.645196e-04
-1.4875,-1.3625,0.0325462,0.043401,1608.8,4.525006e-04
-1.4875,-1.3375,0.0325462,0.0459727,2817.32,7.924179e-04
-1.4875,-1.3125,0.0325462,0.0486968,4254.54,1.196662e-03
-1.4875,-1.2875,0.0325462,0.0515822,5215.78,1.467024e-03
-1.4875,-1.2625,0.0325462,0.0546387,5395.85,1.517674e-03
-1.4875,-1.2375,0.0325462,0.0578762,4767.12,1.340833e-03
-1.4875,-1.2125,0.0325462,0.0613056,3942.64,1.108934e-03
-1.4875,-1.1875,0.0325462,0.0649382,2609.97,7.340970e-04
-1.4875,-1.1625,0.0325462,0.068786,1926.42,5.418365e-04
-1.4875,-1.1375,0.0325462,0.0728618,1507.53,4.240193e-04
-1.4875,-1.1125,0.0325462,0.0771792,1380.17,3.881965e-04
-1.4875,-1.0875,0.0325462,0.0817523,1377.8,3.875298e-04
-1.4875,-1.0625,0.0325462,0.0865964,898.453,2.527050e-04
-1.4875,-1.0375,0.0325462,0.0917276,546.322,1.536622e-04
-1.4875,-1.0125,0.0325462,0.0971628,416.557,1.171636e-04
-1.4875,-0.9875,0.0325462,0.10292,303.012,8.522729e-05
-1.4875,-0.9625,0.0325462,0.109018,70.2389,1.975585e-05
-1.4875,-0.9375,0.0325462,0.115478,15.5912,4.385289e-06
-1.4875,-0.9125,0.0325462,0.122321,4.84887,1.363827e-06
-1.4875,-0.8875,0.0325462,0.129569,3.77077,1.060593e-06
-1.4875,-0.8625,0.0325462,0.137246,2.00937,5.651695e-07
-1.4875,-0.8375,0.0325462,0.145378,1.02939,2.895318e-07
-1.4875,-0.8125,0.0325462,0.153993,0.0347931,9.786147e-09
-1.4875,-0.7875,0.0325462,0.163117,0.106134,2.985207e-08
-1.4875,-0.7375,0.0325462,0.183021,0.200476,5.638725e-08
-1.4875,-0.7125,0.0325462,0.193865,0.971538,2.732613e-07
-1.4875,-0.6875,0.0325462,0.205353,0.207389,5.833164e-08
-1.4875,-0.2625,0.0325462,0.546387,1.20286,3.383235e-07
-1.4875,-0.2375,0.0325462,0.578762,0.668254,1.879575e-07
-1.4875,-0.1625,0.0325462,0.68786,1.20286,3.383235e-07
-1.4875,-0.0375,0.0325462,0.917276,0.668254,1.879575e-07
-1.4625,-1.5875,0.0344747,0.0258523,0.546753,1.537834e-07
-1.4625,-1.5625,0.0344747,0.0273842,2.1753,6.118406e-07
-1.4625,-1.5375,0.0344747,0.0290068,3.07538,8.650024e-07
-1.4625,-1.5125,0.0344747,0.0307256,6.82226,1.918875e-06
-1.4625,-1.4875,0.0344747,0.0325462,6.43507,1.809972e-06
-1.4625,-1.4625,0.0344747,0.0344747,13.2975,3.740137e-06
-1.4625,-1.4375,0.0344747,0.0365174,26.3454,7.410071e-06
-1.4625,-1.4125,0.0344747,0.0386812,56.7238,1.595451e-05
-1.4625,-1.3875,0.0344747,0.0409732,131.158,3.689029e-05
-1.4625,-1.3625,0.0344747,0.043401,571.72,1.608059e-04
-1.4625,-1.3375,0.0344747,0.0459727,1647.34,4.633414e-04
-1.4625,-1.3125,0.0344747,0.0486968,2585.17,7.271223e-04
-1.4625,-1.2875,0.0344747,0.0515822,4547.91,1.279174e-03
-1.4625,-1.2625,0.0344747,0.0546387,5880.83,1.654083e-03
-1.4625,-1.2375,0.0344747,0.0578762,6340.73,1.783435e-03
-1.4625,-1.2125,0.0344747,0.0613056,5968.15,1.678643e-03
-1.4625,-1.1875,0.0344747,0.0649382,4811.45,1.353301e-03
-1.4625,-1.1625,0.0344747,0.068786,3112.49,8.754397e-04
-1.4625,-1.1375,0.0344747,0.0728618,2046.86,5.757138e-04
-1.4625,-1.1125,0.0344747,0.0771792,1731.58,4.870352e-04
-1.4625,-1.0875,0.0344747,0.0817523,1489.43,4.189262e-04
-1.4625,-1.0625,0.0344747,0.0865964,1406.94,3.957257e-04
-1.4625,-1.0375,0.0344747,0.0917276,1139.55,3.205177e-04
-1.4625,-1.0125,0.0344747,0.0971628,663.752,1.866912e-04
-1.4625,-0.9875,0.0344747,0.10292,458.517,1.289656e-04
-1.4625,-0.9625,0.0344747,0.109018,281.032,7.904499e-05
-1.4625,-0.9375,0.0344747,0.115478,123.9,3.484902e-05
-1.4625,-0.9125,0.0344747,0.122321,27.1821,7.645411e-06
-1.4625,-0.8875,0.0344747,0.129569,12.2539,3.446602e-06
-1.4625,-0.8625,0.0344747,0.137246,6.263,1.761574e-06
-1.4625,-0.8375,0.0344747,0.145378,4.00235,1.125726e-06
-1.4625,-0.8125,0.0344747,0.153993,0.553702,1.557378e-07
-1.4625,-0.7875,0.0344747,0.163117,0.470683,1.323875e-07
-1.4625,-0.7625,0.0344747,0.172783,0.656104,1.845401e-07
-1.4625,-0.7375,0.0344747,0.183021,1.04765,2.946689e-07
-1.4625,-0.7125,0.0344747,0.193865,0.116405,3.274099e-08
-1.4625,-0.4375,0.0344747,0.365174,0.109351,3.075668e-08
-1.4625,-0.4125,0.0344747,0.386812,0.218701,6.151337e-08
-1.4625,-0.2875,0.0344747,0.515822,0.360857,1.014971e-07
-1.4625,-0.2375,0.0344747,0.578762,0.218701,6.151337e-08
-1.4625,-0.2125,0.0344747,0.613056,0.109351,3.075668e-08
-1.4625,0.0125,0.0344747,1.0292,0.0925274,2.602489e-08
-1.4625,0.0375,0.0344747,1.09018,0.437402,1.230267e-07
-1.4375,-1.7125,0.0365174,0.0193865,0.328052,9.227005e-08
-1.4375,-1.6625,0.0365174,0.021752,0.185055,5.204977e-08
-1.4375,-1.6375,0.0365174,0.0230409,0.328052,9.227005e-08
-1.4375,-1.5875,0.0365174,0.0258523,0.555165,1.561493e-07
-1.4375,-1.5625,0.0365174,0.0273842,1.04765,2.946689e-07
-1.4375,-1.5375,0.0365174,0.0290068,0.721714,2.029941e-07
-1.4375,-1.5125,0.0365174,0.0307256,1.88802,5.310359e-07
-1.4375,-1.4875,0.0365174,0.0325462,5.38492,1.514597e-06
-1.4375,-1.4625,0.0365174,0.0344747,9.60271,2.700921e-06
-1.4375,-1.4375,0.0365174,0.0365174,14.674,4.127312e-06
-1.4375,-1.4125,0.0365174,0.0386812,31.3237,8.810300e-06
-1.4375,-1.3875,0.0365174,0.0409732,71.7094,2.016948e-05
-1.4375,-1.3625,0.0365174,0.043401,198.94,5.595515e-05
-1.4375,-1.3375,0.0365174,0.0459727,878.154,2.469955e-04
-1.4375,-1.3125,0.0365174,0.0486968,1790.83,5.037009e-04
-1.4375,-1.2875,0.0365174,0.0515822,3509.59,9.871314e-04
-1.4375,-1.2625,0.0365174,0.0546387,4955.27,1.393753e-03
-1.4375,-1.2375,0.0365174,0.0578762,6066.22,1.706227e-03
-1.4375,-1.2125,0.0365174,0.0613056,6340.73,1.783435e-03
-1.4375,-1.1875,0.0365174,0.0649382,6689.55,1.881548e-03
-1.4375,-1.1625,0.0365174,0.068786,4917.55,1.383144e-03
-1.4375,-1.1375,0.0365174,0.0728618,3181.59,8.948751e-04
-1.4375,-1.1125,0.0365174,0.0771792,2254.3,6.340605e-04
-1.4375,-1.0875,0.0365174,0.0817523,1703.55,4.791520e-04
-1.4375,-1.0625,0.0365174,0.0865964,1480.15,4.163162e-04
-1.4375,-1.0375,0.0365174,0.0917276,1337.45,3.761793e-04
-1.4375,-1.0125,0.0365174,0.0971628,1006.39,2.830632e-04
-1.4375,-0.9875,0.0365174,0.10292,630.098,1.772256e-04
-1.4375,-0.9625,0.0365174,0.109018,436.899,1.228850e-04
-1.4375,-0.9375,0.0365174,0.115478,297.071,8.355608e-05
-1.4375,-0.9125,0.0365174,0.122321,78.6064,2.210936e-05
-1.4375,-0.8875,0.0365174,0.129569,25.2993,7.115861e-06
-1.4375,-0.8625,0.0365174,0.137246,10.1723,2.861133e-06
-1.4375,-0.8375,0.0365174,0.145378,6.02866,1.695662e-06
-1.4375,-0.8125,0.0365174,0.153993,1.39625,3.927189e-07
-1.4375,-0.7875,0.0365174,0.163117,1.30226,3.662823e-07
-1.4375,-0.7625,0.0365174,0.172783,0.773265,2.174937e-07
-1.4375,-0.7375,0.0365174,0.183021,1.28336,3.609661e-07
-1.4375,-0.7125,0.0365174,0.193865,0.293683,8.260332e-08
-1.4375,-0.5875,0.0365174,0.258523,0.109351,3.075668e-08
-1.4375,-0.5625,0.0365174,0.273842,0.601428,1.691618e-07
-1.4375,-0.5375,0.0365174,0.290068,0.218701,6.151337e-08
-1.4375,-0.4375,0.0365174,0.365174,0.116405,3.274099e-08
-1.4375,-0.4125,0.0365174,0.386812,0.240571,6.766470e-08
-1.4375,-0.2875,0.0365174,0.515822,0.433028,1.217965e-07
-1.4375,-0.2375,0.0365174,0.578762,0.240571,6.766470e-08
-1.4375,-0.2125,0.0365174,0.613056,0.116405,3.274099e-08
-1.4375,0.0125,0.0365174,1.0292,0.0975289,2.743164e-08
-1.4375,0.0375,0.0365174,1.09018,0.51551,1.449958e-07
-1.4125,-1.9375,0.0386812,0.0115478,0.103102,2.899916e-08
-1.4125,-1.9125,0.0386812,0.0122321,0.0687347,1.933277e-08
-1.4125,-1.7625,0.0386812,0.0172783,0.160381,4.510980e-08
-1.4125,-1.7375,0.0386812,0.0183021,0.712804,2.004880e-07
-1.4125,-1.7125,0.0386812,0.0193865,0.116405,3.274099e-08
-1.4125,-1.6625,0.0386812,0.021752,0.0633082,1.780650e-08
-1.4125,-1.6375,0.0386812,0.0230409,0.529257,1.488623e-07
-1.4125,-1.6125,0.0386812,0.0244062,0.160381,4.510980e-08
-1.4125,-1.5625,0.0386812,0.0273842,0.529257,1.488623e-07
-1.4125,-1.5375,0.0386812,0.0290068,0.977321,2.748879e-07
-1.4125,-1.5125,0.0386812,0.0307256,1.67924,4.723142e-07
-1.4125,-1.4875,0.0386812,0.0325462,3.19617,8.989758e-07
-1.4125,-1.4625,0.0386812,0.0344747,3.90767,1.099097e-06
-1.4125,-1.4375,0.0386812,0.0365174,10.1871,2.865304e-06
-1.4125,-1.4125,0.0386812,0.0386812,23.6941,6.664374e-06
-1.4125,-1.3875,0.0386812,0.0409732,42.4303,1.193424e-05
-1.4125,-1.3625,0.0386812,0.043401,83.508,2.348801e-05
-1.4125,-1.3375,0.0386812,0.0459727,246.727,6.939602e-05
-1.4125,-1.3125,0.0386812,0.0486968,762.205,2.143829e-04
-1.4125,-1.2875,0.0386812,0.0515822,2189.06,6.157098e-04
-1.4125,-1.2625,0.0386812,0.0546387,3300.88,9.284270e-04
-1.4125,-1.2375,0.0386812,0.0578762,4789.26,1.347060e-03
-1.4125,-1.2125,0.0386812,0.0613056,5830.26,1.639857e-03
-1.4125,-1.1875,0.0386812,0.0649382,7347.92,2.066725e-03
-1.4125,-1.1625,0.0386812,0.068786,7169.2,2.016457e-03
-1.4125,-1.1375,0.0386812,0.0728618,5904.03,1.660608e-03
-1.4125,-1.1125,0.0386812,0.0771792,4141.9,1.164978e-03
-1.4125,-1.0875,0.0386812,0.0817523,2502.09,7.037537e-04
-1.4125,-1.0625,0.0386812,0.0865964,1639.48,4.611319e-04
-1.4125,-1.0375,0.0386812,0.0917276,1421.77,3.998958e-04
-1.4125,-1.0125,0.0386812,0.0971628,1429.6,4.020986e-04
-1.4125,-0.9875,0.0386812,0.10292,1085.28,3.052544e-04
-1.4125,-0.9625,0.0386812,0.109018,775.06,2.179986e-04
-1.4125,-0.9375,0.0386812,0.115478,575.638,1.619078e-04
-1.4125,-0.9125,0.0386812,0.122321,319.2,8.978039e-05
-1.4125,-0.8875,0.0386812,0.129569,129.055,3.629887e-05
-1.4125,-0.8625,0.0386812,0.137246,28.1088,7.906076e-06
-1.4125,-0.8375,0.0386812,0.145378,19.411,5.459661e-06
-1.4125,-0.8125,0.0386812,0.153993,8.93281,2.512503e-06
-1.4125,-0.7875,0.0386812,0.163117,6.75311,1.899426e-06
-1.4125,-0.7625,0.0386812,0.172783,3.35829,9.445742e-07
-1.4125,-0.7375,0.0386812,0.183021,2.22207,6.249936e-07
-1.4125,-0.7125,0.0386812,0.193865,1.52517,4.289804e-07
-1.4125,-0.6875,0.0386812,0.205353,1.37733,3.873970e-07
-1.4125,-0.6625,0.0386812,0.21752,1.07433,3.021719e-07
-1.4125,-0.6375,0.0386812,0.230409,0.388018,1.091366e-07
-1.4125,-0.6125,0.0386812,0.244062,0.149175,4.195785e-08
-1.4125,-0.5875,0.0386812,0.258523,0.0375893,1.057261e-08
-1.4125,-0.5625,0.0386812,0.273842,0.240571,6.766470e-08
-1.4125,-0.5375,0.0386812,0.290068,1.38055,3.883031e-07
-1.4125,-0.5125,0.0386812,0.307256,0.796494,2.240272e-07
-1.4125,-0.4625,0.0386812,0.344747,0.0347931,9.786147e-09
-1.4125,-0.4375,0.0386812,0.365174,0.139173,3.914459e-08
-1.4125,-0.3625,0.0386812,0.43401,0.46228,1.300239e-07
-1.4125,-0.3375,0.0386812,0.459727,0.941996,2.649519e-07
-1.4125,-0.0875,0.0386812,0.817523,0.106134,2.985207e-08
-1.4125,-0.0125,0.0386812,0.971628,0.0687347,1.933277e-08
-1.4125,0.0125,0.0386812,1.0292,0.029338,8.251793e-09
-1.4125,0.1125,0.0386812,1.29569,0.171837,4.833193e-08
-1.4125,0.1375,0.0386812,1.37246,0.0353781,9.950692e-09
-1.4125,0.1625,0.0386812,1.45378,0.0687347,1.933277e-08
-1.3875,-1.9375,0.0409732,0.0115478,0.668254,1.879575e-07
-1.3875,-1.9125,0.0409732,0.0122321,0.429592,1.208298e-07
-1.3875,-1.7875,0.0409732,0.0163117,0.171837,4.833193e-08
-1.3875,-1.6625,0.0409732,0.021752,0.0902143,2.537426e-08
-1.3875,-1.5375,0.0409732,0.0290068,0.429592,1.208298e-07
-1.3875,-1.5125,0.0409732,0.0307256,1.80448,5.075398e-07
-1.3875,-1.4875,0.0409732,0.0325462,2.15448,6.059837e-07
-1.3875,-1.4625,0.0409732,0.0344747,3.03875,8.546987e-07
-1.3875,-1.4375,0.0409732,0.0365174,6.71504,1.888717e-06
-1.3875,-1.4125,0.0409732,0.0386812,12.3225,3.465921e-06
-1.3875,-1.3875,0.0409732,0.0409732,29.1853,8.208846e-06
-1.3875,-1.3625,0.0409732,0.043401,39.3969,1.108104e-05
-1.3875,-1.3375,0.0409732,0.0459727,114.802,3.229001e-05
-1.3875,-1.3125,0.0409732,0.0486968,222.919,6.269977e-05
-1.3875,-1.2875,0.0409732,0.0515822,1152.69,3.242145e-04
-1.3875,-1.2625,0.0409732,0.0546387,2133.14,5.999823e-04
-1.3875,-1.2375,0.0409732,0.0578762,3558.03,1.000756e-03
-1.3875,-1.2125,0.0409732,0.0613056,5178.55,1.456553e-03
-1.3875,-1.1875,0.0409732,0.0649382,7150.35,2.011156e-03
-1.3875,-1.1625,0.0409732,0.068786,7746.1,2.178720e-03
-1.3875,-1.1375,0.0409732,0.0728618,8146.8,2.291424e-03
-1.3875,-1.1125,0.0409732,0.0771792,7026.31,1.976268e-03
-1.3875,-1.0875,0.0409732,0.0817523,4782.4,1.345129e-03
-1.3875,-1.0625,0.0409732,0.0865964,2572.25,7.234892e-04
-1.3875,-1.0375,0.0409732,0.0917276,1950.83,5.487040e-04
-1.3875,-1.0125,0.0409732,0.0971628,1480.15,4.163162e-04
-1.3875,-0.9875,0.0409732,0.10292,1349.68,3.796188e-04
-1.3875,-0.9625,0.0409732,0.109018,1069.28,3.007515e-04
-1.3875,-0.9375,0.0409732,0.115478,837.897,2.356725e-04
-1.3875,-0.9125,0.0409732,0.122321,572.039,1.608956e-04
-1.3875,-0.8875,0.0409732,0.129569,355.055,9.986502e-05
-1.3875,-0.8625,0.0409732,0.137246,91.8835,2.584377e-05
-1.3875,-0.8375,0.0409732,0.145378,30.0193,8.443441e-06
-1.3875,-0.8125,0.0409732,0.153993,14.7151,4.138879e-06
-1.3875,-0.7875,0.0409732,0.163117,9.58863,2.696963e-06
-1.3875,-0.7625,0.0409732,0.172783,5.27114,1.482597e-06
-1.3875,-0.7375,0.0409732,0.183021,5.96996,1.679150e-06
-1.3875,-0.7125,0.0409732,0.193865,4.20889,1.183820e-06
-1.3875,-0.6875,0.0409732,0.205353,2.20496,6.201827e-07
-1.3875,-0.6625,0.0409732,0.21752,1.98105,5.572037e-07
-1.3875,-0.6375,0.0409732,0.230409,0.666212,1.873833e-07
-1.3875,-0.6125,0.0409732,0.244062,1.68633,4.743085e-07
-1.3875,-0.5875,0.0409732,0.258523,0.310583,8.735676e-08
-1.3875,-0.4625,0.0409732,0.344747,0.48856,1.374157e-07
-1.3875,-0.4375,0.0409732,0.365174,1.60014,4.500647e-07
-1.3875,-0.4125,0.0409732,0.386812,0.0687347,1.933277e-08
-1.3875,-0.3625,0.0409732,0.43401,0.902143,2.537426e-07
-1.3875,-0.0875,0.0409732,0.817523,0.859183,2.416597e-07
-1.3875,-0.0125,0.0409732,0.971628,0.429592,1.208298e-07
-1.3875,0.0125,0.0409732,1.0292,0.171837,4.833193e-08
-1.3875,0.1125,0.0409732,1.29569,1.20286,3.383235e-07
-1.3875,0.1375,0.0409732,1.37246,0.300714,8.458088e-08
-1.3875,0.1625,0.0409732,1.45378,0.481143,1.353294e-07
-1.3625,-1.8625,0.043401,0.0137246,0.109351,3.075668e-08
-1.3625,-1.8375,0.043401,0.0145378,0.218701,6.151337e-08
-1.3625,-1.7875,0.043401,0.0163117,0.668254,1.879575e-07
-1.3625,-1.6625,0.043401,0.021752,0.349216,9.822296e-08
-1.3625,-1.6375,0.043401,0.0230409,0.218701,6.151337e-08
-1.3625,-1.6125,0.043401,0.0244062,0.109351,3.075668e-08
-1.3625,-1.5125,0.043401,0.0307256,0.962285,2.706588e-07
-1.3625,-1.4875,0.043401,0.0325462,1.56826,4.410998e-07
-1.3625,-1.4625,0.043401,0.0344747,1.43865,4.046439e-07
-1.3625,-1.4375,0.043401,0.0365174,4.21079,1.184356e-06
-1.3625,-1.4125,0.043401,0.0386812,9.7195,2.733772e-06
-1.3625,-1.3875,0.043401,0.0409732,16.1242,4.535200e-06
-1.3625,-1.3625,0.043401,0.043401,31.1271,8.755007e-06
-1.3625,-1.3375,0.043401,0.0459727,49.834,1.401666e-05
-1.3625,-1.3125,0.043401,0.0486968,93.7669,2.637350e-05
-1.3625,-1.2875,0.043401,0.0515822,428.662,1.205683e-04
-1.3625,-1.2625,0.043401,0.0546387,1184.5,3.331615e-04
-1.3625,-1.2375,0.043401,0.0578762,2353.1,6.618490e-04
-1.3625,-1.2125,0.043401,0.0613056,3385.29,9.521703e-04
-1.3625,-1.1875,0.043401,0.0649382,5612.16,1.578512e-03
-1.3625,-1.1625,0.043401,0.068786,6890.87,1.938173e-03
-1.3625,-1.1375,0.043401,0.0728618,8369.47,2.354052e-03
-1.3625,-1.1125,0.043401,0.0771792,9174.17,2.580389e-03
-1.3625,-1.0875,0.043401,0.0817523,8361.69,2.351864e-03
-1.3625,-1.0625,0.043401,0.0865964,5370.5,1.510543e-03
-1.3625,-1.0375,0.043401,0.0917276,3458.46,9.727504e-04
-1.3625,-1.0125,0.043401,0.0971628,1869.42,5.258054e-04
-1.3625,-0.9875,0.043401,0.10292,1474.4,4.147002e-04
-1.3625,-0.9625,0.043401,0.109018,1316.92,3.704064e-04
-1.3625,-0.9375,0.043401,0.115478,1144.17,3.218174e-04
-1.3625,-0.9125,0.043401,0.122321,870.86,2.449439e-04
-1.3625,-0.8875,0.043401,0.129569,704.704,1.982096e-04
-1.3625,-0.8625,0.043401,0.137246,370.252,1.041396e-04
-1.3625,-0.8375,0.043401,0.145378,142.571,4.010057e-05
-1.3625,-0.8125,0.043401,0.153993,34.6249,9.738839e-06
-1.3625,-0.7875,0.043401,0.163117,22.5194,6.333959e-06
-1.3625,-0.7625,0.043401,0.172783,9.99085,2.810093e-06
-1.3625,-0.7375,0.043401,0.183021,11.0896,3.119137e-06
-1.3625,-0.7125,0.043401,0.193865,6.50007,1.828252e-06
-1.3625,-0.6875,0.043401,0.205353,4.77125,1.341995e-06
-1.3625,-0.6625,0.043401,0.21752,3.0832,8.672027e-07
-1.3625,-0.6375,0.043401,0.230409,2.54516,7.158684e-07
-1.3625,-0.6125,0.043401,0.244062,1.22161,3.435985e-07
-1.3625,-0.5875,0.043401,0.258523,1.78538,5.021691e-07
-1.3625,-0.5625,0.043401,0.273842,0.968529,2.724150e-07
-1.3625,-0.5375,0.043401,0.290068,0.536432,1.508803e-07
-1.3625,-0.5125,0.043401,0.307256,0.717645,2.018497e-07
-1.3625,-0.4375,0.043401,0.365174,0.116405,3.274099e-08
-1.3625,-0.4125,0.043401,0.386812,0.240571,6.766470e-08
-1.3625,-0.3625,0.043401,0.43401,0.902143,2.537426e-07
-1.3625,-0.2625,0.043401,0.546387,0.380533,1.070312e-07
-1.3625,-0.2375,0.043401,0.578762,0.768976,2.162872e-07
-1.3625,-0.2125,0.043401,0.613056,0.109351,3.075668e-08
-1.3625,0.0625,0.043401,1.15478,0.328052,9.227005e-08
-1.3625,0.0875,0.043401,1.22321,0.218701,6.151337e-08
-1.3625,0.1375,0.043401,1.37246,0.116405,3.274099e-08
-1.3625,0.1625,0.043401,1.45378,0.240571,6.766470e-08
-1.3375,-1.8625,0.0459727,0.0137246,0.0975289,2.743164e-08
-1.3375,-1.8375,0.0459727,0.0145378,0.200476,5.638725e-08
-1.3375,-1.6375,0.0459727,0.0230409,0.200476,5.638725e-08
-1.3375,-1.6125,0.0459727,0.0244062,0.0975289,2.743164e-08
-1.3375,-1.5875,0.0459727,0.0258523,0.0880139,2.475538e-08
-1.3375,-1.5625,0.0459727,0.0273842,0.642342,1.806694e-07
-1.3375,-1.5125,0.0459727,0.0307256,0.962285,2.706588e-07
-1.3375,-1.4875,0.0459727,0.0325462,1.20286,3.383235e-07
-1.3375,-1.4625,0.0459727,0.0344747,0.200476,5.638725e-08
-1.3375,-1.4375,0.0459727,0.0365174,3.62136,1.018567e-06
-1.3375,-1.4125,0.0459727,0.0386812,5.3913,1.516393e-06
-1.3375,-1.3875,0.0459727,0.0409732,10.4018,2.925684e-06
-1.3375,-1.3625,0.0459727,0.043401,19.2051,5.401755e-06
-1.3375,-1.3375,0.0459727,0.0459727,31.5803,8.882491e-06
-1.3375,-1.3125,0.0459727,0.0486968,71.4165,2.008709e-05
-1.3375,-1.2875,0.0459727,0.0515822,205.196,5.771485e-05
-1.3375,-1.2625,0.0459727,0.0546387,503.479,1.416118e-04
-1.3375,-1.2375,0.0459727,0.0578762,1475.21,4.149287e-04
-1.3375,-1.2125,0.0459727,0.0613056,2451.04,6.893954e-04
-1.3375,-1.1875,0.0459727,0.0649382,4504.71,1.267025e-03
-1.3375,-1.1625,0.0459727,0.068786,5978.72,1.681615e-03
-1.3375,-1.1375,0.0459727,0.0728618,8369.47,2.354052e-03
-1.3375,-1.1125,0.0459727,0.0771792,9174.17,2.580389e-03
-1.3375,-1.0875,0.0459727,0.0817523,9174.17,2.580389e-03
-1.3375,-1.0625,0.0459727,0.0865964,7894,2.220320e-03
-1.3375,-1.0375,0.0459727,0.0917276,5769.91,1.622883e-03
-1.3375,-1.0125,0.0459727,0.0971628,3118.77,8.772053e-04
-1.3375,-0.9875,0.0459727,0.10292,1844.53,5.188059e-04
-1.3375,-0.9625,0.0459727,0.109018,1508.31,4.242361e-04
-1.3375,-0.9375,0.0459727,0.115478,1392.26,3.915962e-04
-1.3375,-0.9125,0.0459727,0.122321,1084.42,3.050098e-04
-1.3375,-0.8875,0.0459727,0.129569,942.407,2.650677e-04
-1.3375,-0.8625,0.0459727,0.137246,628.036,1.766455e-04
-1.3375,-0.8375,0.0459727,0.145378,390.867,1.099378e-04
-1.3375,-0.8125,0.0459727,0.153993,111.273,3.129730e-05
-1.3375,-0.7875,0.0459727,0.163117,41.8592,1.177360e-05
-1.3375,-0.7625,0.0459727,0.172783,18.3955,5.174030e-06
-1.3375,-0.7375,0.0459727,0.183021,13.6411,3.836800e-06
-1.3375,-0.7125,0.0459727,0.193865,7.95397,2.237186e-06
-1.3375,-0.6875,0.0459727,0.205353,8.41447,2.366709e-06
-1.3375,-0.6625,0.0459727,0.21752,5.52688,1.554528e-06
-1.3375,-0.6375,0.0459727,0.230409,3.58022,1.006996e-06
-1.3375,-0.6125,0.0459727,0.244062,2.34826,6.604879e-07
-1.3375,-0.5875,0.0459727,0.258523,1.72883,4.862610e-07
-1.3375,-0.5625,0.0459727,0.273842,1.59546,4.487484e-07
-1.3375,-0.5375,0.0459727,0.290068,0.99463,2.797562e-07
-1.3375,-0.5125,0.0459727,0.307256,1.08451,3.050367e-07
-1.3375,-0.3625,0.0459727,0.43401,1.09009,3.066057e-07
-1.3375,-0.3375,0.0459727,0.459727,0.427682,1.202928e-07
-1.3375,-0.2625,0.0459727,0.546387,1.08681,3.056823e-07
-1.3375,-0.2375,0.0459727,0.578762,2.09033,5.879405e-07
-1.3375,-0.2125,0.0459727,0.613056,1.21755,3.424551e-07
-1.3375,-0.1875,0.0459727,0.649382,0.687347,1.933277e-07
-1.3375,-0.1625,0.0459727,0.68786,0.633082,1.780650e-07
-1.3375,0.0125,0.0459727,1.0292,0.352056,9.902152e-08
-1.3375,0.0625,0.0459727,1.15478,0.309306,8.699747e-08
-1.3375,0.0875,0.0459727,1.22321,0.200476,5.638725e-08
-1.3125,-1.8625,0.0486968,0.0137246,0.902143,2.537426e-07
-1.3125,-1.6625,0.0486968,0.021752,0.721714,2.029941e-07
-1.3125,-1.5125,0.0486968,0.0307256,0.962285,2.706588e-07
-1.3125,-1.4875,0.0486968,0.0325462,1.20286,3.383235e-07
-1.3125,-1.4625,0.0486968,0.0344747,0.200476,5.638725e-08
-1.3125,-1.4375,0.0486968,0.0365174,2.23054,6.273757e-07
-1.3125,-1.4125,0.0486968,0.0386812,5.83767,1.641942e-06
-1.3125,-1.3875,0.0486968,0.0409732,6.88169,1.935589e-06
-1.3125,-1.3625,0.0486968,0.043401,16.2757,4.577819e-06
-1.3125,-1.3375,0.0486968,0.0459727,20.6806,5.816761e-06
-1.3125,-1.3125,0.0486968,0.0486968,39.4398,1.109309e-05
-1.3125,-1.2875,0.0486968,0.0515822,91.192,2.564928e-05
-1.3125,-1.2625,0.0486968,0.0546387,192.373,5.410816e-05
-1.3125,-1.2375,0.0486968,0.0578762,632.017,1.777652e-04
-1.3125,-1.2125,0.0486968,0.0613056,1298,3.650830e-04
-1.3125,-1.1875,0.0486968,0.0649382,2815.38,7.918718e-04
-1.3125,-1.1625,0.0486968,0.068786,4655.11,1.309327e-03
-1.3125,-1.1375,0.0486968,0.0728618,6989.01,1.965777e-03
-1.3125,-1.1125,0.0486968,0.0771792,8417.63,2.367598e-03
-1.3125,-1.0875,0.0486968,0.0817523,9174.17,2.580389e-03
-1.3125,-1.0625,0.0486968,0.0865964,9174.17,2.580389e-03
-1.3125,-1.0375,0.0486968,0.0917276,8609.34,2.421520e-03
-1.3125,-1.0125,0.0486968,0.0971628,6006.65,1.689472e-03
-1.3125,-0.9875,0.0486968,0.10292,2895.25,8.143361e-04
-1.3125,-0.9625,0.0486968,0.109018,1838.49,5.171071e-04
-1.3125,-0.9375,0.0486968,0.115478,1661.54,4.673358e-04
-1.3125,-0.9125,0.0486968,0.122321,1421.83,3.999130e-04
-1.3125,-0.8875,0.0486968,0.129569,1174.42,3.303250e-04
-1.3125,-0.8625,0.0486968,0.137246,961.174,2.703464e-04
-1.3125,-0.8375,0.0486968,0.145378,713.147,2.005845e-04
-1.3125,-0.8125,0.0486968,0.153993,407.273,1.145523e-04
-1.3125,-0.7875,0.0486968,0.163117,154.479,4.344968e-05
-1.3125,-0.7625,0.0486968,0.172783,42.5258,1.196109e-05
-1.3125,-0.7375,0.0486968,0.183021,30.8937,8.689368e-06
-1.3125,-0.7125,0.0486968,0.193865,16.0293,4.508512e-06
-1.3125,-0.6875,0.0486968,0.205353,13.6281,3.833137e-06
-1.3125,-0.6625,0.0486968,0.21752,9.82818,2.764339e-06
-1.3125,-0.6375,0.0486968,0.230409,7.34997,2.067302e-06
-1.3125,-0.6125,0.0486968,0.244062,7.25757,2.041314e-06
-1.3125,-0.5875,0.0486968,0.258523,4.02442,1.131935e-06
-1.3125,-0.5625,0.0486968,0.273842,1.80803,5.085387e-07
-1.3125,-0.5375,0.0486968,0.290068,0.534603,1.503660e-07
-1.3125,-0.5125,0.0486968,0.307256,0.773265,2.174937e-07
-1.3125,-0.4625,0.0486968,0.344747,0.240571,6.766470e-08
-1.3125,-0.4375,0.0486968,0.365174,1.20286,3.383235e-07
-1.3125,-0.4125,0.0486968,0.386812,0.481143,1.353294e-07
-1.3125,-0.3625,0.0486968,0.43401,1.93736,5.449161e-07
-1.3125,-0.3375,0.0486968,0.459727,1.72158,4.842223e-07
-1.3125,-0.3125,0.0486968,0.486968,1.20286,3.383235e-07
-1.3125,-0.2875,0.0486968,0.515822,0.456256,1.283296e-07
-1.3125,-0.2625,0.0486968,0.546387,1.30274,3.664179e-07
-1.3125,-0.2375,0.0486968,0.578762,0.596863,1.678777e-07
-1.3125,-0.2125,0.0486968,0.613056,1.83789,5.169379e-07
-1.3125,-0.1875,0.0486968,0.649382,1.42245,4.000887e-07
-1.3125,-0.1375,0.0486968,0.728618,0.481143,1.353294e-07
-1.3125,-0.1125,0.0486968,0.771792,0.240571,6.766470e-08
-1.3125,-0.0875,0.0486968,0.817523,0.902143,2.537426e-07
-1.3125,-0.0375,0.0486968,0.917276,0.721714,2.029941e-07
-1.3125,-0.0125,0.0486968,0.971628,0.481143,1.353294e-07
-1.3125,0.0125,0.0486968,1.0292,0.225536,6.343566e-08
-1.3125,0.1375,0.0486968,1.37246,1.20286,3.383235e-07
-1.3125,0.1625,0.0486968,1.45378,0.481143,1.353294e-07
-1.2875,-1.9125,0.0515822,0.0122321,0.51551,1.449958e-07
-1.2875,-1.5375,0.0515822,0.0290068,0.331823,9.333062e-08
-1.2875,-1.5125,0.0515822,0.0307256,0.185055,5.204977e-08
-1.2875,-1.4625,0.0515822,0.0344747,1.0752,3.024170e-07
-1.2875,-1.4375,0.0515822,0.0365174,2.39021,6.722852e-07
-1.2875,-1.4125,0.0515822,0.0386812,0.842006,2.368282e-07
-1.2875,-1.3875,0.0515822,0.0409732,4.39109,1.235066e-06
-1.2875,-1.3625,0.0515822,0.043401,7.33127,2.062043e-06
-1.2875,-1.3375,0.0515822,0.0459727,16.8998,4.753347e-06
-1.2875,-1.3125,0.0515822,0.0486968,26.7697,7.529434e-06
-1.2875,-1.2875,0.0515822,0.0515822,64.9529,1.826909e-05
-1.2875,-1.2625,0.0515822,0.0546387,115.54,3.249767e-05
-1.2875,-1.2375,0.0515822,0.0578762,257.283,7.236501e-05
-1.2875,-1.2125,0.0515822,0.0613056,628.789,1.768573e-04
-1.2875,-1.1875,0.0515822,0.0649382,1435.17,4.036646e-04
-1.2875,-1.1625,0.0515822,0.068786,2848.14,8.010869e-04
-1.2875,-1.1375,0.0515822,0.0728618,5149.36,1.448345e-03
-1.2875,-1.1125,0.0515822,0.0771792,6862.25,1.930122e-03
-1.2875,-1.0875,0.0515822,0.0817523,8959.28,2.519948e-03
-1.2875,-1.0625,0.0515822,0.0865964,9174.17,2.580389e-03
-1.2875,-1.0375,0.0515822,0.0917276,8819.98,2.480767e-03
-1.2875,-1.0125,0.0515822,0.0971628,7597.3,2.136866e-03
-1.2875,-0.9875,0.0515822,0.10292,5355.71,1.506384e-03
-1.2875,-0.9625,0.0515822,0.109018,2936.24,8.258651e-04
-1.2875,-0.9375,0.0515822,0.115478,2021.54,5.685919e-04
-1.2875,-0.9125,0.0515822,0.122321,1751.01,4.925006e-04
-1.2875,-0.8875,0.0515822,0.129569,1457.31,4.098925e-04
-1.2875,-0.8625,0.0515822,0.137246,1162.27,3.269065e-04
-1.2875,-0.8375,0.0515822,0.145378,1000.63,2.814431e-04
-1.2875,-0.8125,0.0515822,0.153993,744.955,2.095309e-04
-1.2875,-0.7875,0.0515822,0.163117,466.745,1.312798e-04
-1.2875,-0.7625,0.0515822,0.172783,165.033,4.641831e-05
-1.2875,-0.7375,0.0515822,0.183021,64.3529,1.810033e-05
-1.2875,-0.7125,0.0515822,0.193865,29.6763,8.346960e-06
-1.2875,-0.6875,0.0515822,0.205353,20.5304,5.774513e-06
-1.2875,-0.6625,0.0515822,0.21752,14.1022,3.966484e-06
-1.2875,-0.6375,0.0515822,0.230409,9.99499,2.811257e-06
-1.2875,-0.6125,0.0515822,0.244062,5.97052,1.679307e-06
-1.2875,-0.5875,0.0515822,0.258523,5.6154,1.579424e-06
-1.2875,-0.5625,0.0515822,0.273842,2.29507,6.455254e-07
-1.2875,-0.5375,0.0515822,0.290068,2.45921,6.916927e-07
-1.2875,-0.5125,0.0515822,0.307256,2.3174,6.518068e-07
-1.2875,-0.4875,0.0515822,0.325462,1.47153,4.138933e-07
-1.2875,-0.4625,0.0515822,0.344747,1.566,4.404645e-07
-1.2875,-0.4375,0.0515822,0.365174,0.501769,1.411309e-07
-1.2875,-0.4125,0.0515822,0.386812,0.232811,6.548197e-08
-1.2875,-0.3875,0.0515822,0.409732,1.20286,3.383235e-07
-1.2875,-0.3625,0.0515822,0.43401,1.39754,3.930802e-07
-1.2875,-0.3375,0.0515822,0.459727,0.451071,1.268713e-07
-1.2875,-0.3125,0.0515822,0.486968,0.277582,7.807466e-08
-1.2875,-0.2875,0.0515822,0.515822,1.15118,3.237889e-07
-1.2875,-0.2625,0.0515822,0.546387,0.937248,2.636167e-07
-1.2875,-0.2375,0.0515822,0.578762,0.908139,2.554291e-07
-1.2875,-0.2125,0.0515822,0.613056,0.343673,9.666386e-08
-1.2875,-0.1875,0.0515822,0.649382,1.42148,3.998156e-07
-1.2875,-0.1375,0.0515822,0.728618,0.769828,2.165270e-07
-1.2875,-0.1125,0.0515822,0.771792,0.541291,1.522470e-07
-1.2875,-0.0875,0.0515822,0.817523,0.455309,1.280634e-07
-1.2875,-0.0375,0.0515822,0.917276,0.240571,6.766470e-08
-1.2875,-0.0125,0.0515822,0.971628,0.481143,1.353294e-07
-1.2875,0.0125,0.0515822,1.0292,0.481143,1.353294e-07
-1.2875,0.0375,0.0515822,1.09018,0.962285,2.706588e-07
-1.2875,0.0625,0.0515822,1.15478,1.34475,3.782320e-07
-1.2875,0.0875,0.0515822,1.22321,1.15457,3.247433e-07
-1.2875,0.1125,0.0515822,1.29569,0.400952,1.127745e-07
-1.2875,0.1375,0.0515822,1.37246,0.0925274,2.602489e-08
-1.2875,0.1625,0.0515822,1.45378,0.155207,4.365465e-08
-1.2875,0.2125,0.0515822,1.63117,0.925274,2.602489e-07
-1.2625,-1.4875,0.0546387,0.0325462,0.51551,1.449958e-07
-1.2625,-1.4375,0.0546387,0.0365174,0.747272,2.101827e-07
-1.2625,-1.4125,0.0546387,0.0386812,1.09955,3.092675e-07
-1.2625,-1.3875,0.0546387,0.0409732,2.36358,6.647974e-07
-1.2625,-1.3625,0.0546387,0.043401,8.36033,2.351481e-06
-1.2625,-1.3375,0.0546387,0.0459727,12.3286,3.467611e-06
-1.2625,-1.3125,0.0546387,0.0486968,23.2179,6.530436e-06
-1.2625,-1.2875,0.0546387,0.0515822,51.0415,1.435628e-05
-1.2625,-1.2625,0.0546387,0.0546387,80.8765,2.274785e-05
-1.2625,-1.2375,0.0546387,0.0578762,170.473,4.794832e-05
-1.2625,-1.2125,0.0546387,0.0613056,312.907,8.801018e-05
-1.2625,-1.1875,0.0546387,0.0649382,645.659,1.816025e-04
-1.2625,-1.1625,0.0546387,0.068786,1621.72,4.561346e-04
-1.2625,-1.1375,0.0546387,0.0728618,3423.29,9.628576e-04
-1.2625,-1.1125,0.0546387,0.0771792,5186.66,1.458833e-03
-1.2625,-1.0875,0.0546387,0.0817523,7877.13,2.215575e-03
-1.2625,-1.0625,0.0546387,0.0865964,9045.24,2.544124e-03
-1.2625,-1.0375,0.0546387,0.0917276,9174.17,2.580389e-03
-1.2625,-1.0125,0.0546387,0.0971628,8814.8,2.479308e-03
-1.2625,-0.9875,0.0546387,0.10292,6857.05,1.928661e-03
-1.2625,-0.9625,0.0546387,0.109018,4971.49,1.398315e-03
-1.2625,-0.9375,0.0546387,0.115478,3218.68,9.053073e-04
-1.2625,-0.9125,0.0546387,0.122321,2134.11,6.002550e-04
-1.2625,-0.8875,0.0546387,0.129569,1717.6,4.831023e-04
-1.2625,-0.8625,0.0546387,0.137246,1358.73,3.821653e-04
-1.2625,-0.8375,0.0546387,0.145378,1131.03,3.181224e-04
-1.2625,-0.8125,0.0546387,0.153993,1075.49,3.025004e-04
-1.2625,-0.7875,0.0546387,0.163117,787.714,2.215576e-04
-1.2625,-0.7625,0.0546387,0.172783,523.896,1.473544e-04
-1.2625,-0.7375,0.0546387,0.183021,224.954,6.327195e-05
-1.2625,-0.7125,0.0546387,0.193865,57.2969,1.611570e-05
-1.2625,-0.6875,0.0546387,0.205353,29.3064,8.242903e-06
-1.2625,-0.6625,0.0546387,0.21752,20.6591,5.810712e-06
-1.2625,-0.6375,0.0546387,0.230409,13.03,3.664906e-06
-1.2625,-0.6125,0.0546387,0.244062,8.13907,2.289249e-06
-1.2625,-0.5875,0.0546387,0.258523,7.60387,2.138715e-06
-1.2625,-0.5625,0.0546387,0.273842,4.32707,1.217062e-06
-1.2625,-0.5375,0.0546387,0.290068,4.42319,1.244097e-06
-1.2625,-0.5125,0.0546387,0.307256,2.53503,7.130192e-07
-1.2625,-0.4875,0.0546387,0.325462,2.57836,7.252056e-07
-1.2625,-0.4625,0.0546387,0.344747,2.21983,6.243635e-07
-1.2625,-0.4375,0.0546387,0.365174,1.36484,3.838845e-07
-1.2625,-0.4125,0.0546387,0.386812,1.37481,3.866872e-07
-1.2625,-0.3875,0.0546387,0.409732,0.620829,1.746186e-07
-1.2625,-0.3625,0.0546387,0.43401,0.925274,2.602489e-07
-1.2625,-0.3375,0.0546387,0.459727,0.130039,3.657551e-08
-1.2625,-0.3125,0.0546387,0.486968,0.0751785,2.114522e-08
-1.2625,-0.2875,0.0546387,0.515822,1.21613,3.420572e-07
-1.2625,-0.2625,0.0546387,0.546387,1.06623,2.998957e-07
-1.2625,-0.2375,0.0546387,0.578762,0.300714,8.458088e-08
-1.2625,-0.2125,0.0546387,0.613056,1.54287,4.339588e-07
-1.2625,-0.1875,0.0546387,0.649382,1.70415,4.793218e-07
-1.2625,-0.1375,0.0546387,0.728618,0.481143,1.353294e-07
-1.2625,-0.1125,0.0546387,0.771792,1.44564,4.066095e-07
-1.2625,-0.0875,0.0546387,0.817523,0.884457,2.487682e-07
-1.2625,-0.0625,0.0546387,0.865964,1.27713,3.592151e-07
-1.2625,-0.0375,0.0546387,0.917276,1.24549,3.503135e-07
-1.2625,-0.0125,0.0546387,0.971628,1.00476,2.826045e-07
-1.2625,0.0125,0.0546387,1.0292,0.141513,3.980277e-08
-1.2625,0.0375,0.0546387,1.09018,0.555165,1.561493e-07
-1.2625,0.0625,0.0546387,1.15478,0.623703,1.754270e-07
-1.2625,0.0875,0.0546387,1.22321,1.28252,3.607301e-07
-1.2625,0.1125,0.0546387,1.29569,0.620829,1.746186e-07
-1.2625,0.1375,0.0546387,1.37246,0.945102,2.658256e-07
-1.2625,0.1625,0.0546387,1.45378,0.990588,2.786194e-07
-1.2625,0.1875,0.0546387,1.53993,0.300714,8.458088e-08
-1.2625,0.3875,0.0546387,2.44062,0.601428,1.691618e-07
-1.2625,0.4125,0.0546387,2.58523,0.171837,4.833193e-08
-1.2625,0.4375,0.0546387,2.73842,0.451071,1.268713e-07
-1.2375,-1.9375,0.0578762,0.0115478,0.451071,1.268713e-07
-1.2375,-1.9125,0.0578762,0.0122321,0.300714,8.458088e-08
-1.2375,-1.5625,0.0578762,0.0273842,0.451071,1.268713e-07
-1.2375,-1.4875,0.0578762,0.0325462,0.300714,8.458088e-08
-1.2375,-1.4625,0.0578762,0.0344747,0.751785,2.114522e-07
-1.2375,-1.4375,0.0578762,0.0365174,0.329792,9.275939e-08
-1.2375,-1.4125,0.0578762,0.0386812,1.19312,3.355842e-07
-1.2375,-1.3875,0.0578762,0.0409732,1.38072,3.883502e-07
-1.2375,-1.3625,0.0578762,0.043401,4.58072,1.288404e-06
-1.2375,-1.3375,0.0578762,0.0459727,6.47438,1.821028e-06
-1.2375,-1.3125,0.0578762,0.0486968,18.0512,5.077212e-06
-1.2375,-1.2875,0.0578762,0.0515822,45.1701,1.270485e-05
-1.2375,-1.2625,0.0578762,0.0546387,80.1791,2.255170e-05
-1.2375,-1.2375,0.0578762,0.0578762,127.656,3.590534e-05
-1.2375,-1.2125,0.0578762,0.0613056,203.396,5.720838e-05
-1.2375,-1.1875,0.0578762,0.0649382,398.99,1.122227e-04
-1.2375,-1.1625,0.0578762,0.068786,1016.32,2.858577e-04
-1.2375,-1.1375,0.0578762,0.0728618,2258.42,6.352174e-04
-1.2375,-1.1125,0.0578762,0.0771792,3812.97,1.072461e-03
-1.2375,-1.0875,0.0578762,0.0817523,6547.9,1.841707e-03
-1.2375,-1.0625,0.0578762,0.0865964,8145.08,2.290939e-03
-1.2375,-1.0375,0.0578762,0.0917276,9174.17,2.580389e-03
-1.2375,-1.0125,0.0578762,0.0971628,9174.17,2.580389e-03
-1.2375,-0.9875,0.0578762,0.10292,7387.79,2.077938e-03
-1.2375,-0.9625,0.0578762,0.109018,5677.52,1.596896e-03
-1.2375,-0.9375,0.0578762,0.115478,4361.3,1.226687e-03
-1.2375,-0.9125,0.0578762,0.122321,2830.66,7.961695e-04
-1.2375,-0.8875,0.0578762,0.129569,2003.49,5.635160e-04
-1.2375,-0.8625,0.0578762,0.137246,1576.33,4.433688e-04
-1.2375,-0.8375,0.0578762,0.145378,1373.06,3.861949e-04
-1.2375,-0.8125,0.0578762,0.153993,1159.96,3.262574e-04
-1.2375,-0.7875,0.0578762,0.163117,997.439,2.805463e-04
-1.2375,-0.7625,0.0578762,0.172783,788.067,2.216569e-04
-1.2375,-0.7375,0.0578762,0.183021,458.956,1.290890e-04
-1.2375,-0.7125,0.0578762,0.193865,139.158,3.914040e-05
-1.2375,-0.6875,0.0578762,0.205353,54.0173,1.519325e-05
-1.2375,-0.6625,0.0578762,0.21752,29.796,8.380611e-06
-1.2375,-0.6375,0.0578762,0.230409,17.0624,4.799081e-06
-1.2375,-0.6125,0.0578762,0.244062,15.8503,4.458172e-06
-1.2375,-0.5875,0.0578762,0.258523,9.07593,2.552757e-06
-1.2375,-0.5625,0.0578762,0.273842,5.38427,1.514416e-06
-1.2375,-0.5375,0.0578762,0.290068,4.97107,1.398195e-06
-1.2375,-0.5125,0.0578762,0.307256,2.27184,6.389922e-07
-1.2375,-0.4875,0.0578762,0.325462,2.9279,8.235217e-07
-1.2375,-0.4625,0.0578762,0.344747,2.62332,7.378516e-07
-1.2375,-0.4375,0.0578762,0.365174,2.03868,5.734114e-07
-1.2375,-0.4125,0.0578762,0.386812,1.036,2.913935e-07
-1.2375,-0.3875,0.0578762,0.409732,0.0687347,1.933277e-08
-1.2375,-0.3625,0.0578762,0.43401,2.94718,8.289439e-07
-1.2375,-0.3375,0.0578762,0.459727,2.12479,5.976337e-07
-1.2375,-0.3125,0.0578762,0.486968,1.26264,3.551375e-07
-1.2375,-0.2875,0.0578762,0.515822,0.734319,2.065395e-07
-1.2375,-0.2625,0.0578762,0.546387,1.06318,2.990367e-07
-1.2375,-0.2375,0.0578762,0.578762,1.25603,3.532807e-07
-1.2375,-0.2125,0.0578762,0.613056,1.85452,5.216152e-07
-1.2375,-0.1875,0.0578762,0.649382,2.34914,6.607346e-07
-1.2375,-0.1625,0.0578762,0.68786,0.751785,2.114522e-07
-1.2375,-0.1375,0.0578762,0.728618,0.975973,2.745086e-07
-1.2375,-0.1125,0.0578762,0.771792,0.969557,2.727040e-07
-1.2375,-0.0875,0.0578762,0.817523,0.829556,2.333266e-07
-1.2375,-0.0625,0.0578762,0.865964,1.50284,4.226987e-07
-1.2375,-0.0375,0.0578762,0.917276,1.33123,3.744312e-07
-1.2375,-0.0125,0.0578762,0.971628,1.41514,3.980314e-07
-1.2375,0.0125,0.0578762,1.0292,0.643314,1.809429e-07
-1.2375,0.0375,0.0578762,1.09018,1.69678,4.772480e-07
-1.2375,0.0625,0.0578762,1.15478,0.990588,2.786194e-07
-1.2375,0.0875,0.0578762,1.22321,1.24081,3.489995e-07
-1.2375,0.1125,0.0578762,1.29569,0.86873,2.443448e-07
-1.2375,0.1375,0.0578762,1.37246,1.78471,5.019781e-07
-1.2375,0.1625,0.0578762,1.45378,1.28252,3.607301e-07
-1.2375,0.1875,0.0578762,1.53993,0.747272,2.101827e-07
-1.2375,0.2125,0.0578762,1.63117,1.18536,3.334027e-07
-1.2375,0.2375,0.0578762,1.72783,0.103102,2.899916e-08
-1.2375,0.2625,0.0578762,1.83021,0.150357,4.229044e-08
-1.2375,0.2875,0.0578762,1.93865,0.300714,8.458088e-08
-1.2375,0.3375,0.0578762,2.1752,0.457566,1.286981e-07
-1.2375,0.3625,0.0578762,2.30409,0.752458,2.116413e-07
-1.2375,0.3875,0.0578762,2.44062,0.331823,9.333062e-08
-1.2375,0.4125,0.0578762,2.58523,0.801904,2.255490e-07
-1.2375,0.4375,0.0578762,2.73842,0.721714,2.029941e-07
-1.2125,-1.7875,0.0613056,0.0163117,1.20286,3.383235e-07
-1.2125,-1.7625,0.0613056,0.0172783,0.300714,8.458088e-08
-1.2125,-1.7375,0.0613056,0.0183021,0.962285,2.706588e-07
-1.2125,-1.6375,0.0613056,0.0230409,0.481143,1.353294e-07
-1.2125,-1.6125,0.0613056,0.0244062,0.240571,6.766470e-08
-1.2125,-1.4875,0.0613056,0.0325462,0.902143,2.537426e-07
-1.2125,-1.4375,0.0613056,0.0365174,0.481143,1.353294e-07
-1.2125,-1.4125,0.0613056,0.0386812,1.84816,5.198252e-07
-1.2125,-1.3875,0.0613056,0.0409732,1.42421,4.005839e-07
-1.2125,-1.3625,0.0613056,0.043401,2.26987,6.384398e-07
-1.2125,-1.3375,0.0613056,0.0459727,5.77028,1.622987e-06
-1.2125,-1.3125,0.0613056,0.0486968,12.0922,3.401145e-06
-1.2125,-1.2875,0.0613056,0.0515822,37.1431,1.044711e-05
-1.2125,-1.2625,0.0613056,0.0546387,64.9882,1.827900e-05
-1.2125,-1.2375,0.0613056,0.0578762,83.1662,2.339187e-05
-1.2125,-1.2125,0.0613056,0.0613056,121.178,3.408331e-05
-1.2125,-1.1875,0.0613056,0.0649382,283.013,7.960210e-05
-1.2125,-1.1625,0.0613056,0.068786,544.378,1.531154e-04
-1.2125,-1.1375,0.0613056,0.0728618,1347.89,3.791154e-04
-1.2125,-1.1125,0.0613056,0.0771792,2388.51,6.718091e-04
-1.2125,-1.0875,0.0613056,0.0817523,4156.92,1.169203e-03
-1.2125,-1.0625,0.0613056,0.0865964,6399,1.799827e-03
-1.2125,-1.0375,0.0613056,0.0917276,7875.97,2.215249e-03
-1.2125,-1.0125,0.0613056,0.0971628,9174.17,2.580389e-03
-1.2125,-0.9875,0.0613056,0.10292,8953.14,2.518221e-03
-1.2125,-0.9625,0.0613056,0.109018,6466.37,1.818776e-03
-1.2125,-0.9375,0.0613056,0.115478,4750.16,1.336062e-03
-1.2125,-0.9125,0.0613056,0.122321,3645.87,1.025463e-03
-1.2125,-0.8875,0.0613056,0.129569,2592.57,7.292040e-04
-1.2125,-0.8625,0.0613056,0.137246,1838.49,5.171071e-04
-1.2125,-0.8375,0.0613056,0.145378,1530.14,4.303761e-04
-1.2125,-0.8125,0.0613056,0.153993,1377.33,3.873965e-04
-1.2125,-0.7875,0.0613056,0.163117,1174.42,3.303250e-04
-1.2125,-0.7625,0.0613056,0.172783,1098.92,3.090908e-04
-1.2125,-0.7375,0.0613056,0.183021,793.543,2.231972e-04
-1.2125,-0.7125,0.0613056,0.193865,407.273,1.145523e-04
-1.2125,-0.6875,0.0613056,0.205353,171.193,4.815078e-05
-1.2125,-0.6625,0.0613056,0.21752,46.8301,1.317176e-05
-1.2125,-0.6375,0.0613056,0.230409,29.6956,8.352396e-06
-1.2125,-0.6125,0.0613056,0.244062,24.3057,6.836389e-06
-1.2125,-0.5875,0.0613056,0.258523,14.4622,4.067730e-06
-1.2125,-0.5625,0.0613056,0.273842,8.16648,2.296959e-06
-1.2125,-0.5375,0.0613056,0.290068,6.57213,1.848522e-06
-1.2125,-0.5125,0.0613056,0.307256,4.41563,1.241971e-06
-1.2125,-0.4875,0.0613056,0.325462,5.94496,1.672118e-06
-1.2125,-0.4625,0.0613056,0.344747,3.90697,1.098900e-06
-1.2125,-0.4375,0.0613056,0.365174,1.03353,2.906976e-07
-1.2125,-0.4125,0.0613056,0.386812,4.21327,1.185052e-06
-1.2125,-0.3875,0.0613056,0.409732,4.90295,1.379036e-06
-1.2125,-0.3625,0.0613056,0.43401,2.4301,6.835052e-07
-1.2125,-0.3375,0.0613056,0.459727,4.21331,1.185065e-06
-1.2125,-0.3125,0.0613056,0.486968,2.77725,7.811474e-07
-1.2125,-0.2875,0.0613056,0.515822,0.890753,2.505390e-07
-1.2125,-0.2625,0.0613056,0.546387,2.12113,5.966038e-07
-1.2125,-0.2375,0.0613056,0.578762,1.90911,5.369678e-07
-1.2125,-0.2125,0.0613056,0.613056,2.32854,6.549398e-07
-1.2125,-0.1875,0.0613056,0.649382,0.823191,2.315362e-07
-1.2125,-0.1625,0.0613056,0.68786,3.92721,1.104593e-06
-1.2125,-0.1375,0.0613056,0.728618,0.773265,2.174937e-07
-1.2125,-0.1125,0.0613056,0.771792,2.15734,6.067881e-07
-1.2125,-0.0875,0.0613056,0.817523,1.56055,4.389310e-07
-1.2125,-0.0625,0.0613056,0.865964,1.34932,3.795200e-07
-1.2125,-0.0375,0.0613056,0.917276,2.49235,7.010152e-07
-1.2125,-0.0125,0.0613056,0.971628,0.551366,1.550809e-07
-1.2125,0.0125,0.0613056,1.0292,1.54683,4.350728e-07
-1.2125,0.0375,0.0613056,1.09018,2.30889,6.494135e-07
-1.2125,0.0625,0.0613056,1.15478,0.773265,2.174937e-07
-1.2125,0.0875,0.0613056,1.22321,1.6715,4.701360e-07
-1.2125,0.1125,0.0613056,1.29569,2.05978,5.793482e-07
-1.2125,0.1375,0.0613056,1.37246,0.795418,2.237247e-07
-1.2125,0.1625,0.0613056,1.45378,0.934733,2.629092e-07
-1.2125,0.1875,0.0613056,1.53993,1.25473,3.529128e-07
-1.2125,0.2125,0.0613056,1.63117,1.26859,3.568125e-07
-1.2125,0.2375,0.0613056,1.72783,0.300714,8.458088e-08
-1.2125,0.2625,0.0613056,1.83021,1.20286,3.383235e-07
-1.2125,0.2875,0.0613056,1.93865,1.61986,4.556131e-07
-1.2125,0.3125,0.0613056,2.05353,1.96909,5.538386e-07
-1.2125,0.3375,0.0613056,2.1752,1.24268,3.495249e-07
-1.2125,0.3625,0.0613056,2.30409,0.744344,2.093592e-07
-1.1875,-1.8625,0.0649382,0.0137246,0.0707563,1.990138e-08
-1.1875,-1.8375,0.0649382,0.0145378,0.400952,1.127745e-07
-1.1875,-1.8125,0.0649382,0.0153993,0.141513,3.980277e-08
-1.1875,-1.7625,0.0649382,0.0172783,0.40055,1.126614e-07
-1.1875,-1.7125,0.0649382,0.0193865,1.05568,2.969282e-07
-1.1875,-1.6875,0.0649382,0.0205353,0.0751785,2.114522e-08
-1.1875,-1.6625,0.0649382,0.021752,0.360857,1.014971e-07
-1.1875,-1.6375,0.0649382,0.0230409,0.437402,1.230267e-07
-1.1875,-1.6125,0.0649382,0.0244062,0.424538,1.194083e-07
-1.1875,-1.5875,0.0649382,0.0258523,0.40773,1.146809e-07
-1.1875,-1.5625,0.0649382,0.0273842,0.320406,9.011939e-08
-1.1875,-1.5375,0.0649382,0.0290068,0.331823,9.333062e-08
-1.1875,-1.5125,0.0649382,0.0307256,1.16641,3.280713e-07
-1.1875,-1.4875,0.0649382,0.0325462,0.769828,2.165270e-07
-1.1875,-1.4625,0.0649382,0.0344747,1.20286,3.383235e-07
-1.1875,-1.4375,0.0649382,0.0365174,0.331823,9.333062e-08
-1.1875,-1.4125,0.0649382,0.0386812,0.577371,1.623953e-07
-1.1875,-1.3875,0.0649382,0.0409732,1.5303,4.304213e-07
-1.1875,-1.3625,0.0649382,0.043401,4.26891,1.200701e-06
-1.1875,-1.3375,0.0649382,0.0459727,4.64177,1.305575e-06
-1.1875,-1.3125,0.0649382,0.0486968,5.88242,1.654530e-06
-1.1875,-1.2875,0.0649382,0.0515822,26.6914,7.507408e-06
-1.1875,-1.2625,0.0649382,0.0546387,56.2798,1.582964e-05
-1.1875,-1.2375,0.0649382,0.0578762,67.2414,1.891276e-05
-1.1875,-1.2125,0.0649382,0.0613056,102.768,2.890528e-05
-1.1875,-1.1875,0.0649382,0.0649382,176.671,4.969172e-05
-1.1875,-1.1625,0.0649382,0.068786,316.038,8.889098e-05
-1.1875,-1.1375,0.0649382,0.0728618,803.898,2.261098e-04
-1.1875,-1.1125,0.0649382,0.0771792,1429.58,4.020932e-04
-1.1875,-1.0875,0.0649382,0.0817523,2559.65,7.199452e-04
-1.1875,-1.0625,0.0649382,0.0865964,4371.49,1.229554e-03
-1.1875,-1.0375,0.0649382,0.0917276,6518.37,1.833401e-03
-1.1875,-1.0125,0.0649382,0.0971628,8775.16,2.468160e-03
-1.1875,-0.9875,0.0649382,0.10292,9174.17,2.580389e-03
-1.1875,-0.9625,0.0649382,0.109018,8304.96,2.335910e-03
-1.1875,-0.9375,0.0649382,0.115478,6567.02,1.847083e-03
-1.1875,-0.9125,0.0649382,0.122321,4471.45,1.257671e-03
-1.1875,-0.8875,0.0649382,0.129569,3289.68,9.252766e-04
-1.1875,-0.8625,0.0649382,0.137246,2317.07,6.517144e-04
-1.1875,-0.8375,0.0649382,0.145378,1913.12,5.380978e-04
-1.1875,-0.8125,0.0649382,0.153993,1491.92,4.196284e-04
-1.1875,-0.7875,0.0649382,0.163117,1238.43,3.483292e-04
-1.1875,-0.7625,0.0649382,0.172783,1131.03,3.181224e-04
-1.1875,-0.7375,0.0649382,0.183021,1056.94,2.972831e-04
-1.1875,-0.7125,0.0649382,0.193865,773.764,2.176340e-04
-1.1875,-0.6875,0.0649382,0.205353,471.745,1.326861e-04
-1.1875,-0.6625,0.0649382,0.21752,156.355,4.397750e-05
-1.1875,-0.6375,0.0649382,0.230409,63.8131,1.794851e-05
-1.1875,-0.6125,0.0649382,0.244062,37.4763,1.054084e-05
-1.1875,-0.5875,0.0649382,0.258523,22.4407,6.311834e-06
-1.1875,-0.5625,0.0649382,0.273842,18.3335,5.156608e-06
-1.1875,-0.5375,0.0649382,0.290068,10.9161,3.070323e-06
-1.1875,-0.5125,0.0649382,0.307256,7.49392,2.107789e-06
-1.1875,-0.4875,0.0649382,0.325462,4.52414,1.272491e-06
-1.1875,-0.4625,0.0649382,0.344747,3.2501,9.141434e-07
-1.1875,-0.4375,0.0649382,0.365174,3.96087,1.114062e-06
-1.1875,-0.4125,0.0649382,0.386812,2.55364,7.182540e-07
-1.1875,-0.3875,0.0649382,0.409732,4.4919,1.263420e-06
-1.1875,-0.3625,0.0649382,0.43401,2.49161,7.008076e-07
-1.1875,-0.3375,0.0649382,0.459727,2.72308,7.659111e-07
-1.1875,-0.3125,0.0649382,0.486968,3.53131,9.932394e-07
-1.1875,-0.2875,0.0649382,0.515822,1.89313,5.324753e-07
-1.1875,-0.2625,0.0649382,0.546387,3.1971,8.992386e-07
-1.1875,-0.2375,0.0649382,0.578762,2.15493,6.061094e-07
-1.1875,-0.2125,0.0649382,0.613056,1.6223,4.562990e-07
-1.1875,-0.1875,0.0649382,0.649382,1.91369,5.382566e-07
-1.1875,-0.1625,0.0649382,0.68786,4.67192,1.314055e-06
-1.1875,-0.1375,0.0649382,0.728618,2.82708,7.951635e-07
-1.1875,-0.1125,0.0649382,0.771792,2.48096,6.978113e-07
-1.1875,-0.0875,0.0649382,0.817523,2.69592,7.582715e-07
-1.1875,-0.0625,0.0649382,0.865964,1.7528,4.930054e-07
-1.1875,-0.0375,0.0649382,0.917276,1.51624,4.264686e-07
-1.1875,-0.0125,0.0649382,0.971628,1.78552,5.022070e-07
-1.1875,0.0125,0.0649382,1.0292,3.91875,1.102214e-06
-1.1875,0.0375,0.0649382,1.09018,4.05844,1.141505e-06
-1.1875,0.0625,0.0649382,1.15478,1.9021,5.349966e-07
-1.1875,0.0875,0.0649382,1.22321,1.03643,2.915130e-07
-1.1875,0.1125,0.0649382,1.29569,3.07562,8.650708e-07
-1.1875,0.1375,0.0649382,1.37246,2.09024,5.879143e-07
-1.1875,0.1625,0.0649382,1.45378,0.769828,2.165270e-07
-1.1875,0.1875,0.0649382,1.53993,1.84678,5.194381e-07
-1.1875,0.2125,0.0649382,1.63117,1.49163,4.195446e-07
-1.1875,0.2375,0.0649382,1.72783,3.53541,9.943921e-07
-1.1875,0.2625,0.0649382,1.83021,2.00003,5.625410e-07
-1.1875,0.2875,0.0649382,1.93865,1.97056,5.542520e-07
-1.1875,0.3125,0.0649382,2.05353,2.78474,7.832545e-07
-1.1875,0.3375,0.0649382,2.1752,1.30159,3.660938e-07
-1.1875,0.3625,0.0649382,2.30409,2.11527,5.949543e-07
-1.1875,0.3875,0.0649382,2.44062,0.953179,2.680974e-07
-1.1875,0.4125,0.0649382,2.58523,0.0707563,1.990138e-08
-1.1875,0.4375,0.0649382,2.73842,0.331823,9.333062e-08
-1.1875,0.4625,0.0649382,2.90068,0.51551,1.449958e-07
-1.1875,0.5625,0.0649382,3.65174,0.331823,9.333062e-08
-1.1875,0.5875,0.0649382,3.86812,0.160381,4.510980e-08
-1.1625,-1.9375,0.068786,0.0115478,0.212269,5.970415e-08
-1.1625,-1.9125,0.068786,0.0122321,0.141513,3.980277e-08
-1.1625,-1.8875,0.068786,0.0129569,0.353781,9.950692e-08
-1.1625,-1.8625,0.068786,0.0137246,0.171837,4.833193e-08
-1.1625,-1.8375,0.068786,0.0145378,0.962285,2.706588e-07
-1.1625,-1.8125,0.068786,0.0153993,0.718519,2.020954e-07
-1.1625,-1.7875,0.068786,0.0163117,0.0343673,9.666386e-09
-1.1625,-1.7625,0.068786,0.0172783,1.13081,3.180589e-07
-1.1625,-1.7375,0.068786,0.0183021,0.0707563,1.990138e-08
-1.1625,-1.7125,0.068786,0.0193865,1.72474,4.851128e-07
-1.1625,-1.6875,0.068786,0.0205353,0.200476,5.638725e-08
-1.1625,-1.6625,0.068786,0.021752,1.0525,2.960331e-07
-1.1625,-1.6375,0.068786,0.0230409,1.12768,3.171783e-07
-1.1625,-1.6125,0.068786,0.0244062,0.962285,2.706588e-07
-1.1625,-1.5875,0.068786,0.0258523,1.19554,3.362655e-07
-1.1625,-1.5625,0.068786,0.0273842,0.945114,2.658292e-07
-1.1625,-1.5375,0.068786,0.0290068,0.141513,3.980277e-08
-1.1625,-1.5125,0.068786,0.0307256,0.832747,2.342240e-07
-1.1625,-1.4875,0.068786,0.0325462,1.16405,3.274099e-07
-1.1625,-1.4625,0.068786,0.0344747,0.925274,2.602489e-07
-1.1625,-1.4125,0.068786,0.0386812,0.962285,2.706588e-07
-1.1625,-1.3875,0.068786,0.0409732,0.481143,1.353294e-07
-1.1625,-1.3625,0.068786,0.043401,2.51859,7.083955e-07
-1.1625,-1.3375,0.068786,0.0459727,6.66314,1.874118e-06
-1.1625,-1.3125,0.068786,0.0486968,6.10871,1.718176e-06
-1.1625,-1.2875,0.068786,0.0515822,22.9632,6.458791e-06
-1.1625,-1.2625,0.068786,0.0546387,37.5798,1.056994e-05
-1.1625,-1.2375,0.068786,0.0578762,59.3304,1.668765e-05
-1.1625,-1.2125,0.068786,0.0613056,78.2082,2.199735e-05
-1.1625,-1.1875,0.068786,0.0649382,134.343,3.778608e-05
-1.1625,-1.1625,0.068786,0.068786,230.013,6.469494e-05
-1.1625,-1.1375,0.068786,0.0728618,586.379,1.649288e-04
-1.1625,-1.1125,0.068786,0.0771792,924.876,2.601368e-04
-1.1625,-1.0875,0.068786,0.0817523,1710.23,4.810316e-04
-1.1625,-1.0625,0.068786,0.0865964,3367.97,9.472967e-04
-1.1625,-1.0375,0.068786,0.0917276,4919.58,1.383714e-03
-1.1625,-1.0125,0.068786,0.0971628,7501.95,2.110050e-03
-1.1625,-0.9875,0.068786,0.10292,9137.33,2.570027e-03
-1.1625,-0.9625,0.068786,0.109018,8369.47,2.354052e-03
-1.1625,-0.9375,0.068786,0.115478,7082.83,1.992163e-03
-1.1625,-0.9125,0.068786,0.122321,5080.35,1.428932e-03
-1.1625,-0.8875,0.068786,0.129569,3751.45,1.055157e-03
-1.1625,-0.8625,0.068786,0.137246,2877.1,8.092317e-04
-1.1625,-0.8375,0.068786,0.145378,2351.86,6.615000e-04
-1.1625,-0.8125,0.068786,0.153993,1833.23,5.156278e-04
-1.1625,-0.7875,0.068786,0.163117,1465.64,4.122358e-04
-1.1625,-0.7625,0.068786,0.172783,1200.23,3.375842e-04
-1.1625,-0.7375,0.068786,0.183021,1131.03,3.181224e-04
-1.1625,-0.7125,0.068786,0.193865,1019.95,2.868783e-04
-1.1625,-0.6875,0.068786,0.205353,749.998,2.109494e-04
-1.1625,-0.6625,0.068786,0.21752,393.843,1.107749e-04
-1.1625,-0.6375,0.068786,0.230409,131.83,3.707941e-05
-1.1625,-0.6125,0.068786,0.244062,64.2723,1.807766e-05
-1.1625,-0.5875,0.068786,0.258523,33.4859,9.418471e-06
-1.1625,-0.5625,0.068786,0.273842,20.4202,5.743521e-06
-1.1625,-0.5375,0.068786,0.290068,14.8348,4.172545e-06
-1.1625,-0.5125,0.068786,0.307256,11.0283,3.101882e-06
-1.1625,-0.4875,0.068786,0.325462,8.95482,2.518691e-06
-1.1625,-0.4625,0.068786,0.344747,6.39602,1.798986e-06
-1.1625,-0.4375,0.068786,0.365174,6.9391,1.951738e-06
-1.1625,-0.4125,0.068786,0.386812,2.47484,6.960907e-07
-1.1625,-0.3875,0.068786,0.409732,3.73474,1.050457e-06
-1.1625,-0.3625,0.068786,0.43401,3.08303,8.671538e-07
-1.1625,-0.3375,0.068786,0.459727,2.39281,6.730165e-07
-1.1625,-0.3125,0.068786,0.486968,5.23258,1.471751e-06
-1.1625,-0.2875,0.068786,0.515822,2.73959,7.705546e-07
-1.1625,-0.2625,0.068786,0.546387,2.25218,6.334632e-07
-1.1625,-0.2375,0.068786,0.578762,3.441,9.678383e-07
-1.1625,-0.2125,0.068786,0.613056,3.27175,9.202334e-07
-1.1625,-0.1875,0.068786,0.649382,2.92037,8.214031e-07
-1.1625,-0.1625,0.068786,0.68786,5.24467,1.475152e-06
-1.1625,-0.1375,0.068786,0.728618,3.78393,1.064293e-06
-1.1625,-0.1125,0.068786,0.771792,2.42211,6.812599e-07
-1.1625,-0.0875,0.068786,0.817523,2.45432,6.903175e-07
-1.1625,-0.0625,0.068786,0.865964,2.72606,7.667509e-07
-1.1625,-0.0375,0.068786,0.917276,2.35944,6.636329e-07
-1.1625,-0.0125,0.068786,0.971628,1.9547,5.497931e-07
-1.1625,0.0125,0.068786,1.0292,3.89965,1.096842e-06
-1.1625,0.0375,0.068786,1.09018,3.99671,1.124142e-06
-1.1625,0.0625,0.068786,1.15478,3.89524,1.095601e-06
-1.1625,0.0875,0.068786,1.22321,3.55733,1.000558e-06
-1.1625,0.1125,0.068786,1.29569,3.41431,9.603330e-07
-1.1625,0.1375,0.068786,1.37246,2.12078,5.965042e-07
-1.1625,0.1625,0.068786,1.45378,0.851634,2.395362e-07
-1.1625,0.1875,0.068786,1.53993,1.43104,4.025042e-07
-1.1625,0.2125,0.068786,1.63117,2.08376,5.860919e-07
-1.1625,0.2375,0.068786,1.72783,3.86709,1.087684e-06
-1.1625,0.2625,0.068786,1.83021,3.34739,9.415091e-07
-1.1625,0.2875,0.068786,1.93865,2.51196,7.065302e-07
-1.1625,0.3125,0.068786,2.05353,3.63827,1.023325e-06
-1.1625,0.3375,0.068786,2.1752,1.42195,3.999465e-07
-1.1625,0.3625,0.068786,2.30409,4.44955,1.251510e-06
-1.1625,0.3875,0.068786,2.44062,2.35229,6.616201e-07
-1.1625,0.4125,0.068786,2.58523,0.257755,7.249790e-08
-1.1625,0.4375,0.068786,2.73842,0.549875,1.546615e-07
-1.1625,0.4625,0.068786,2.90068,0.446378,1.255511e-07
-1.1625,0.5125,0.068786,3.25462,0.225536,6.343566e-08
-1.1375,-1.9875,0.0728618,0.010292,0.801904,2.255490e-07
-1.1375,-1.9625,0.0728618,0.0109018,0.601428,1.691618e-07
-1.1375,-1.9375,0.0728618,0.0115478,1.06623,2.998957e-07
-1.1375,-1.9125,0.0728618,0.0122321,0.747272,2.101827e-07
-1.1375,-1.8875,0.0728618,0.0129569,0.429592,1.208298e-07
-1.1375,-1.8625,0.0728618,0.0137246,0.349512,9.830611e-08
-1.1375,-1.8375,0.0728618,0.0145378,0.536006,1.507606e-07
-1.1375,-1.8125,0.0728618,0.0153993,0.944844,2.657532e-07
-1.1375,-1.7875,0.0728618,0.0163117,0.0751785,2.114522e-08
-1.1375,-1.7375,0.0728618,0.0183021,0.240571,6.766470e-08
-1.1375,-1.7125,0.0728618,0.0193865,1.70177,4.786519e-07
-1.1375,-1.6875,0.0728618,0.0205353,1.33583,3.757232e-07
-1.1375,-1.6625,0.0728618,0.021752,1.16431,3.274829e-07
-1.1375,-1.6375,0.0728618,0.0230409,1.37481,3.866872e-07
-1.1375,-1.6125,0.0728618,0.0244062,0.801904,2.255490e-07
-1.1375,-1.5875,0.0728618,0.0258523,1.12768,3.171783e-07
-1.1375,-1.5625,0.0728618,0.0273842,0.975816,2.744644e-07
-1.1375,-1.5375,0.0728618,0.0290068,1.78183,5.011680e-07
-1.1375,-1.5125,0.0728618,0.0307256,2.03714,5.729807e-07
-1.1375,-1.4875,0.0728618,0.0325462,1.79381,5.045403e-07
-1.1375,-1.4625,0.0728618,0.0344747,0.103102,2.899916e-08
-1.1375,-1.4375,0.0728618,0.0365174,1.0526,2.960625e-07
-1.1375,-1.4125,0.0728618,0.0386812,1.54287,4.339588e-07
-1.1375,-1.3875,0.0728618,0.0409732,0.516875,1.453796e-07
-1.1375,-1.3625,0.0728618,0.043401,1.38529,3.896351e-07
-1.1375,-1.3375,0.0728618,0.0459727,4.04343,1.137283e-06
-1.1375,-1.3125,0.0728618,0.0486968,4.51304,1.269368e-06
-1.1375,-1.2875,0.0728618,0.0515822,11.3821,3.201419e-06
-1.1375,-1.2625,0.0728618,0.0546387,24.3003,6.834876e-06
-1.1375,-1.2375,0.0728618,0.0578762,46.4645,1.306890e-05
-1.1375,-1.2125,0.0728618,0.0613056,68.1903,1.917967e-05
-1.1375,-1.1875,0.0728618,0.0649382,107.214,3.015570e-05
-1.1375,-1.1625,0.0728618,0.068786,149.565,4.206766e-05
-1.1375,-1.1375,0.0728618,0.0728618,350.357,9.854372e-05
-1.1375,-1.1125,0.0728618,0.0771792,619.308,1.741907e-04
-1.1375,-1.0875,0.0728618,0.0817523,1050.14,2.953698e-04
-1.1375,-1.0625,0.0728618,0.0865964,2045.12,5.752241e-04
-1.1375,-1.0375,0.0728618,0.0917276,3212.39,9.035384e-04
-1.1375,-1.0125,0.0728618,0.0971628,5385.9,1.514874e-03
-1.1375,-0.9875,0.0728618,0.10292,7951.91,2.236608e-03
-1.1375,-0.9625,0.0728618,0.109018,8905.94,2.504943e-03
-1.1375,-0.9375,0.0728618,0.115478,8090.86,2.275689e-03
-1.1375,-0.9125,0.0728618,0.122321,6296.31,1.770942e-03
-1.1375,-0.8875,0.0728618,0.129569,4946.71,1.391344e-03
-1.1375,-0.8625,0.0728618,0.137246,3618.96,1.017893e-03
-1.1375,-0.8375,0.0728618,0.145378,3058.2,8.601698e-04
-1.1375,-0.8125,0.0728618,0.153993,2324.17,6.537123e-04
-1.1375,-0.7875,0.0728618,0.163117,1896.75,5.334917e-04
-1.1375,-0.7625,0.0728618,0.172783,1493.19,4.199832e-04
-1.1375,-0.7375,0.0728618,0.183021,1214.69,3.416517e-04
-1.1375,-0.7125,0.0728618,0.193865,1131.03,3.181224e-04
-1.1375,-0.6875,0.0728618,0.205353,1044.85,2.938815e-04
-1.1375,-0.6625,0.0728618,0.21752,686.077,1.929706e-04
-1.1375,-0.6375,0.0728618,0.230409,352.139,9.904497e-05
-1.1375,-0.6125,0.0728618,0.244062,150.096,4.221690e-05
-1.1375,-0.5875,0.0728618,0.258523,50.8198,1.429392e-05
-1.1375,-0.5625,0.0728618,0.273842,33.097,9.309096e-06
-1.1375,-0.5375,0.0728618,0.290068,25.7867,7.252951e-06
-1.1375,-0.5125,0.0728618,0.307256,15.2779,4.297151e-06
-1.1375,-0.4875,0.0728618,0.325462,19.9659,5.615756e-06
-1.1375,-0.4625,0.0728618,0.344747,9.74767,2.741694e-06
-1.1375,-0.4375,0.0728618,0.365174,7.50092,2.109758e-06
-1.1375,-0.4125,0.0728618,0.386812,8.74335,2.459214e-06
-1.1375,-0.3875,0.0728618,0.409732,7.68715,2.162139e-06
-1.1375,-0.3625,0.0728618,0.43401,5.11255,1.437989e-06
-1.1375,-0.3375,0.0728618,0.459727,4.51303,1.269365e-06
-1.1375,-0.3125,0.0728618,0.486968,4.09031,1.150467e-06
-1.1375,-0.2875,0.0728618,0.515822,7.9935,2.248304e-06
-1.1375,-0.2625,0.0728618,0.546387,8.76441,2.465137e-06
-1.1375,-0.2375,0.0728618,0.578762,6.3989,1.799797e-06
-1.1375,-0.2125,0.0728618,0.613056,5.62211,1.581311e-06
-1.1375,-0.1875,0.0728618,0.649382,5.53752,1.557521e-06
-1.1375,-0.1625,0.0728618,0.68786,5.55566,1.562623e-06
-1.1375,-0.1375,0.0728618,0.728618,6.09436,1.714140e-06
-1.1375,-0.1125,0.0728618,0.771792,4.87628,1.371535e-06
-1.1375,-0.0875,0.0728618,0.817523,3.06234,8.613351e-07
-1.1375,-0.0625,0.0728618,0.865964,2.19627,6.177378e-07
-1.1375,-0.0375,0.0728618,0.917276,3.81222,1.072251e-06
-1.1375,-0.0125,0.0728618,0.971628,5.14046,1.445839e-06
-1.1375,0.0125,0.0728618,1.0292,2.55104,7.175213e-07
-1.1375,0.0375,0.0728618,1.09018,3.39904,9.560360e-07
-1.1375,0.0625,0.0728618,1.15478,3.21989,9.056486e-07
-1.1375,0.0875,0.0728618,1.22321,3.92695,1.104520e-06
-1.1375,0.1125,0.0728618,1.29569,1.39296,3.917946e-07
-1.1375,0.1375,0.0728618,1.37246,2.38749,6.715210e-07
-1.1375,0.1625,0.0728618,1.45378,2.96445,8.338017e-07
-1.1375,0.1875,0.0728618,1.53993,5.15246,1.449215e-06
-1.1375,0.2125,0.0728618,1.63117,5.47517,1.539983e-06
-1.1375,0.2375,0.0728618,1.72783,3.75192,1.055290e-06
-1.1375,0.2625,0.0728618,1.83021,3.10225,8.725598e-07
-1.1375,0.2875,0.0728618,1.93865,3.36481,9.464082e-07
-1.1375,0.3125,0.0728618,2.05353,5.22994,1.471009e-06
-1.1375,0.3375,0.0728618,2.1752,2.58766,7.278222e-07
-1.1375,0.3625,0.0728618,2.30409,4.08909,1.150126e-06
-1.1375,0.3875,0.0728618,2.44062,2.4831,6.984124e-07
-1.1375,0.4125,0.0728618,2.58523,1.62311,4.565281e-07
-1.1375,0.4375,0.0728618,2.73842,1.24657,3.506198e-07
-1.1375,0.4625,0.0728618,2.90068,0.650131,1.828603e-07
-1.1375,0.5125,0.0728618,3.25462,1.31384,3.695402e-07
-1.1375,0.5375,0.0728618,3.44747,0.751785,2.114522e-07
-1.1375,0.6125,0.0728618,4.09732,0.51551,1.449958e-07
-1.1125,-1.9375,0.0771792,0.0115478,0.744344,2.093592e-07
-1.1125,-1.9125,0.0771792,0.0122321,0.496229,1.395728e-07
-1.1125,-1.8875,0.0771792,0.0129569,1.20286,3.383235e-07
-1.1125,-1.8125,0.0771792,0.0153993,0.721714,2.029941e-07
-1.1125,-1.7625,0.0771792,0.0172783,0.240571,6.766470e-08
-1.1125,-1.7375,0.0771792,0.0183021,1.20286,3.383235e-07
-1.1125,-1.7125,0.0771792,0.0193865,0.534603,1.503660e-07
-1.1125,-1.6625,0.0771792,0.021752,0.773265,2.174937e-07
-1.1125,-1.6375,0.0771792,0.0230409,0.967713,2.721854e-07
-1.1125,-1.6125,0.0771792,0.0244062,2.05978,5.793482e-07
-1.1125,-1.5875,0.0771792,0.0258523,0.611745,1.720634e-07
-1.1125,-1.5375,0.0771792,0.0290068,0.575898,1.619810e-07
-1.1125,-1.5125,0.0771792,0.0307256,1.87297,5.268038e-07
-1.1125,-1.4875,0.0771792,0.0325462,1.46825,4.129688e-07
-1.1125,-1.4375,0.0771792,0.0365174,0.534603,1.503660e-07
-1.1125,-1.4125,0.0771792,0.0386812,0.277582,7.807466e-08
-1.1125,-1.3625,0.0771792,0.043401,1.20286,3.383235e-07
-1.1125,-1.3375,0.0771792,0.0459727,0.692152,1.946794e-07
-1.1125,-1.3125,0.0771792,0.0486968,2.99143,8.413906e-07
-1.1125,-1.2875,0.0771792,0.0515822,6.7148,1.888649e-06
-1.1125,-1.2625,0.0771792,0.0546387,19.1344,5.381863e-06
-1.1125,-1.2375,0.0771792,0.0578762,47.0257,1.322675e-05
-1.1125,-1.2125,0.0771792,0.0613056,72.1982,2.030696e-05
-1.1125,-1.1875,0.0771792,0.0649382,79.2761,2.229773e-05
-1.1125,-1.1625,0.0771792,0.068786,104.403,2.936508e-05
-1.1125,-1.1375,0.0771792,0.0728618,199.151,5.601449e-05
-1.1125,-1.1125,0.0771792,0.0771792,407.024,1.144824e-04
-1.1125,-1.0875,0.0771792,0.0817523,758.638,2.133795e-04
-1.1125,-1.0625,0.0771792,0.0865964,1462.93,4.114739e-04
-1.1125,-1.0375,0.0771792,0.0917276,2227.38,6.264892e-04
-1.1125,-1.0125,0.0771792,0.0971628,3715.82,1.045136e-03
-1.1125,-0.9875,0.0771792,0.10292,6218.04,1.748927e-03
-1.1125,-0.9625,0.0771792,0.109018,8146.8,2.291424e-03
-1.1125,-0.9375,0.0771792,0.115478,9174.17,2.580389e-03
-1.1125,-0.9125,0.0771792,0.122321,7698.81,2.165418e-03
-1.1125,-0.8875,0.0771792,0.129569,6330.53,1.780567e-03
-1.1125,-0.8625,0.0771792,0.137246,3900.74,1.097148e-03
-1.1125,-0.8375,0.0771792,0.145378,3239.3,9.111079e-04
-1.1125,-0.8125,0.0771792,0.153993,2519.85,7.087486e-04
-1.1125,-0.7875,0.0771792,0.163117,2323.76,6.535957e-04
-1.1125,-0.7625,0.0771792,0.172783,1943.68,5.466919e-04
-1.1125,-0.7375,0.0771792,0.183021,1506.09,4.236128e-04
-1.1125,-0.7125,0.0771792,0.193865,1174.42,3.303250e-04
-1.1125,-0.6875,0.0771792,0.205353,1131.03,3.181224e-04
-1.1125,-0.6625,0.0771792,0.21752,1048.64,2.949474e-04
-1.1125,-0.6375,0.0771792,0.230409,732.129,2.059235e-04
-1.1125,-0.6125,0.0771792,0.244062,380.455,1.070092e-04
-1.1125,-0.5875,0.0771792,0.258523,124.013,3.488059e-05
-1.1125,-0.5625,0.0771792,0.273842,67.4495,1.897131e-05
-1.1125,-0.5375,0.0771792,0.290068,39.2045,1.102693e-05
-1.1125,-0.5125,0.0771792,0.307256,29.3092,8.243711e-06
-1.1125,-0.4875,0.0771792,0.325462,21.0062,5.908346e-06
-1.1125,-0.4625,0.0771792,0.344747,14.4768,4.071830e-06
-1.1125,-0.4375,0.0771792,0.365174,9.12892,2.567661e-06
-1.1125,-0.4125,0.0771792,0.386812,8.79702,2.474308e-06
-1.1125,-0.3875,0.0771792,0.409732,6.45549,1.815713e-06
-1.1125,-0.3625,0.0771792,0.43401,7.208,2.027369e-06
-1.1125,-0.3375,0.0771792,0.459727,6.93404,1.950314e-06
-1.1125,-0.3125,0.0771792,0.486968,5.83593,1.641453e-06
-1.1125,-0.2875,0.0771792,0.515822,7.52194,2.115670e-06
-1.1125,-0.2625,0.0771792,0.546387,12.4486,3.501370e-06
-1.1125,-0.2375,0.0771792,0.578762,17.7478,4.991867e-06
-1.1125,-0.2125,0.0771792,0.613056,15.1841,4.270790e-06
-1.1125,-0.1875,0.0771792,0.649382,8.88919,2.500234e-06
-1.1125,-0.1625,0.0771792,0.68786,6.2779,1.765763e-06
-1.1125,-0.1375,0.0771792,0.728618,4.55669,1.281646e-06
-1.1125,-0.1125,0.0771792,0.771792,5.91294,1.663114e-06
-1.1125,-0.0875,0.0771792,0.817523,3.88862,1.093739e-06
-1.1125,-0.0625,0.0771792,0.865964,5.83845,1.642160e-06
-1.1125,-0.0375,0.0771792,0.917276,8.14025,2.289581e-06
-1.1125,-0.0125,0.0771792,0.971628,10.6501,2.995524e-06
-1.1125,0.0125,0.0771792,1.0292,4.41395,1.241497e-06
-1.1125,0.0375,0.0771792,1.09018,7.99919,2.249905e-06
-1.1125,0.0625,0.0771792,1.15478,9.2283,2.595613e-06
-1.1125,0.0875,0.0771792,1.22321,8.39787,2.362041e-06
-1.1125,0.1125,0.0771792,1.29569,11.1837,3.145605e-06
-1.1125,0.1375,0.0771792,1.37246,7.82666,2.201379e-06
-1.1125,0.1625,0.0771792,1.45378,6.40605,1.801809e-06
-1.1125,0.1875,0.0771792,1.53993,6.07665,1.709160e-06
-1.1125,0.2125,0.0771792,1.63117,6.59292,1.854368e-06
-1.1125,0.2375,0.0771792,1.72783,5.20541,1.464107e-06
-1.1125,0.2625,0.0771792,1.83021,4.70826,1.324276e-06
-1.1125,0.2875,0.0771792,1.93865,5.0578,1.422590e-06
-1.1125,0.3125,0.0771792,2.05353,6.31625,1.776551e-06
-1.1125,0.3375,0.0771792,2.1752,5.00172,1.406816e-06
-1.1125,0.3625,0.0771792,2.30409,5.52597,1.554271e-06
-1.1125,0.3875,0.0771792,2.44062,3.38444,9.519302e-07
-1.1125,0.4125,0.0771792,2.58523,2.9356,8.256868e-07
-1.1125,0.4375,0.0771792,2.73842,2.0208,5.683834e-07
-1.1125,0.4625,0.0771792,2.90068,1.61986,4.556131e-07
-1.1125,0.4875,0.0771792,3.07256,1.20286,3.383235e-07
-1.1125,0.5125,0.0771792,3.25462,1.22213,3.437442e-07
-1.1125,0.5375,0.0771792,3.44747,1.20286,3.383235e-07
-1.1125,0.5625,0.0771792,3.65174,0.721714,2.029941e-07
-1.1125,0.7125,0.0771792,5.15822,0.902143,2.537426e-07
-1.0875,-1.9875,0.0817523,0.010292,1.44879,4.074950e-07
-1.0875,-1.9625,0.0817523,0.0109018,1.33713,3.760890e-07
-1.0875,-1.9375,0.0817523,0.0115478,1.6073,4.520791e-07
-1.0875,-1.9125,0.0817523,0.0122321,1.09165,3.070446e-07
-1.0875,-1.8625,0.0817523,0.0137246,0.627577,1.765166e-07
-1.0875,-1.8375,0.0817523,0.0145378,0.51551,1.449958e-07
-1.0875,-1.8125,0.0817523,0.0153993,1.12768,3.171783e-07
-1.0875,-1.7875,0.0817523,0.0163117,0.995468,2.799919e-07
-1.0875,-1.7625,0.0817523,0.0172783,0.663492,1.866181e-07
-1.0875,-1.7375,0.0817523,0.0183021,2.24904,6.325787e-07
-1.0875,-1.7125,0.0817523,0.0193865,1.33812,3.763687e-07
-1.0875,-1.6875,0.0817523,0.0205353,0.962285,2.706588e-07
-1.0875,-1.6625,0.0817523,0.021752,0.6736,1.894612e-07
-1.0875,-1.6375,0.0817523,0.0230409,1.36166,3.829898e-07
-1.0875,-1.6125,0.0817523,0.0244062,0.873419,2.456638e-07
-1.0875,-1.5875,0.0817523,0.0258523,1.64578,4.629019e-07
-1.0875,-1.5625,0.0817523,0.0273842,1.32333,3.722081e-07
-1.0875,-1.5375,0.0817523,0.0290068,2.33213,6.559490e-07
-1.0875,-1.5125,0.0817523,0.0307256,1.59998,4.500221e-07
-1.0875,-1.4875,0.0817523,0.0325462,1.23229,3.466022e-07
-1.0875,-1.4625,0.0817523,0.0344747,2.02375,5.692122e-07
-1.0875,-1.4375,0.0817523,0.0365174,1.71043,4.810875e-07
-1.0875,-1.4125,0.0817523,0.0386812,2.13348,6.000766e-07
-1.0875,-1.3875,0.0817523,0.0409732,1.31966,3.711756e-07
-1.0875,-1.3625,0.0817523,0.043401,0.489276,1.376171e-07
-1.0875,-1.3375,0.0817523,0.0459727,2.50013,7.032026e-07
-1.0875,-1.3125,0.0817523,0.0486968,3.60459,1.013851e-06
-1.0875,-1.2875,0.0817523,0.0515822,3.06525,8.621519e-07
-1.0875,-1.2625,0.0817523,0.0546387,7.48778,2.106062e-06
-1.0875,-1.2375,0.0817523,0.0578762,28.3839,7.983433e-06
-1.0875,-1.2125,0.0817523,0.0613056,40.1042,1.127997e-05
-1.0875,-1.1875,0.0817523,0.0649382,49.8511,1.402144e-05
-1.0875,-1.1625,0.0817523,0.068786,88.8341,2.498606e-05
-1.0875,-1.1375,0.0817523,0.0728618,135.965,3.824230e-05
-1.0875,-1.1125,0.0817523,0.0771792,254.223,7.150448e-05
-1.0875,-1.0875,0.0817523,0.0817523,480.637,1.351871e-04
-1.0875,-1.0625,0.0817523,0.0865964,947.086,2.663838e-04
-1.0875,-1.0375,0.0817523,0.0917276,1446.26,4.067858e-04
-1.0875,-1.0125,0.0817523,0.0971628,2607.32,7.333518e-04
-1.0875,-0.9875,0.0817523,0.10292,4078,1.147006e-03
-1.0875,-0.9625,0.0817523,0.109018,6437.39,1.810622e-03
-1.0875,-0.9375,0.0817523,0.115478,7734.75,2.175526e-03
-1.0875,-0.9125,0.0817523,0.122321,7728.89,2.173880e-03
-1.0875,-0.8875,0.0817523,0.129569,6603.87,1.857449e-03
-1.0875,-0.8625,0.0817523,0.137246,5054.9,1.421775e-03
-1.0875,-0.8375,0.0817523,0.145378,4082.52,1.148277e-03
-1.0875,-0.8125,0.0817523,0.153993,3230.04,9.085015e-04
-1.0875,-0.7875,0.0817523,0.163117,2670.2,7.510385e-04
-1.0875,-0.7625,0.0817523,0.172783,2323.76,6.535957e-04
-1.0875,-0.7375,0.0817523,0.183021,1913.12,5.380978e-04
-1.0875,-0.7125,0.0817523,0.193865,1491.45,4.194950e-04
-1.0875,-0.6875,0.0817523,0.205353,1251.33,3.519588e-04
-1.0875,-0.6625,0.0817523,0.21752,1190.34,3.348039e-04
-1.0875,-0.6375,0.0817523,0.230409,1030.66,2.898890e-04
-1.0875,-0.6125,0.0817523,0.244062,731.363,2.057080e-04
-1.0875,-0.5875,0.0817523,0.258523,293.96,8.268128e-05
-1.0875,-0.5625,0.0817523,0.273842,127.524,3.586820e-05
-1.0875,-0.5375,0.0817523,0.290068,59.8543,1.683503e-05
-1.0875,-0.5125,0.0817523,0.307256,43.3186,1.218409e-05
-1.0875,-0.4875,0.0817523,0.325462,37.2627,1.048075e-05
-1.0875,-0.4625,0.0817523,0.344747,27.1793,7.644618e-06
-1.0875,-0.4375,0.0817523,0.365174,17.9766,5.056232e-06
-1.0875,-0.4125,0.0817523,0.386812,14.3587,4.038636e-06
-1.0875,-0.3875,0.0817523,0.409732,11.7149,3.295017e-06
-1.0875,-0.3625,0.0817523,0.43401,9.63979,2.711352e-06
-1.0875,-0.3375,0.0817523,0.459727,10.9629,3.083495e-06
-1.0875,-0.3125,0.0817523,0.486968,8.90862,2.505699e-06
-1.0875,-0.2875,0.0817523,0.515822,12.4735,3.508385e-06
-1.0875,-0.2625,0.0817523,0.546387,17.7967,5.005622e-06
-1.0875,-0.2375,0.0817523,0.578762,21.368,6.010099e-06
-1.0875,-0.2125,0.0817523,0.613056,23.0874,6.493715e-06
-1.0875,-0.1875,0.0817523,0.649382,23.8634,6.711971e-06
-1.0875,-0.1625,0.0817523,0.68786,16.673,4.689569e-06
-1.0875,-0.1375,0.0817523,0.728618,18.8485,5.301459e-06
-1.0875,-0.1125,0.0817523,0.771792,16.9283,4.761366e-06
-1.0875,-0.0875,0.0817523,0.817523,14.7123,4.138080e-06
-1.0875,-0.0625,0.0817523,0.865964,21.6852,6.099323e-06
-1.0875,-0.0375,0.0817523,0.917276,22.4333,6.309745e-06
-1.0875,-0.0125,0.0817523,0.971628,18.7255,5.266848e-06
-1.0875,0.0125,0.0817523,1.0292,14.5705,4.098191e-06
-1.0875,0.0375,0.0817523,1.09018,10.2901,2.894250e-06
-1.0875,0.0625,0.0817523,1.15478,17.233,4.847080e-06
-1.0875,0.0875,0.0817523,1.22321,15.0568,4.234972e-06
-1.0875,0.1125,0.0817523,1.29569,12.4929,3.513827e-06
-1.0875,0.1375,0.0817523,1.37246,14.9562,4.206672e-06
-1.0875,0.1625,0.0817523,1.45378,10.2405,2.880318e-06
-1.0875,0.1875,0.0817523,1.53993,9.5863,2.696308e-06
-1.0875,0.2125,0.0817523,1.63117,9.02761,2.539165e-06
-1.0875,0.2375,0.0817523,1.72783,11.897,3.346231e-06
-1.0875,0.2625,0.0817523,1.83021,12.83,3.608658e-06
-1.0875,0.2875,0.0817523,1.93865,10.2537,2.884038e-06
-1.0875,0.3125,0.0817523,2.05353,4.75059,1.336182e-06
-1.0875,0.3375,0.0817523,2.1752,6.00761,1.689739e-06
-1.0875,0.3625,0.0817523,2.30409,5.43433,1.528496e-06
-1.0875,0.3875,0.0817523,2.44062,5.14413,1.446871e-06
-1.0875,0.4125,0.0817523,2.58523,4.86059,1.367122e-06
-1.0875,0.4375,0.0817523,2.73842,3.32533,9.353046e-07
-1.0875,0.4625,0.0817523,2.90068,4.3705,1.229276e-06
-1.0875,0.4875,0.0817523,3.07256,2.38467,6.707292e-07
-1.0875,0.5125,0.0817523,3.25462,1.79193,5.040089e-07
-1.0875,0.5375,0.0817523,3.44747,1.44879,4.074950e-07
-1.0875,0.5625,0.0817523,3.65174,1.0481,2.947963e-07
-1.0875,0.5875,0.0817523,3.86812,0.400952,1.127745e-07
-1.0875,0.6125,0.0817523,4.09732,0.451071,1.268713e-07
-1.0875,0.6375,0.0817523,4.3401,1.20286,3.383235e-07
-1.0625,-1.9875,0.0865964,0.010292,1.69548,4.768826e-07
-1.0625,-1.9625,0.0865964,0.0109018,1.24907,3.513208e-07
-1.0625,-1.9375,0.0865964,0.0115478,1.12176,3.155126e-07
-1.0625,-1.9125,0.0865964,0.0122321,1.36905,3.850685e-07
-1.0625,-1.8875,0.0865964,0.0129569,0.577046,1.623037e-07
-1.0625,-1.8625,0.0865964,0.0137246,0.44038,1.238643e-07
-1.0625,-1.8375,0.0865964,0.0145378,0.459475,1.292349e-07
-1.0625,-1.8125,0.0865964,0.0153993,0.902143,2.537426e-07
-1.0625,-1.7875,0.0865964,0.0163117,0.451071,1.268713e-07
-1.0625,-1.7625,0.0865964,0.0172783,0.257755,7.249790e-08
-1.0625,-1.7375,0.0865964,0.0183021,1.16641,3.280713e-07
-1.0625,-1.7125,0.0865964,0.0193865,0.331823,9.333062e-08
-1.0625,-1.6625,0.0865964,0.021752,0.721714,2.029941e-07
-1.0625,-1.6375,0.0865964,0.0230409,0.331823,9.333062e-08
-1.0625,-1.6125,0.0865964,0.0244062,1.33713,3.760890e-07
-1.0625,-1.5875,0.0865964,0.0258523,0.89,2.503272e-07
-1.0625,-1.5625,0.0865964,0.0273842,1.07675,3.028546e-07
-1.0625,-1.5375,0.0865964,0.0290068,0.881631,2.479734e-07
-1.0625,-1.5125,0.0865964,0.0307256,0.160381,4.510980e-08
-1.0625,-1.4875,0.0865964,0.0325462,1.50717,4.239175e-07
-1.0625,-1.4625,0.0865964,0.0344747,0.141513,3.980277e-08
-1.0625,-1.4375,0.0865964,0.0365174,1.85157,5.207852e-07
-1.0625,-1.4125,0.0865964,0.0386812,1.5156,4.262867e-07
-1.0625,-1.3875,0.0865964,0.0409732,1.4078,3.959665e-07
-1.0625,-1.3625,0.0865964,0.043401,1.04033,2.926108e-07
-1.0625,-1.3375,0.0865964,0.0459727,2.24806,6.323055e-07
-1.0625,-1.3125,0.0865964,0.0486968,2.97674,8.372578e-07
-1.0625,-1.2875,0.0865964,0.0515822,5.16097,1.451610e-06
-1.0625,-1.2625,0.0865964,0.0546387,8.89179,2.500964e-06
-1.0625,-1.2375,0.0865964,0.0578762,23.5339,6.619313e-06
-1.0625,-1.2125,0.0865964,0.0613056,31.5102,8.862779e-06
-1.0625,-1.1875,0.0865964,0.0649382,45.976,1.293152e-05
-1.0625,-1.1625,0.0865964,0.068786,68.6083,1.929723e-05
-1.0625,-1.1375,0.0865964,0.0728618,102.751,2.890031e-05
-1.0625,-1.1125,0.0865964,0.0771792,176.609,4.967420e-05
-1.0625,-1.0875,0.0865964,0.0817523,370.26,1.041418e-04
-1.0625,-1.0625,0.0865964,0.0865964,751.018,2.112362e-04
-1.0625,-1.0375,0.0865964,0.0917276,1132.01,3.183978e-04
-1.0625,-1.0125,0.0865964,0.0971628,1946.97,5.476186e-04
-1.0625,-0.9875,0.0865964,0.10292,3339.75,9.393609e-04
-1.0625,-0.9625,0.0865964,0.109018,5140.35,1.445810e-03
-1.0625,-0.9375,0.0865964,0.115478,6401.25,1.800457e-03
-1.0625,-0.9125,0.0865964,0.122321,7405.47,2.082911e-03
-1.0625,-0.8875,0.0865964,0.129569,7347.92,2.066725e-03
-1.0625,-0.8625,0.0865964,0.137246,5969.95,1.679147e-03
-1.0625,-0.8375,0.0865964,0.145378,4987.92,1.402936e-03
-1.0625,-0.8125,0.0865964,0.153993,3645.87,1.025463e-03
-1.0625,-0.7875,0.0865964,0.163117,2970.91,8.356183e-04
-1.0625,-0.7625,0.0865964,0.172783,2426.76,6.825666e-04
-1.0625,-0.7375,0.0865964,0.183021,2213.9,6.226958e-04
-1.0625,-0.7125,0.0865964,0.193865,1819.81,5.118516e-04
-1.0625,-0.6875,0.0865964,0.205353,1499.78,4.218384e-04
-1.0625,-0.6625,0.0865964,0.21752,1369.89,3.853052e-04
-1.0625,-0.6375,0.0865964,0.230409,1213.13,3.412138e-04
-1.0625,-0.6125,0.0865964,0.244062,1003.98,2.823867e-04
-1.0625,-0.5875,0.0865964,0.258523,534.026,1.502037e-04
-1.0625,-0.5625,0.0865964,0.273842,257.614,7.245812e-05
-1.0625,-0.5375,0.0865964,0.290068,111.248,3.129031e-05
-1.0625,-0.5125,0.0865964,0.307256,63.2141,1.778001e-05
-1.0625,-0.4875,0.0865964,0.325462,49.7804,1.400157e-05
-1.0625,-0.4625,0.0865964,0.344747,29.9382,8.420617e-06
-1.0625,-0.4375,0.0865964,0.365174,19.9724,5.617569e-06
-1.0625,-0.4125,0.0865964,0.386812,19.0687,5.363394e-06
-1.0625,-0.3875,0.0865964,0.409732,19.508,5.486940e-06
-1.0625,-0.3625,0.0865964,0.43401,15.7238,4.422581e-06
-1.0625,-0.3375,0.0865964,0.459727,9.86876,2.775753e-06
-1.0625,-0.3125,0.0865964,0.486968,13.9205,3.915375e-06
-1.0625,-0.2875,0.0865964,0.515822,17.9891,5.059742e-06
-1.0625,-0.2625,0.0865964,0.546387,21.3198,5.996558e-06
-1.0625,-0.2375,0.0865964,0.578762,21.0561,5.922370e-06
-1.0625,-0.2125,0.0865964,0.613056,30.8559,8.678733e-06
-1.0625,-0.1875,0.0865964,0.649382,32.1991,9.056537e-06
-1.0625,-0.1625,0.0865964,0.68786,24.8898,7.000661e-06
-1.0625,-0.1375,0.0865964,0.728618,27.9159,7.851815e-06
-1.0625,-0.1125,0.0865964,0.771792,34.7486,9.773614e-06
-1.0625,-0.0875,0.0865964,0.817523,27.6767,7.784522e-06
-1.0625,-0.0625,0.0865964,0.865964,46.4531,1.306572e-05
-1.0625,-0.0375,0.0865964,0.917276,32.4142,9.117021e-06
-1.0625,-0.0125,0.0865964,0.971628,27.0956,7.621076e-06
-1.0625,0.0125,0.0865964,1.0292,30.7537,8.649977e-06
-1.0625,0.0375,0.0865964,1.09018,27.0068,7.596115e-06
-1.0625,0.0625,0.0865964,1.15478,32.8802,9.248107e-06
-1.0625,0.0875,0.0865964,1.22321,31.2407,8.786978e-06
-1.0625,0.1125,0.0865964,1.29569,27.827,7.826806e-06
-1.0625,0.1375,0.0865964,1.37246,23.9916,6.748050e-06
-1.0625,0.1625,0.0865964,1.45378,21.1209,5.940607e-06
-1.0625,0.1875,0.0865964,1.53993,18.6047,5.232885e-06
-1.0625,0.2125,0.0865964,1.63117,15.5875,4.384244e-06
-1.0625,0.2375,0.0865964,1.72783,19.3066,5.430309e-06
-1.0625,0.2625,0.0865964,1.83021,14.8225,4.169073e-06
-1.0625,0.2875,0.0865964,1.93865,14.5963,4.105462e-06
-1.0625,0.3125,0.0865964,2.05353,9.71526,2.732579e-06
-1.0625,0.3375,0.0865964,2.1752,7.15062,2.011233e-06
-1.0625,0.3625,0.0865964,2.30409,6.36271,1.789619e-06
-1.0625,0.3875,0.0865964,2.44062,6.7626,1.902093e-06
-1.0625,0.4125,0.0865964,2.58523,7.98307,2.245373e-06
-1.0625,0.4375,0.0865964,2.73842,6.23993,1.755084e-06
-1.0625,0.4625,0.0865964,2.90068,6.06302,1.705326e-06
-1.0625,0.4875,0.0865964,3.07256,5.27178,1.482775e-06
-1.0625,0.5125,0.0865964,3.25462,3.20797,9.022937e-07
-1.0625,0.5375,0.0865964,3.44747,2.26851,6.380569e-07
-1.0625,0.5625,0.0865964,3.65174,1.47271,4.142239e-07
-1.0625,0.5875,0.0865964,3.86812,1.59349,4.481960e-07
-1.0625,0.6125,0.0865964,4.09732,1.4796,4.161623e-07
-1.0625,0.6375,0.0865964,4.3401,0.971538,2.732613e-07
-1.0625,0.6625,0.0865964,4.59727,0.47329,1.331208e-07
-1.0625,0.6875,0.0865964,4.86968,0.141513,3.980277e-08
-1.0625,0.7125,0.0865964,5.15822,0.353781,9.950692e-08
-1.0625,0.7375,0.0865964,5.46387,0.400952,1.127745e-07
-1.0625,0.7625,0.0865964,5.78762,0.141513,3.980277e-08
-1.0625,0.7875,0.0865964,6.13056,0.212269,5.970415e-08
-1.0375,-1.9875,0.0917276,0.010292,0.801904,2.255490e-07
-1.0375,-1.9625,0.0917276,0.0109018,0.601428,1.691618e-07
-1.0375,-1.9375,0.0917276,0.0115478,0.721714,2.029941e-07
-1.0375,-1.9125,0.0917276,0.0122321,0.990588,2.786194e-07
-1.0375,-1.8875,0.0917276,0.0129569,0.874046,2.458400e-07
-1.0375,-1.8625,0.0917276,0.0137246,1.17324,3.299944e-07
-1.0375,-1.8375,0.0917276,0.0145378,0.619609,1.742755e-07
-1.0375,-1.8125,0.0917276,0.0153993,0.481143,1.353294e-07
-1.0375,-1.7875,0.0917276,0.0163117,0.481143,1.353294e-07
-1.0375,-1.7625,0.0917276,0.0172783,0.945102,2.658256e-07
-1.0375,-1.7375,0.0917276,0.0183021,1.1321,3.184221e-07
-1.0375,-1.7125,0.0917276,0.0193865,0.801904,2.255490e-07
-1.0375,-1.6875,0.0917276,0.0205353,0.801904,2.255490e-07
-1.0375,-1.6625,0.0917276,0.021752,1.0938,3.076495e-07
-1.0375,-1.6375,0.0917276,0.0230409,1.35918,3.822911e-07
-1.0375,-1.6125,0.0917276,0.0244062,0.863284,2.428131e-07
-1.0375,-1.5875,0.0917276,0.0258523,1.41343,3.975496e-07
-1.0375,-1.5625,0.0917276,0.0273842,1.24657,3.506198e-07
-1.0375,-1.5375,0.0917276,0.0290068,1.23537,3.474689e-07
-1.0375,-1.5125,0.0917276,0.0307256,1.26264,3.551375e-07
-1.0375,-1.4875,0.0917276,0.0325462,2.53487,7.129750e-07
-1.0375,-1.4625,0.0917276,0.0344747,0.141513,3.980277e-08
-1.0375,-1.4375,0.0917276,0.0365174,2.10768,5.928205e-07
-1.0375,-1.4125,0.0917276,0.0386812,1.56424,4.399684e-07
-1.0375,-1.3875,0.0917276,0.0409732,1.50962,4.246051e-07
-1.0375,-1.3625,0.0917276,0.043401,1.33583,3.757232e-07
-1.0375,-1.3375,0.0917276,0.0459727,2.60936,7.339264e-07
-1.0375,-1.3125,0.0917276,0.0486968,4.30204,1.210020e-06
-1.0375,-1.2875,0.0917276,0.0515822,5.14999,1.448521e-06
-1.0375,-1.2625,0.0917276,0.0546387,8.3798,2.356958e-06
-1.0375,-1.2375,0.0917276,0.0578762,17.8078,5.008740e-06
-1.0375,-1.2125,0.0917276,0.0613056,24.6471,6.932421e-06
-1.0375,-1.1875,0.0917276,0.0649382,40.8353,1.148562e-05
-1.0375,-1.1625,0.0917276,0.068786,44.7707,1.259250e-05
-1.0375,-1.1375,0.0917276,0.0728618,66.2463,1.863289e-05
-1.0375,-1.1125,0.0917276,0.0771792,115.262,3.241940e-05
-1.0375,-1.0875,0.0917276,0.0817523,225.809,6.351259e-05
-1.0375,-1.0625,0.0917276,0.0865964,445.147,1.252050e-04
-1.0375,-1.0375,0.0917276,0.0917276,702.547,1.976031e-04
-1.0375,-1.0125,0.0917276,0.0971628,1328.9,3.737747e-04
-1.0375,-0.9875,0.0917276,0.10292,2305.61,6.484921e-04
-1.0375,-0.9625,0.0917276,0.109018,3732.66,1.049872e-03
-1.0375,-0.9375,0.0917276,0.115478,4960.9,1.395337e-03
-1.0375,-0.9125,0.0917276,0.122321,6396.88,1.799230e-03
-1.0375,-0.8875,0.0917276,0.129569,7215.37,2.029444e-03
-1.0375,-0.8625,0.0917276,0.137246,6654.23,1.871614e-03
-1.0375,-0.8375,0.0917276,0.145378,5677.52,1.596896e-03
-1.0375,-0.8125,0.0917276,0.153993,4095.04,1.151797e-03
-1.0375,-0.7875,0.0917276,0.163117,3341.94,9.399764e-04
-1.0375,-0.7625,0.0917276,0.172783,2723.68,7.660814e-04
-1.0375,-0.7375,0.0917276,0.183021,2213.9,6.226958e-04
-1.0375,-0.7125,0.0917276,0.193865,1992.81,5.605102e-04
-1.0375,-0.6875,0.0917276,0.205353,1873.56,5.269687e-04
-1.0375,-0.6625,0.0917276,0.21752,1642.77,4.620558e-04
-1.0375,-0.6375,0.0917276,0.230409,1430.16,4.022563e-04
-1.0375,-0.6125,0.0917276,0.244062,1323.37,3.722212e-04
-1.0375,-0.5875,0.0917276,0.258523,912.128,2.565511e-04
-1.0375,-0.5625,0.0917276,0.273842,561.966,1.580622e-04
-1.0375,-0.5375,0.0917276,0.290068,220.891,6.212941e-05
-1.0375,-0.5125,0.0917276,0.307256,120.636,3.393087e-05
-1.0375,-0.4875,0.0917276,0.325462,66.6423,1.874425e-05
-1.0375,-0.4625,0.0917276,0.344747,40.0707,1.127055e-05
-1.0375,-0.4375,0.0917276,0.365174,32.0785,9.022610e-06
-1.0375,-0.4125,0.0917276,0.386812,32.4938,9.139434e-06
-1.0375,-0.3875,0.0917276,0.409732,22.4689,6.319752e-06
-1.0375,-0.3625,0.0917276,0.43401,23.8134,6.697920e-06
-1.0375,-0.3375,0.0917276,0.459727,18.8568,5.303802e-06
-1.0375,-0.3125,0.0917276,0.486968,17.1907,4.835177e-06
-1.0375,-0.2875,0.0917276,0.515822,24.8215,6.981462e-06
-1.0375,-0.2625,0.0917276,0.546387,25.3155,7.120409e-06
-1.0375,-0.2375,0.0917276,0.578762,25.6826,7.223668e-06
-1.0375,-0.2125,0.0917276,0.613056,30.755,8.650359e-06
-1.0375,-0.1875,0.0917276,0.649382,27.2694,7.669972e-06
-1.0375,-0.1625,0.0917276,0.68786,36.0716,1.014574e-05
-1.0375,-0.1375,0.0917276,0.728618,30.2889,8.519257e-06
-1.0375,-0.1125,0.0917276,0.771792,34.7486,9.773614e-06
-1.0375,-0.0875,0.0917276,0.817523,35.5159,9.989436e-06
-1.0375,-0.0625,0.0917276,0.865964,48.311,1.358829e-05
-1.0375,-0.0375,0.0917276,0.917276,51.8138,1.457351e-05
-1.0375,-0.0125,0.0917276,0.971628,47.9136,1.347649e-05
-1.0375,0.0125,0.0917276,1.0292,50.5502,1.421808e-05
-1.0375,0.0375,0.0917276,1.09018,50.5502,1.421808e-05
-1.0375,0.0625,0.0917276,1.15478,51.9895,1.462291e-05
-1.0375,0.0875,0.0917276,1.22321,53.367,1.501036e-05
-1.0375,0.1125,0.0917276,1.29569,47.2227,1.328217e-05
-1.0375,0.1375,0.0917276,1.37246,33.8194,9.512276e-06
-1.0375,0.1625,0.0917276,1.45378,38.7746,1.090600e-05
-1.0375,0.1875,0.0917276,1.53993,38.7782,1.090701e-05
-1.0375,0.2125,0.0917276,1.63117,41.6093,1.170332e-05
-1.0375,0.2375,0.0917276,1.72783,26.7423,7.521718e-06
-1.0375,0.2625,0.0917276,1.83021,28.2306,7.940322e-06
-1.0375,0.2875,0.0917276,1.93865,20.097,5.652622e-06
-1.0375,0.3125,0.0917276,2.05353,19.9907,5.622730e-06
-1.0375,0.3375,0.0917276,2.1752,14.0482,3.951302e-06
-1.0375,0.3625,0.0917276,2.30409,11.1382,3.132806e-06
-1.0375,0.3875,0.0917276,2.44062,11.225,3.157209e-06
-1.0375,0.4125,0.0917276,2.58523,11.3098,3.181058e-06
-1.0375,0.4375,0.0917276,2.73842,9.24695,2.600858e-06
-1.0375,0.4625,0.0917276,2.90068,5.93527,1.669395e-06
-1.0375,0.4875,0.0917276,3.07256,6.7271,1.892110e-06
-1.0375,0.5125,0.0917276,3.25462,6.25352,1.758908e-06
-1.0375,0.5375,0.0917276,3.44747,2.88619,8.117880e-07
-1.0375,0.5625,0.0917276,3.65174,1.25603,3.532807e-07
-1.0375,0.5875,0.0917276,3.86812,1.67557,4.712811e-07
-1.0375,0.6125,0.0917276,4.09732,1.24954,3.514530e-07
-1.0375,0.6375,0.0917276,4.3401,2.57394,7.239642e-07
-1.0375,0.6625,0.0917276,4.59727,1.6305,4.586050e-07
-1.0375,0.6875,0.0917276,4.86968,0.481143,1.353294e-07
-1.0375,0.7125,0.0917276,5.15822,0.954003,2.683294e-07
-1.0375,0.7375,0.0917276,5.46387,1.89618,5.333310e-07
-1.0375,0.7625,0.0917276,5.78762,0.155207,4.365465e-08
-1.0375,0.7875,0.0917276,6.13056,0.240571,6.766470e-08
-1.0125,-1.9625,0.0971628,0.0109018,0.51551,1.449958e-07
-1.0125,-1.9375,0.0971628,0.0115478,0.746601,2.099939e-07
-1.0125,-1.9125,0.0971628,0.0122321,1.20286,3.383235e-07
-1.0125,-1.8875,0.0971628,0.0129569,1.80627,5.080424e-07
-1.0125,-1.8625,0.0971628,0.0137246,0.429592,1.208298e-07
-1.0125,-1.8125,0.0971628,0.0153993,1.04078,2.927377e-07
-1.0125,-1.7875,0.0971628,0.0163117,0.103102,2.899916e-08
-1.0125,-1.7625,0.0971628,0.0172783,0.954003,2.683294e-07
-1.0125,-1.7375,0.0971628,0.0183021,1.89618,5.333310e-07
-1.0125,-1.7125,0.0971628,0.0193865,0.962285,2.706588e-07
-1.0125,-1.6875,0.0971628,0.0205353,0.534603,1.503660e-07
-1.0125,-1.6625,0.0971628,0.021752,0.407538,1.146269e-07
-1.0125,-1.6375,0.0971628,0.0230409,0.891126,2.506441e-07
-1.0125,-1.6125,0.0971628,0.0244062,1.54472,4.344770e-07
-1.0125,-1.5875,0.0971628,0.0258523,3.15938,8.886277e-07
-1.0125,-1.5625,0.0971628,0.0273842,1.37481,3.866872e-07
-1.0125,-1.5375,0.0971628,0.0290068,1.89574,5.332093e-07
-1.0125,-1.5125,0.0971628,0.0307256,1.98727,5.589523e-07
-1.0125,-1.4875,0.0971628,0.0325462,1.7272,4.858027e-07
-1.0125,-1.4625,0.0971628,0.0344747,1.71987,4.837414e-07
-1.0125,-1.4375,0.0971628,0.0365174,2.17018,6.104006e-07
-1.0125,-1.4125,0.0971628,0.0386812,2.17754,6.124693e-07
-1.0125,-1.3875,0.0971628,0.0409732,2.94069,8.271173e-07
-1.0125,-1.3625,0.0971628,0.043401,1.57042,4.417057e-07
-1.0125,-1.3375,0.0971628,0.0459727,2.45581,6.907376e-07
-1.0125,-1.3125,0.0971628,0.0486968,4.00141,1.125463e-06
-1.0125,-1.2875,0.0971628,0.0515822,4.75155,1.336453e-06
-1.0125,-1.2625,0.0971628,0.0546387,7.10591,1.998657e-06
-1.0125,-1.2375,0.0971628,0.0578762,13.3958,3.767800e-06
-1.0125,-1.2125,0.0971628,0.0613056,20.3722,5.730018e-06
-1.0125,-1.1875,0.0971628,0.0649382,26.4596,7.442206e-06
-1.0125,-1.1625,0.0971628,0.068786,41.1649,1.157830e-05
-1.0125,-1.1375,0.0971628,0.0728618,63.088,1.774456e-05
-1.0125,-1.1125,0.0971628,0.0771792,85.7539,2.411971e-05
-1.0125,-1.0875,0.0971628,0.0817523,154.493,4.345362e-05
-1.0125,-1.0625,0.0971628,0.0865964,287.355,8.082347e-05
-1.0125,-1.0375,0.0971628,0.0917276,486.916,1.369533e-04
-1.0125,-1.0125,0.0971628,0.0971628,1008.61,2.836882e-04
-1.0125,-0.9875,0.0971628,0.10292,1792.04,5.040408e-04
-1.0125,-0.9625,0.0971628,0.109018,3083.75,8.673568e-04
-1.0125,-0.9375,0.0971628,0.115478,4070.17,1.144804e-03
-1.0125,-0.9125,0.0971628,0.122321,5294.44,1.489149e-03
-1.0125,-0.8875,0.0971628,0.129569,6396.88,1.799230e-03
-1.0125,-0.8625,0.0971628,0.137246,6543.91,1.840584e-03
-1.0125,-0.8375,0.0971628,0.145378,6155.34,1.731291e-03
-1.0125,-0.8125,0.0971628,0.153993,5084.34,1.430054e-03
-1.0125,-0.7875,0.0971628,0.163117,3800.6,1.068981e-03
-1.0125,-0.7625,0.0971628,0.172783,3240.47,9.114358e-04
-1.0125,-0.7375,0.0971628,0.183021,2512.56,7.066993e-04
-1.0125,-0.7125,0.0971628,0.193865,2032.4,5.716461e-04
-1.0125,-0.6875,0.0971628,0.205353,1976.43,5.559041e-04
-1.0125,-0.6625,0.0971628,0.21752,1887.62,5.309254e-04
-1.0125,-0.6375,0.0971628,0.230409,1660.41,4.670186e-04
-1.0125,-0.6125,0.0971628,0.244062,1530.14,4.303761e-04
-1.0125,-0.5875,0.0971628,0.258523,1207.93,3.397492e-04
-1.0125,-0.5625,0.0971628,0.273842,893.683,2.513633e-04
-1.0125,-0.5375,0.0971628,0.290068,434.069,1.220892e-04
-1.0125,-0.5125,0.0971628,0.307256,207.048,5.823584e-05
-1.0125,-0.4875,0.0971628,0.325462,98.4389,2.768759e-05
-1.0125,-0.4625,0.0971628,0.344747,72.5237,2.039849e-05
-1.0125,-0.4375,0.0971628,0.365174,59.2135,1.665478e-05
-1.0125,-0.4125,0.0971628,0.386812,44.4655,1.250667e-05
-1.0125,-0.3875,0.0971628,0.409732,37.2102,1.046598e-05
-1.0125,-0.3625,0.0971628,0.43401,29.9805,8.432513e-06
-1.0125,-0.3375,0.0971628,0.459727,30.4392,8.561529e-06
-1.0125,-0.3125,0.0971628,0.486968,24.3984,6.862454e-06
-1.0125,-0.2875,0.0971628,0.515822,30.1665,8.484832e-06
-1.0125,-0.2625,0.0971628,0.546387,29.1024,8.185536e-06
-1.0125,-0.2375,0.0971628,0.578762,28.5348,8.025899e-06
-1.0125,-0.2125,0.0971628,0.613056,34.1136,9.595026e-06
-1.0125,-0.1875,0.0971628,0.649382,30.5897,8.603865e-06
-1.0125,-0.1625,0.0971628,0.68786,39.1665,1.101622e-05
-1.0125,-0.1375,0.0971628,0.728618,36.7702,1.034223e-05
-1.0125,-0.1125,0.0971628,0.771792,38.9388,1.095218e-05
-1.0125,-0.0875,0.0971628,0.817523,41.2125,1.159171e-05
-1.0125,-0.0625,0.0971628,0.865964,45.4479,1.278297e-05
-1.0125,-0.0375,0.0971628,0.917276,52.8909,1.487645e-05
-1.0125,-0.0125,0.0971628,0.971628,49.7194,1.398442e-05
-1.0125,0.0125,0.0971628,1.0292,61.9909,1.743598e-05
-1.0125,0.0375,0.0971628,1.09018,53.367,1.501036e-05
-1.0125,0.0625,0.0971628,1.15478,57.3142,1.612057e-05
-1.0125,0.0875,0.0971628,1.22321,56.0229,1.575739e-05
-1.0125,0.1125,0.0971628,1.29569,59.8967,1.684693e-05
-1.0125,0.1375,0.0971628,1.37246,45.6385,1.283660e-05
-1.0125,0.1625,0.0971628,1.45378,55.1577,1.551402e-05
-1.0125,0.1875,0.0971628,1.53993,52.5789,1.478868e-05
-1.0125,0.2125,0.0971628,1.63117,59.4581,1.672358e-05
-1.0125,0.2375,0.0971628,1.72783,41.5035,1.167356e-05
-1.0125,0.2625,0.0971628,1.83021,33.9649,9.553189e-06
-1.0125,0.2875,0.0971628,1.93865,31.393,8.829810e-06
-1.0125,0.3125,0.0971628,2.05353,28.1372,7.914054e-06
-1.0125,0.3375,0.0971628,2.1752,23.9139,6.726190e-06
-1.0125,0.3625,0.0971628,2.30409,20.5644,5.784086e-06
-1.0125,0.3875,0.0971628,2.44062,26.56,7.470431e-06
-1.0125,0.4125,0.0971628,2.58523,19.9878,5.621910e-06
-1.0125,0.4375,0.0971628,2.73842,10.5457,2.966161e-06
-1.0125,0.4625,0.0971628,2.90068,5.33416,1.500322e-06
-1.0125,0.4875,0.0971628,3.07256,5.58826,1.571790e-06
-1.0125,0.5125,0.0971628,3.25462,4.80084,1.350318e-06
-1.0125,0.5375,0.0971628,3.44747,3.90358,1.097947e-06
-1.0125,0.5625,0.0971628,3.65174,3.04906,8.575998e-07
-1.0125,0.5875,0.0971628,3.86812,2.20935,6.214169e-07
-1.0125,0.6125,0.0971628,4.09732,1.25154,3.520152e-07
-1.0125,0.6375,0.0971628,4.3401,2.41071,6.780524e-07
-1.0125,0.6625,0.0971628,4.59727,1.99686,5.616489e-07
-1.0125,0.6875,0.0971628,4.86968,2.12794,5.985199e-07
-1.0125,0.7125,0.0971628,5.15822,0.368094,1.035327e-07
-1.0125,0.7375,0.0971628,5.46387,1.334,3.752105e-07
-1.0125,0.7625,0.0971628,5.78762,1.18895,3.344118e-07
-1.0125,0.7875,0.0971628,6.13056,0.300714,8.458088e-08
-0.9875,-1.9875,0.10292,0.010292,1.20286,3.383235e-07
-0.9875,-1.9625,0.10292,0.0109018,0.859183,2.416597e-07
-0.9875,-1.8875,0.10292,0.0129569,2.75582,7.751210e-07
-0.9875,-1.8625,0.10292,0.0137246,0.959932,2.699969e-07
-0.9875,-1.8375,0.10292,0.0145378,0.779495,2.192459e-07
-0.9875,-1.8125,0.10292,0.0153993,1.14984,3.234129e-07
-0.9875,-1.7875,0.10292,0.0163117,1.22743,3.452349e-07
-0.9875,-1.7625,0.10292,0.0172783,1.76268,4.957831e-07
-0.9875,-1.7375,0.10292,0.0183021,2.1065,5.924875e-07
-0.9875,-1.7125,0.10292,0.0193865,1.29843,3.652046e-07
-0.9875,-1.6875,0.10292,0.0205353,1.84138,5.179195e-07
-0.9875,-1.6625,0.10292,0.021752,1.22428,3.443505e-07
-0.9875,-1.6375,0.10292,0.0230409,1.36305,3.833818e-07
-0.9875,-1.6125,0.10292,0.0244062,1.73091,4.868468e-07
-0.9875,-1.5875,0.10292,0.0258523,2.15157,6.051655e-07
-0.9875,-1.5625,0.10292,0.0273842,1.31435,3.696827e-07
-0.9875,-1.5375,0.10292,0.0290068,1.07845,3.033329e-07
-0.9875,-1.5125,0.10292,0.0307256,1.93675,5.447424e-07
-0.9875,-1.4875,0.10292,0.0325462,2.03576,5.725903e-07
-0.9875,-1.4625,0.10292,0.0344747,1.86292,5.239760e-07
-0.9875,-1.4375,0.10292,0.0365174,3.76503,1.058978e-06
-0.9875,-1.4125,0.10292,0.0386812,4.08992,1.150358e-06
-0.9875,-1.3875,0.10292,0.0409732,3.71844,1.045875e-06
-0.9875,-1.3625,0.10292,0.043401,2.11501,5.948832e-07
-0.9875,-1.3375,0.10292,0.0459727,3.53097,9.931430e-07
-0.9875,-1.3125,0.10292,0.0486968,4.90281,1.378997e-06
-0.9875,-1.2875,0.10292,0.0515822,3.31968,9.337165e-07
-0.9875,-1.2625,0.10292,0.0546387,7.89643,2.221003e-06
-0.9875,-1.2375,0.10292,0.0578762,11.8948,3.345602e-06
-0.9875,-1.2125,0.10292,0.0613056,13.9033,3.910521e-06
-0.9875,-1.1875,0.10292,0.0649382,30.4218,8.556643e-06
-0.9875,-1.1625,0.10292,0.068786,37.9006,1.066017e-05
-0.9875,-1.1375,0.10292,0.0728618,47.6854,1.341231e-05
-0.9875,-1.1125,0.10292,0.0771792,60.4787,1.701064e-05
-0.9875,-1.0875,0.10292,0.0817523,96.7463,2.721151e-05
-0.9875,-1.0625,0.10292,0.0865964,179.022,5.035280e-05
-0.9875,-1.0375,0.10292,0.0917276,262.38,7.379861e-05
-0.9875,-1.0125,0.10292,0.0971628,529.624,1.489656e-04
-0.9875,-0.9875,0.10292,0.10292,1061.55,2.985790e-04
-0.9875,-0.9625,0.10292,0.109018,2008.82,5.650145e-04
-0.9875,-0.9375,0.10292,0.115478,2671.63,7.514400e-04
-0.9875,-0.9125,0.10292,0.122321,3765.25,1.059039e-03
-0.9875,-0.8875,0.10292,0.129569,4607.98,1.296071e-03
-0.9875,-0.8625,0.10292,0.137246,6025.99,1.694909e-03
-0.9875,-0.8375,0.10292,0.145378,6340.73,1.783435e-03
-0.9875,-0.8125,0.10292,0.153993,5406.61,1.520698e-03
-0.9875,-0.7875,0.10292,0.163117,4585.64,1.289788e-03
-0.9875,-0.7625,0.10292,0.172783,3651.02,1.026912e-03
-0.9875,-0.7375,0.10292,0.183021,3076.96,8.654473e-04
-0.9875,-0.7125,0.10292,0.193865,2480.87,6.977855e-04
-0.9875,-0.6875,0.10292,0.205353,2309.83,6.496774e-04
-0.9875,-0.6625,0.10292,0.21752,1992.81,5.605102e-04
-0.9875,-0.6375,0.10292,0.230409,1992.81,5.605102e-04
-0.9875,-0.6125,0.10292,0.244062,1874.58,5.272556e-04
-0.9875,-0.5875,0.10292,0.258523,1595.89,4.488705e-04
-0.9875,-0.5625,0.10292,0.273842,1386.44,3.899597e-04
-0.9875,-0.5375,0.10292,0.290068,971.858,2.733512e-04
-0.9875,-0.5125,0.10292,0.307256,570.585,1.604864e-04
-0.9875,-0.4875,0.10292,0.325462,248.493,6.989275e-05
-0.9875,-0.4625,0.10292,0.344747,147.856,4.158691e-05
-0.9875,-0.4375,0.10292,0.365174,99.1555,2.788913e-05
-0.9875,-0.4125,0.10292,0.386812,78.7422,2.214756e-05
-0.9875,-0.3875,0.10292,0.409732,62.8703,1.768333e-05
-0.9875,-0.3625,0.10292,0.43401,52.7841,1.484642e-05
-0.9875,-0.3375,0.10292,0.459727,53.297,1.499066e-05
-0.9875,-0.3125,0.10292,0.486968,45.8403,1.289334e-05
-0.9875,-0.2875,0.10292,0.515822,49.1943,1.383673e-05
-0.9875,-0.2625,0.10292,0.546387,49.1949,1.383689e-05
-0.9875,-0.2375,0.10292,0.578762,51.0114,1.434779e-05
-0.9875,-0.2125,0.10292,0.613056,56.5468,1.590474e-05
-0.9875,-0.1875,0.10292,0.649382,53.1086,1.493769e-05
-0.9875,-0.1625,0.10292,0.68786,55.2408,1.553738e-05
-0.9875,-0.1375,0.10292,0.728618,52.6922,1.482057e-05
-0.9875,-0.1125,0.10292,0.771792,57.5499,1.618686e-05
-0.9875,-0.0875,0.10292,0.817523,56.8605,1.599296e-05
-0.9875,-0.0625,0.10292,0.865964,54.26,1.526154e-05
-0.9875,-0.0375,0.10292,0.917276,72.1791,2.030157e-05
-0.9875,-0.0125,0.10292,0.971628,74.2008,2.087020e-05
-0.9875,0.0125,0.10292,1.0292,72.9833,2.052776e-05
-0.9875,0.0375,0.10292,1.09018,67.144,1.888538e-05
-0.9875,0.0625,0.10292,1.15478,75.7727,2.131235e-05
-0.9875,0.0875,0.10292,1.22321,76.1171,2.140921e-05
-0.9875,0.1125,0.10292,1.29569,83.2596,2.341814e-05
-0.9875,0.1375,0.10292,1.37246,64.1828,1.805247e-05
-0.9875,0.1625,0.10292,1.45378,71.8345,2.020466e-05
-0.9875,0.1875,0.10292,1.53993,73.5652,2.069144e-05
-0.9875,0.2125,0.10292,1.63117,65.1032,1.831136e-05
-0.9875,0.2375,0.10292,1.72783,66.6447,1.874494e-05
-0.9875,0.2625,0.10292,1.83021,61.3873,1.726620e-05
-0.9875,0.2875,0.10292,1.93865,59.529,1.674353e-05
-0.9875,0.3125,0.10292,2.05353,51.3902,1.445436e-05
-0.9875,0.3375,0.10292,2.1752,43.9266,1.235510e-05
-0.9875,0.3625,0.10292,2.30409,34.8204,9.793822e-06
-0.9875,0.3875,0.10292,2.44062,34.2537,9.634412e-06
-0.9875,0.4125,0.10292,2.58523,33.706,9.480363e-06
-0.9875,0.4375,0.10292,2.73842,24.4511,6.877271e-06
-0.9875,0.4625,0.10292,2.90068,22.1133,6.219724e-06
-0.9875,0.4875,0.10292,3.07256,17.6073,4.952344e-06
-0.9875,0.5125,0.10292,3.25462,12.278,3.453398e-06
-0.9875,0.5375,0.10292,3.44747,10.508,2.955555e-06
-0.9875,0.5625,0.10292,3.65174,9.68498,2.724062e-06
-0.9875,0.5875,0.10292,3.86812,3.6191,1.017932e-06
-0.9875,0.6125,0.10292,4.09732,4.1741,1.174036e-06
-0.9875,0.6375,0.10292,4.3401,4.09158,1.150826e-06
-0.9875,0.6625,0.10292,4.59727,2.68032,7.538842e-07
-0.9875,0.6875,0.10292,4.86968,1.75183,4.927315e-07
-0.9875,0.7125,0.10292,5.15822,3.0396,8.549389e-07
-0.9875,0.7375,0.10292,5.46387,1.16846,3.286490e-07
-0.9875,0.7625,0.10292,5.78762,0.909411,2.557869e-07
-0.9875,0.7875,0.10292,6.13056,1.84188,5.180597e-07
-0.9875,0.8125,0.10292,6.49382,1.26721,3.564234e-07
-0.9625,-1.9875,0.109018,0.010292,2.6346,7.410245e-07
-0.9625,-1.9625,0.109018,0.0109018,2.1993,6.185906e-07
-0.9625,-1.9375,0.109018,0.0115478,0.218701,6.151337e-08
-0.9625,-1.9125,0.109018,0.0122321,0.536432,1.508803e-07
-0.9625,-1.8875,0.109018,0.0129569,2.03307,5.718353e-07
-0.9625,-1.8625,0.109018,0.0137246,0.984803,2.769924e-07
-0.9625,-1.8375,0.109018,0.0145378,1.5168,4.266266e-07
-0.9625,-1.8125,0.109018,0.0153993,1.28097,3.602932e-07
-0.9625,-1.7875,0.109018,0.0163117,1.2436,3.497826e-07
-0.9625,-1.7625,0.109018,0.0172783,1.60663,4.518913e-07
-0.9625,-1.7375,0.109018,0.0183021,3.13644,8.821760e-07
-0.9625,-1.7125,0.109018,0.0193865,1.95338,5.494198e-07
-0.9625,-1.6875,0.109018,0.0205353,3.09541,8.706350e-07
-0.9625,-1.6625,0.109018,0.021752,2.35567,6.625717e-07
-0.9625,-1.6375,0.109018,0.0230409,2.4455,6.878389e-07
-0.9625,-1.6125,0.109018,0.0244062,1.616,4.545268e-07
-0.9625,-1.5875,0.109018,0.0258523,2.63486,7.410987e-07
-0.9625,-1.5625,0.109018,0.0273842,1.98663,5.587734e-07
-0.9625,-1.5375,0.109018,0.0290068,1.70792,4.803821e-07
-0.9625,-1.5125,0.109018,0.0307256,3.02172,8.499081e-07
-0.9625,-1.4875,0.109018,0.0325462,2.25334,6.337882e-07
-0.9625,-1.4625,0.109018,0.0344747,1.22504,3.445627e-07
-0.9625,-1.4375,0.109018,0.0365174,1.74591,4.910668e-07
-0.9625,-1.4125,0.109018,0.0386812,3.43839,9.671041e-07
-0.9625,-1.3875,0.109018,0.0409732,2.29816,6.463969e-07
-0.9625,-1.3625,0.109018,0.043401,3.93214,1.105981e-06
-0.9625,-1.3375,0.109018,0.0459727,3.36302,9.459063e-07
-0.9625,-1.3125,0.109018,0.0486968,3.50848,9.868174e-07
-0.9625,-1.2875,0.109018,0.0515822,3.23978,9.112433e-07
-0.9625,-1.2625,0.109018,0.0546387,4.37998,1.231944e-06
-0.9625,-1.2375,0.109018,0.0578762,10.8906,3.063162e-06
-0.9625,-1.2125,0.109018,0.0613056,17.7079,4.980647e-06
-0.9625,-1.1875,0.109018,0.0649382,41.1622,1.157755e-05
-0.9625,-1.1625,0.109018,0.068786,41.7582,1.174520e-05
-0.9625,-1.1375,0.109018,0.0728618,49.1418,1.382194e-05
-0.9625,-1.1125,0.109018,0.0771792,61.4173,1.727464e-05
-0.9625,-1.0875,0.109018,0.0817523,86.3206,2.427909e-05
-0.9625,-1.0625,0.109018,0.0865964,144.269,4.057813e-05
-0.9625,-1.0375,0.109018,0.0917276,201.293,5.661699e-05
-0.9625,-1.0125,0.109018,0.0971628,335.795,9.444807e-05
-0.9625,-0.9875,0.109018,0.10292,780.844,2.196254e-04
-0.9625,-0.9625,0.109018,0.109018,1572.83,4.423834e-04
-0.9625,-0.9375,0.109018,0.115478,2186.21,6.149078e-04
-0.9625,-0.9125,0.109018,0.122321,3076.77,8.653917e-04
-0.9625,-0.8875,0.109018,0.129569,3723.58,1.047320e-03
-0.9625,-0.8625,0.109018,0.137246,5127.67,1.442243e-03
-0.9625,-0.8375,0.109018,0.145378,5784.55,1.627003e-03
-0.9625,-0.8125,0.109018,0.153993,5308.53,1.493114e-03
-0.9625,-0.7875,0.109018,0.163117,5060.53,1.423357e-03
-0.9625,-0.7625,0.109018,0.172783,4155.6,1.168833e-03
-0.9625,-0.7375,0.109018,0.183021,3239.3,9.111079e-04
-0.9625,-0.7125,0.109018,0.193865,2737.53,7.699752e-04
-0.9625,-0.6875,0.109018,0.205353,2439.2,6.860649e-04
-0.9625,-0.6625,0.109018,0.21752,2100.83,5.908940e-04
-0.9625,-0.6375,0.109018,0.230409,1992.81,5.605102e-04
-0.9625,-0.6125,0.109018,0.244062,1992.81,5.605102e-04
-0.9625,-0.5875,0.109018,0.258523,1836.76,5.166200e-04
-0.9625,-0.5625,0.109018,0.273842,1727.75,4.859577e-04
-0.9625,-0.5375,0.109018,0.290068,1399.22,3.935533e-04
-0.9625,-0.5125,0.109018,0.307256,1053.95,2.964422e-04
-0.9625,-0.4875,0.109018,0.325462,521.029,1.465481e-04
-0.9625,-0.4625,0.109018,0.344747,255.118,7.175613e-05
-0.9625,-0.4375,0.109018,0.365174,166.595,4.685763e-05
-0.9625,-0.4125,0.109018,0.386812,129.792,3.650615e-05
-0.9625,-0.3875,0.109018,0.409732,94.6305,2.661640e-05
-0.9625,-0.3625,0.109018,0.43401,79.3509,2.231876e-05
-0.9625,-0.3375,0.109018,0.459727,75.5289,2.124377e-05
-0.9625,-0.3125,0.109018,0.486968,65.8096,1.851006e-05
-0.9625,-0.2875,0.109018,0.515822,60.086,1.690018e-05
-0.9625,-0.2625,0.109018,0.546387,62.138,1.747734e-05
-0.9625,-0.2375,0.109018,0.578762,64.4415,1.812525e-05
-0.9625,-0.2125,0.109018,0.613056,69.536,1.955815e-05
-0.9625,-0.1875,0.109018,0.649382,66.021,1.856950e-05
-0.9625,-0.1625,0.109018,0.68786,76.6766,2.156656e-05
-0.9625,-0.1375,0.109018,0.728618,63.7862,1.794093e-05
-0.9625,-0.1125,0.109018,0.771792,70.8993,1.994162e-05
-0.9625,-0.0875,0.109018,0.817523,75.1769,2.114475e-05
-0.9625,-0.0625,0.109018,0.865964,73.1298,2.056898e-05
-0.9625,-0.0375,0.109018,0.917276,89.9039,2.528698e-05
-0.9625,-0.0125,0.109018,0.971628,90.4623,2.544402e-05
-0.9625,0.0125,0.109018,1.0292,83.9746,2.361927e-05
-0.9625,0.0375,0.109018,1.09018,81.2281,2.284676e-05
-0.9625,0.0625,0.109018,1.15478,94.294,2.652176e-05
-0.9625,0.0875,0.109018,1.22321,99.5943,2.801256e-05
-0.9625,0.1125,0.109018,1.29569,89.329,2.512526e-05
-0.9625,0.1375,0.109018,1.37246,88.7431,2.496047e-05
-0.9625,0.1625,0.109018,1.45378,90.7106,2.551388e-05
-0.9625,0.1875,0.109018,1.53993,90.9444,2.557963e-05
-0.9625,0.2125,0.109018,1.63117,86.8248,2.442093e-05
-0.9625,0.2375,0.109018,1.72783,83.5163,2.349036e-05
-0.9625,0.2625,0.109018,1.83021,79.6698,2.240847e-05
-0.9625,0.2875,0.109018,1.93865,90.9444,2.557963e-05
-0.9625,0.3125,0.109018,2.05353,78.5569,2.209543e-05
-0.9625,0.3375,0.109018,2.1752,58.6694,1.650173e-05
-0.9625,0.3625,0.109018,2.30409,47.3625,1.332149e-05
-0.9625,0.3875,0.109018,2.44062,44.863,1.261847e-05
-0.9625,0.4125,0.109018,2.58523,44.2781,1.245396e-05
-0.9625,0.4375,0.109018,2.73842,35.9756,1.011874e-05
-0.9625,0.4625,0.109018,2.90068,26.7456,7.522657e-06
-0.9625,0.4875,0.109018,3.07256,27.7579,7.807381e-06
-0.9625,0.5125,0.109018,3.25462,21.1005,5.934874e-06
-0.9625,0.5375,0.109018,3.44747,16.3456,4.597462e-06
-0.9625,0.5625,0.109018,3.65174,11.9737,3.367807e-06
-0.9625,0.5875,0.109018,3.86812,7.17768,2.018842e-06
-0.9625,0.6125,0.109018,4.09732,6.70985,1.887258e-06
-0.9625,0.6375,0.109018,4.3401,2.31957,6.524171e-07
-0.9625,0.6625,0.109018,4.59727,4.062,1.142505e-06
-0.9625,0.6875,0.109018,4.86968,2.35557,6.625442e-07
-0.9625,0.7125,0.109018,5.15822,2.87925,8.098378e-07
-0.9625,0.7375,0.109018,5.46387,3.59071,1.009948e-06
-0.9625,0.7625,0.109018,5.78762,2.52059,7.089578e-07
-0.9625,0.7875,0.109018,6.13056,2.79488,7.861060e-07
-0.9625,0.8125,0.109018,6.49382,2.6087,7.337408e-07
-0.9625,0.8375,0.109018,6.8786,0.240571,6.766470e-08
-0.9625,0.8625,0.109018,7.28618,0.218701,6.151337e-08
-0.9375,-1.9875,0.115478,0.010292,2.60093,7.315547e-07
-0.9375,-1.9625,0.115478,0.0109018,2.20314,6.196686e-07
-0.9375,-1.9375,0.115478,0.0115478,1.44315,4.059088e-07
-0.9375,-1.9125,0.115478,0.0122321,2.32423,6.537273e-07
-0.9375,-1.8875,0.115478,0.0129569,3.66479,1.030782e-06
-0.9375,-1.8625,0.115478,0.0137246,1.64553,4.628320e-07
-0.9375,-1.8375,0.115478,0.0145378,1.08894,3.062837e-07
-0.9375,-1.8125,0.115478,0.0153993,1.73368,4.876275e-07
-0.9375,-1.7875,0.115478,0.0163117,3.67354,1.033244e-06
-0.9375,-1.7625,0.115478,0.0172783,1.5605,4.389155e-07
-0.9375,-1.7375,0.115478,0.0183021,2.46385,6.929999e-07
-0.9375,-1.7125,0.115478,0.0193865,3.43353,9.657366e-07
-0.9375,-1.6875,0.115478,0.0205353,2.48893,7.000519e-07
-0.9375,-1.6625,0.115478,0.021752,1.4821,4.168648e-07
-0.9375,-1.6375,0.115478,0.0230409,2.33396,6.564652e-07
-0.9375,-1.6125,0.115478,0.0244062,2.87911,8.097965e-07
-0.9375,-1.5875,0.115478,0.0258523,1.7672,4.970546e-07
-0.9375,-1.5625,0.115478,0.0273842,3.47033,9.760870e-07
-0.9375,-1.5375,0.115478,0.0290068,2.73969,7.705835e-07
-0.9375,-1.5125,0.115478,0.0307256,1.76982,4.977917e-07
-0.9375,-1.4875,0.115478,0.0325462,3.63679,1.022907e-06
-0.9375,-1.4625,0.115478,0.0344747,2.79856,7.871404e-07
-0.9375,-1.4375,0.115478,0.0365174,4.63407,1.303410e-06
-0.9375,-1.4125,0.115478,0.0386812,3.19008,8.972627e-07
-0.9375,-1.3875,0.115478,0.0409732,3.22538,9.071928e-07
-0.9375,-1.3625,0.115478,0.043401,4.34897,1.223222e-06
-0.9375,-1.3375,0.115478,0.0459727,7.90932,2.224627e-06
-0.9375,-1.3125,0.115478,0.0486968,7.23296,2.034391e-06
-0.9375,-1.2875,0.115478,0.0515822,5.21253,1.466110e-06
-0.9375,-1.2625,0.115478,0.0546387,7.0064,1.970667e-06
-0.9375,-1.2375,0.115478,0.0578762,11.2872,3.174723e-06
-0.9375,-1.2125,0.115478,0.0613056,20.1496,5.667402e-06
-0.9375,-1.1875,0.115478,0.0649382,33.8531,9.521752e-06
-0.9375,-1.1625,0.115478,0.068786,45.3303,1.274991e-05
-0.9375,-1.1375,0.115478,0.0728618,58.301,1.639812e-05
-0.9375,-1.1125,0.115478,0.0771792,68.9119,1.938262e-05
-0.9375,-1.0875,0.115478,0.0817523,81.6697,2.297095e-05
-0.9375,-1.0625,0.115478,0.0865964,127.603,3.589041e-05
-0.9375,-1.0375,0.115478,0.0917276,170.749,4.802608e-05
-0.9375,-1.0125,0.115478,0.0971628,208.074,5.852440e-05
-0.9375,-0.9875,0.115478,0.10292,410.293,1.154018e-04
-0.9375,-0.9625,0.115478,0.109018,933.499,2.625623e-04
-0.9375,-0.9375,0.115478,0.115478,1557.46,4.380615e-04
-0.9375,-0.9125,0.115478,0.122321,2383.91,6.705136e-04
-0.9375,-0.8875,0.115478,0.129569,2913.84,8.195653e-04
-0.9375,-0.8625,0.115478,0.137246,3933.23,1.106285e-03
-0.9375,-0.8375,0.115478,0.145378,4701.38,1.322341e-03
-0.9375,-0.8125,0.115478,0.153993,5206.88,1.464522e-03
-0.9375,-0.7875,0.115478,0.163117,5182.49,1.457661e-03
-0.9375,-0.7625,0.115478,0.172783,4909.71,1.380937e-03
-0.9375,-0.7375,0.115478,0.183021,3729.2,1.048900e-03
-0.9375,-0.7125,0.115478,0.193865,3037.51,8.543515e-04
-0.9375,-0.6875,0.115478,0.205353,2813.43,7.913237e-04
-0.9375,-0.6625,0.115478,0.21752,2396.94,6.741789e-04
-0.9375,-0.6375,0.115478,0.230409,2286.22,6.430385e-04
-0.9375,-0.6125,0.115478,0.244062,2094.04,5.889841e-04
-0.9375,-0.5875,0.115478,0.258523,1992.81,5.605102e-04
-0.9375,-0.5625,0.115478,0.273842,1975.85,5.557418e-04
-0.9375,-0.5375,0.115478,0.290068,1767.79,4.972215e-04
-0.9375,-0.5125,0.115478,0.307256,1591.98,4.477697e-04
-0.9375,-0.4875,0.115478,0.325462,1054.93,2.967172e-04
-0.9375,-0.4625,0.115478,0.344747,541.876,1.524117e-04
-0.9375,-0.4375,0.115478,0.365174,306.322,8.615812e-05
-0.9375,-0.4125,0.115478,0.386812,200.792,5.647612e-05
-0.9375,-0.3875,0.115478,0.409732,118.199,3.324551e-05
-0.9375,-0.3625,0.115478,0.43401,115.194,3.240020e-05
-0.9375,-0.3375,0.115478,0.459727,96.3734,2.710663e-05
-0.9375,-0.3125,0.115478,0.486968,82.1756,2.311326e-05
-0.9375,-0.2875,0.115478,0.515822,85.1012,2.393614e-05
-0.9375,-0.2625,0.115478,0.546387,81.975,2.305683e-05
-0.9375,-0.2375,0.115478,0.578762,79.6622,2.240631e-05
-0.9375,-0.2125,0.115478,0.613056,80.4543,2.262913e-05
-0.9375,-0.1875,0.115478,0.649382,97.3836,2.739076e-05
-0.9375,-0.1625,0.115478,0.68786,91.2438,2.566384e-05
-0.9375,-0.1375,0.115478,0.728618,84.0632,2.364418e-05
-0.9375,-0.1125,0.115478,0.771792,95.4432,2.684500e-05
-0.9375,-0.0875,0.115478,0.817523,102.848,2.892782e-05
-0.9375,-0.0625,0.115478,0.865964,96.5392,2.715327e-05
-0.9375,-0.0375,0.115478,0.917276,111.112,3.125207e-05
-0.9375,-0.0125,0.115478,0.971628,114.505,3.220637e-05
-0.9375,0.0125,0.115478,1.0292,109.927,3.091870e-05
-0.9375,0.0375,0.115478,1.09018,105.267,2.960813e-05
-0.9375,0.0625,0.115478,1.15478,97.4139,2.739928e-05
-0.9375,0.0875,0.115478,1.22321,105.638,2.971247e-05
-0.9375,0.1125,0.115478,1.29569,94.1457,2.648005e-05
-0.9375,0.1375,0.115478,1.37246,90.609,2.548530e-05
-0.9375,0.1625,0.115478,1.45378,108.66,3.056243e-05
-0.9375,0.1875,0.115478,1.53993,112.086,3.152606e-05
-0.9375,0.2125,0.115478,1.63117,99.5611,2.800323e-05
-0.9375,0.2375,0.115478,1.72783,125.566,3.531741e-05
-0.9375,0.2625,0.115478,1.83021,120.204,3.380945e-05
-0.9375,0.2875,0.115478,1.93865,105.638,2.971247e-05
-0.9375,0.3125,0.115478,2.05353,109.164,3.070409e-05
-0.9375,0.3375,0.115478,2.1752,98.3209,2.765440e-05
-0.9375,0.3625,0.115478,2.30409,80.7021,2.269881e-05
-0.9375,0.3875,0.115478,2.44062,71.9144,2.022713e-05
-0.9375,0.4125,0.115478,2.58523,69.6099,1.957895e-05
-0.9375,0.4375,0.115478,2.73842,60.374,1.698118e-05
-0.9375,0.4625,0.115478,2.90068,49.9233,1.404175e-05
-0.9375,0.4875,0.115478,3.07256,46.7173,1.314002e-05
-0.9375,0.5125,0.115478,3.25462,46.0493,1.295213e-05
-0.9375,0.5375,0.115478,3.44747,38.1774,1.073804e-05
-0.9375,0.5625,0.115478,3.65174,20.963,5.896188e-06
-0.9375,0.5875,0.115478,3.86812,18.9543,5.331211e-06
-0.9375,0.6125,0.115478,4.09732,11.2169,3.154941e-06
-0.9375,0.6375,0.115478,4.3401,4.83059,1.358685e-06
-0.9375,0.6625,0.115478,4.59727,3.76689,1.059501e-06
-0.9375,0.6875,0.115478,4.86968,5.44893,1.532603e-06
-0.9375,0.7125,0.115478,5.15822,4.00576,1.126688e-06
-0.9375,0.7375,0.115478,5.46387,7.21668,2.029811e-06
-0.9375,0.7625,0.115478,5.78762,3.74799,1.054186e-06
-0.9375,0.7875,0.115478,6.13056,2.24268,6.307902e-07
-0.9375,0.8125,0.115478,6.49382,2.48087,6.977869e-07
-0.9375,0.8375,0.115478,6.8786,2.03879,5.734448e-07
-0.9375,0.8625,0.115478,7.28618,0.481143,1.353294e-07
-0.9125,-1.9875,0.122321,0.010292,1.71025,4.810357e-07
-0.9125,-1.9625,0.122321,0.0109018,1.60212,4.506222e-07
-0.9125,-1.9375,0.122321,0.0115478,1.74158,4.898496e-07
-0.9125,-1.9125,0.122321,0.0122321,1.81965,5.118064e-07
-0.9125,-1.8875,0.122321,0.0129569,2.12149,5.967050e-07
-0.9125,-1.8625,0.122321,0.0137246,2.15067,6.049114e-07
-0.9125,-1.8375,0.122321,0.0145378,0.828204,2.329463e-07
-0.9125,-1.8125,0.122321,0.0153993,2.16452,6.088076e-07
-0.9125,-1.7875,0.122321,0.0163117,3.34453,9.407062e-07
-0.9125,-1.7625,0.122321,0.0172783,2.14713,6.039162e-07
-0.9125,-1.7375,0.122321,0.0183021,2.51351,7.069669e-07
-0.9125,-1.7125,0.122321,0.0193865,2.74916,7.732470e-07
-0.9125,-1.6875,0.122321,0.0205353,1.88288,5.295902e-07
-0.9125,-1.6625,0.122321,0.021752,1.59422,4.484005e-07
-0.9125,-1.6375,0.122321,0.0230409,2.92512,8.227379e-07
-0.9125,-1.6125,0.122321,0.0244062,1.8502,5.203983e-07
-0.9125,-1.5875,0.122321,0.0258523,2.98843,8.405444e-07
-0.9125,-1.5625,0.122321,0.0273842,1.75991,4.950038e-07
-0.9125,-1.5375,0.122321,0.0290068,2.88547,8.115859e-07
-0.9125,-1.5125,0.122321,0.0307256,3.21299,9.037084e-07
-0.9125,-1.4875,0.122321,0.0325462,4.06873,1.144399e-06
-0.9125,-1.4625,0.122321,0.0344747,2.12937,5.989216e-07
-0.9125,-1.4375,0.122321,0.0365174,6.03011,1.696070e-06
-0.9125,-1.4125,0.122321,0.0386812,5.64333,1.587282e-06
-0.9125,-1.3875,0.122321,0.0409732,7.00363,1.969888e-06
-0.9125,-1.3625,0.122321,0.043401,4.41248,1.241084e-06
-0.9125,-1.3375,0.122321,0.0459727,7.37477,2.074276e-06
-0.9125,-1.3125,0.122321,0.0486968,8.76014,2.463936e-06
-0.9125,-1.2875,0.122321,0.0515822,8.34407,2.346910e-06
-0.9125,-1.2625,0.122321,0.0546387,11.0431,3.106052e-06
-0.9125,-1.2375,0.122321,0.0578762,12.7421,3.583917e-06
-0.9125,-1.2125,0.122321,0.0613056,14.0778,3.959612e-06
-0.9125,-1.1875,0.122321,0.0649382,23.4345,6.591343e-06
-0.9125,-1.1625,0.122321,0.068786,52.3535,1.472529e-05
-0.9125,-1.1375,0.122321,0.0728618,77.8774,2.190432e-05
-0.9125,-1.1125,0.122321,0.0771792,74.6969,2.100974e-05
-0.9125,-1.0875,0.122321,0.0817523,75.2984,2.117892e-05
-0.9125,-1.0625,0.122321,0.0865964,106.896,3.006636e-05
-0.9125,-1.0375,0.122321,0.0917276,144.338,4.059757e-05
-0.9125,-1.0125,0.122321,0.0971628,179.618,5.052049e-05
-0.9125,-0.9875,0.122321,0.10292,261.017,7.341543e-05
-0.9125,-0.9625,0.122321,0.109018,570.757,1.605350e-04
-0.9125,-0.9375,0.122321,0.115478,1040.3,2.926010e-04
-0.9125,-0.9125,0.122321,0.122321,1656.06,4.657932e-04
-0.9125,-0.8875,0.122321,0.129569,2291.23,6.444467e-04
-0.9125,-0.8625,0.122321,0.137246,3197.16,8.992542e-04
-0.9125,-0.8375,0.122321,0.145378,3846.26,1.081825e-03
-0.9125,-0.8125,0.122321,0.153993,4398.53,1.237160e-03
-0.9125,-0.7875,0.122321,0.163117,4858.03,1.366402e-03
-0.9125,-0.7625,0.122321,0.172783,4937.09,1.388640e-03
-0.9125,-0.7375,0.122321,0.183021,4173.22,1.173787e-03
-0.9125,-0.7125,0.122321,0.193865,3550.85,9.987357e-04
-0.9125,-0.6875,0.122321,0.205353,3086.65,8.681730e-04
-0.9125,-0.6625,0.122321,0.21752,2843.4,7.997541e-04
-0.9125,-0.6375,0.122321,0.230409,2549.2,7.170061e-04
-0.9125,-0.6125,0.122321,0.244062,2345.12,6.596050e-04
-0.9125,-0.5875,0.122321,0.258523,2010.35,5.654439e-04
-0.9125,-0.5625,0.122321,0.273842,1992.81,5.605102e-04
-0.9125,-0.5375,0.122321,0.290068,1958.32,5.508109e-04
-0.9125,-0.5125,0.122321,0.307256,1940.21,5.457178e-04
-0.9125,-0.4875,0.122321,0.325462,1438.09,4.044854e-04
-0.9125,-0.4625,0.122321,0.344747,889.565,2.502050e-04
-0.9125,-0.4375,0.122321,0.365174,587.756,1.653162e-04
-0.9125,-0.4125,0.122321,0.386812,341.494,9.605091e-05
-0.9125,-0.3875,0.122321,0.409732,196.577,5.529055e-05
-0.9125,-0.3625,0.122321,0.43401,149.807,4.213572e-05
-0.9125,-0.3375,0.122321,0.459727,133.603,3.757817e-05
-0.9125,-0.3125,0.122321,0.486968,126.867,3.568358e-05
-0.9125,-0.2875,0.122321,0.515822,115.062,3.236311e-05
-0.9125,-0.2625,0.122321,0.546387,111.551,3.137552e-05
-0.9125,-0.2375,0.122321,0.578762,111.024,3.122738e-05
-0.9125,-0.2125,0.122321,0.613056,110.497,3.107924e-05
-0.9125,-0.1875,0.122321,0.649382,115.763,3.256029e-05
-0.9125,-0.1625,0.122321,0.68786,112.652,3.168530e-05
-0.9125,-0.1375,0.122321,0.728618,111.072,3.124088e-05
-0.9125,-0.1125,0.122321,0.771792,113.008,3.178529e-05
-0.9125,-0.0875,0.122321,0.817523,116.951,3.289443e-05
-0.9125,-0.0625,0.122321,0.865964,128.375,3.610774e-05
-0.9125,-0.0375,0.122321,0.917276,127.13,3.575733e-05
-0.9125,-0.0125,0.122321,0.971628,126.094,3.546605e-05
-0.9125,0.0125,0.122321,1.0292,125.332,3.525164e-05
-0.9125,0.0375,0.122321,1.09018,136.425,3.837173e-05
-0.9125,0.0625,0.122321,1.15478,118.772,3.340658e-05
-0.9125,0.0875,0.122321,1.22321,128.356,3.610226e-05
-0.9125,0.1125,0.122321,1.29569,133.787,3.762977e-05
-0.9125,0.1375,0.122321,1.37246,132.672,3.731629e-05
-0.9125,0.1625,0.122321,1.45378,140.52,3.952346e-05
-0.9125,0.1875,0.122321,1.53993,137.931,3.879532e-05
-0.9125,0.2125,0.122321,1.63117,113.765,3.199828e-05
-0.9125,0.2375,0.122321,1.72783,133.416,3.752551e-05
-0.9125,0.2625,0.122321,1.83021,123.36,3.469703e-05
-0.9125,0.2875,0.122321,1.93865,134.424,3.780911e-05
-0.9125,0.3125,0.122321,2.05353,140.344,3.947415e-05
-0.9125,0.3375,0.122321,2.1752,134.109,3.772044e-05
-0.9125,0.3625,0.122321,2.30409,117.146,3.294925e-05
-0.9125,0.3875,0.122321,2.44062,99.0563,2.786124e-05
-0.9125,0.4125,0.122321,2.58523,94.5435,2.659193e-05
-0.9125,0.4375,0.122321,2.73842,77.6281,2.183420e-05
-0.9125,0.4625,0.122321,2.90068,76.046,2.138920e-05
-0.9125,0.4875,0.122321,3.07256,72.6496,2.043391e-05
-0.9125,0.5125,0.122321,3.25462,72.358,2.035189e-05
-0.9125,0.5375,0.122321,3.44747,52.7084,1.482511e-05
-0.9125,0.5625,0.122321,3.65174,37.8453,1.064461e-05
-0.9125,0.5875,0.122321,3.86812,25.102,7.060366e-06
-0.9125,0.6125,0.122321,4.09732,20.3575,5.725880e-06
-0.9125,0.6375,0.122321,4.3401,9.26927,2.607137e-06
-0.9125,0.6625,0.122321,4.59727,9.27127,2.607699e-06
-0.9125,0.6875,0.122321,4.86968,8.44268,2.374644e-06
-0.9125,0.7125,0.122321,5.15822,9.6793,2.722465e-06
-0.9125,0.7375,0.122321,5.46387,7.72378,2.172442e-06
-0.9125,0.7625,0.122321,5.78762,6.01785,1.692621e-06
-0.9125,0.7875,0.122321,6.13056,3.85843,1.085248e-06
-0.9125,0.8125,0.122321,6.49382,1.06012,2.981769e-07
-0.9125,0.8375,0.122321,6.8786,2.52427,7.099936e-07
-0.9125,0.8625,0.122321,7.28618,0.921156,2.590904e-07
-0.9125,0.8875,0.122321,7.71792,0.201718,5.673655e-08
-0.8875,-1.9875,0.129569,0.010292,4.5473,1.279005e-06
-0.8875,-1.9625,0.129569,0.0109018,3.86317,1.086581e-06
-0.8875,-1.9375,0.129569,0.0115478,2.00432,5.637485e-07
-0.8875,-1.9125,0.129569,0.0122321,2.23225,6.278577e-07
-0.8875,-1.8875,0.129569,0.0129569,4.11864,1.158435e-06
-0.8875,-1.8625,0.129569,0.0137246,2.16985,6.103054e-07
-0.8875,-1.8375,0.129569,0.0145378,2.24414,6.312013e-07
-0.8875,-1.8125,0.129569,0.0153993,1.94208,5.462427e-07
-0.8875,-1.7875,0.129569,0.0163117,3.38552,9.522337e-07
-0.8875,-1.7625,0.129569,0.0172783,1.80695,5.082336e-07
-0.8875,-1.7375,0.129569,0.0183021,3.27213,9.203417e-07
-0.8875,-1.7125,0.129569,0.0193865,5.47011,1.538560e-06
-0.8875,-1.6875,0.129569,0.0205353,3.46884,9.756699e-07
-0.8875,-1.6625,0.129569,0.021752,2.84869,8.012403e-07
-0.8875,-1.6375,0.129569,0.0230409,3.91382,1.100828e-06
-0.8875,-1.6125,0.129569,0.0244062,5.17904,1.456691e-06
-0.8875,-1.5875,0.129569,0.0258523,2.90755,8.177980e-07
-0.8875,-1.5625,0.129569,0.0273842,3.66539,1.030953e-06
-0.8875,-1.5375,0.129569,0.0290068,6.24266,1.755853e-06
-0.8875,-1.5125,0.129569,0.0307256,7.40989,2.084154e-06
-0.8875,-1.4875,0.129569,0.0325462,6.36379,1.789922e-06
-0.8875,-1.4625,0.129569,0.0344747,7.8762,2.215312e-06
-0.8875,-1.4375,0.129569,0.0365174,6.82544,1.919769e-06
-0.8875,-1.4125,0.129569,0.0386812,6.93114,1.949498e-06
-0.8875,-1.3875,0.129569,0.0409732,7.84865,2.207564e-06
-0.8875,-1.3625,0.129569,0.043401,6.73953,1.895604e-06
-0.8875,-1.3375,0.129569,0.0459727,7.41366,2.085215e-06
-0.8875,-1.3125,0.129569,0.0486968,9.92803,2.792424e-06
-0.8875,-1.2875,0.129569,0.0515822,12.439,3.498676e-06
-0.8875,-1.2625,0.129569,0.0546387,14.6525,4.121246e-06
-0.8875,-1.2375,0.129569,0.0578762,13.6699,3.844883e-06
-0.8875,-1.2125,0.129569,0.0613056,11.2454,3.162943e-06
-0.8875,-1.1875,0.129569,0.0649382,16.9791,4.775669e-06
-0.8875,-1.1625,0.129569,0.068786,42.2773,1.189120e-05
-0.8875,-1.1375,0.129569,0.0728618,66.788,1.878525e-05
-0.8875,-1.1125,0.129569,0.0771792,68.4221,1.924487e-05
-0.8875,-1.0875,0.129569,0.0817523,67.483,1.898071e-05
-0.8875,-1.0625,0.129569,0.0865964,109.958,3.092739e-05
-0.8875,-1.0375,0.129569,0.0917276,118.661,3.337525e-05
-0.8875,-1.0125,0.129569,0.0971628,145.309,4.087050e-05
-0.8875,-0.9875,0.129569,0.10292,198.863,5.593364e-05
-0.8875,-0.9625,0.129569,0.109018,366.486,1.030803e-04
-0.8875,-0.9375,0.129569,0.115478,645.946,1.816831e-04
-0.8875,-0.9125,0.129569,0.122321,1195.29,3.361954e-04
-0.8875,-0.8875,0.129569,0.129569,1756.08,4.939281e-04
-0.8875,-0.8625,0.129569,0.137246,2570.92,7.231148e-04
-0.8875,-0.8375,0.129569,0.145378,3146.64,8.850447e-04
-0.8875,-0.8125,0.129569,0.153993,3942.01,1.108756e-03
-0.8875,-0.7875,0.129569,0.163117,4234.52,1.191029e-03
-0.8875,-0.7625,0.129569,0.172783,4275.79,1.202636e-03
-0.8875,-0.7375,0.129569,0.183021,4275.79,1.202636e-03
-0.8875,-0.7125,0.129569,0.193865,4275.79,1.202636e-03
-0.8875,-0.6875,0.129569,0.205353,3597.4,1.011827e-03
-0.8875,-0.6625,0.129569,0.21752,2900.03,8.156810e-04
-0.8875,-0.6375,0.129569,0.230409,2514.83,7.073391e-04
-0.8875,-0.6125,0.129569,0.244062,2514.83,7.073391e-04
-0.8875,-0.5875,0.129569,0.258523,2299.11,6.466639e-04
-0.8875,-0.5625,0.129569,0.273842,1996.92,5.616676e-04
-0.8875,-0.5375,0.129569,0.290068,1994.86,5.610889e-04
-0.8875,-0.5125,0.129569,0.307256,1992.81,5.605102e-04
-0.8875,-0.4875,0.129569,0.325462,1996.92,5.616676e-04
-0.8875,-0.4625,0.129569,0.344747,1589.35,4.470313e-04
-0.8875,-0.4375,0.129569,0.365174,1028.56,2.893010e-04
-0.8875,-0.4125,0.129569,0.386812,548.312,1.542220e-04
-0.8875,-0.3875,0.129569,0.409732,330.662,9.300423e-05
-0.8875,-0.3625,0.129569,0.43401,244.008,6.863131e-05
-0.8875,-0.3375,0.129569,0.459727,196.23,5.519290e-05
-0.8875,-0.3125,0.129569,0.486968,151.035,4.248114e-05
-0.8875,-0.2875,0.129569,0.515822,144.798,4.072694e-05
-0.8875,-0.2625,0.129569,0.546387,157.567,4.431833e-05
-0.8875,-0.2375,0.129569,0.578762,153.291,4.311572e-05
-0.8875,-0.2125,0.129569,0.613056,149.016,4.191312e-05
-0.8875,-0.1875,0.129569,0.649382,144.74,4.071051e-05
-0.8875,-0.1625,0.129569,0.68786,170.154,4.785867e-05
-0.8875,-0.1375,0.129569,0.728618,157.742,4.436764e-05
-0.8875,-0.1125,0.129569,0.771792,161.667,4.547163e-05
-0.8875,-0.0875,0.129569,0.817523,148.957,4.189668e-05
-0.8875,-0.0625,0.129569,0.865964,144.851,4.074164e-05
-0.8875,-0.0375,0.129569,0.917276,144.675,4.069233e-05
-0.8875,-0.0125,0.129569,0.971628,153.174,4.308285e-05
-0.8875,0.0125,0.129569,1.0292,166.394,4.680118e-05
-0.8875,0.0375,0.129569,1.09018,161.609,4.545520e-05
-0.8875,0.0625,0.129569,1.15478,157.392,4.426902e-05
-0.8875,0.0875,0.129569,1.22321,186.127,5.235138e-05
-0.8875,0.1125,0.129569,1.29569,201.75,5.674546e-05
-0.8875,0.1375,0.129569,1.37246,170.154,4.785867e-05
-0.8875,0.1625,0.129569,1.45378,183.407,5.158616e-05
-0.8875,0.1875,0.129569,1.53993,166.259,4.676323e-05
-0.8875,0.2125,0.129569,1.63117,161.849,4.552268e-05
-0.8875,0.2375,0.129569,1.72783,160.813,4.523146e-05
-0.8875,0.2625,0.129569,1.83021,144.558,4.065946e-05
-0.8875,0.2875,0.129569,1.93865,157.742,4.436764e-05
-0.8875,0.3125,0.129569,2.05353,169.862,4.777649e-05
-0.8875,0.3375,0.129569,2.1752,151.659,4.265653e-05
-0.8875,0.3625,0.129569,2.30409,127.663,3.590725e-05
-0.8875,0.3875,0.129569,2.44062,144.5,4.064302e-05
-0.8875,0.4125,0.129569,2.58523,140.438,3.950064e-05
-0.8875,0.4375,0.129569,2.73842,118.804,3.341574e-05
-0.8875,0.4625,0.129569,2.90068,108.292,3.045898e-05
-0.8875,0.4875,0.129569,3.07256,84.7409,2.383479e-05
-0.8875,0.5125,0.129569,3.25462,89.4983,2.517290e-05
-0.8875,0.5375,0.129569,3.44747,79.707,2.241893e-05
-0.8875,0.5625,0.129569,3.65174,57.2569,1.610445e-05
-0.8875,0.5875,0.129569,3.86812,40.9209,1.150968e-05
-0.8875,0.6125,0.129569,4.09732,29.499,8.297087e-06
-0.8875,0.6375,0.129569,4.3401,21.7656,6.121946e-06
-0.8875,0.6625,0.129569,4.59727,14.6768,4.128105e-06
-0.8875,0.6875,0.129569,4.86968,14.6013,4.106862e-06
-0.8875,0.7125,0.129569,5.15822,13.3979,3.768388e-06
-0.8875,0.7375,0.129569,5.46387,6.15875,1.732250e-06
-0.8875,0.7625,0.129569,5.78762,6.63773,1.866971e-06
-0.8875,0.7875,0.129569,6.13056,5.6808,1.597819e-06
-0.8875,0.8125,0.129569,6.49382,7.55856,2.125971e-06
-0.8875,0.8375,0.129569,6.8786,3.10563,8.735092e-07
-0.8875,0.8625,0.129569,7.28618,1.67097,4.699870e-07
-0.8875,0.8875,0.129569,7.71792,1.67699,4.716812e-07
-0.8875,0.9125,0.129569,8.17523,0.171837,4.833193e-08
-0.8625,-1.9875,0.137246,0.010292,4.5473,1.279005e-06
-0.8625,-1.9625,0.137246,0.0109018,3.84631,1.081838e-06
-0.8625,-1.9375,0.137246,0.0115478,2.38214,6.700163e-07
-0.8625,-1.9125,0.137246,0.0122321,3.85404,1.084013e-06
-0.8625,-1.8875,0.137246,0.0129569,3.69209,1.038461e-06
-0.8625,-1.8625,0.137246,0.0137246,4.78533,1.345955e-06
-0.8625,-1.8375,0.137246,0.0145378,4.4348,1.247361e-06
-0.8625,-1.8125,0.137246,0.0153993,3.2209,9.059331e-07
-0.8625,-1.7875,0.137246,0.0163117,5.93486,1.669279e-06
-0.8625,-1.7625,0.137246,0.0172783,5.06399,1.424333e-06
-0.8625,-1.7375,0.137246,0.0183021,4.72073,1.327785e-06
-0.8625,-1.7125,0.137246,0.0193865,9.51339,2.675799e-06
-0.8625,-1.6875,0.137246,0.0205353,6.68073,1.879066e-06
-0.8625,-1.6625,0.137246,0.021752,5.80089,1.631596e-06
-0.8625,-1.6375,0.137246,0.0230409,7.07843,1.990925e-06
-0.8625,-1.6125,0.137246,0.0244062,6.20372,1.744901e-06
-0.8625,-1.5875,0.137246,0.0258523,6.78252,1.907697e-06
-0.8625,-1.5625,0.137246,0.0273842,6.04248,1.699548e-06
-0.8625,-1.5375,0.137246,0.0290068,8.41184,2.365971e-06
-0.8625,-1.5125,0.137246,0.0307256,8.14579,2.291140e-06
-0.8625,-1.4875,0.137246,0.0325462,9.73292,2.737547e-06
-0.8625,-1.4625,0.137246,0.0344747,10.1868,2.865219e-06
-0.8625,-1.4375,0.137246,0.0365174,15.0315,4.227870e-06
-0.8625,-1.4125,0.137246,0.0386812,13.0051,3.657914e-06
-0.8625,-1.3875,0.137246,0.0409732,11.9534,3.362082e-06
-0.8625,-1.3625,0.137246,0.043401,18.5214,5.209446e-06
-0.8625,-1.3375,0.137246,0.0459727,16.3666,4.603382e-06
-0.8625,-1.3125,0.137246,0.0486968,19.3238,5.435150e-06
-0.8625,-1.2875,0.137246,0.0515822,20.5365,5.776243e-06
-0.8625,-1.2625,0.137246,0.0546387,24.0112,6.753542e-06
-0.8625,-1.2375,0.137246,0.0578762,25.3895,7.141219e-06
-0.8625,-1.2125,0.137246,0.0613056,22.1233,6.222537e-06
-0.8625,-1.1875,0.137246,0.0649382,24.4507,6.877172e-06
-0.8625,-1.1625,0.137246,0.068786,40.1472,1.129207e-05
-0.8625,-1.1375,0.137246,0.0728618,55.6413,1.565005e-05
-0.8625,-1.1125,0.137246,0.0771792,59.2878,1.667567e-05
-0.8625,-1.0875,0.137246,0.0817523,85.3445,2.400457e-05
-0.8625,-1.0625,0.137246,0.0865964,113.818,3.201317e-05
-0.8625,-1.0375,0.137246,0.0917276,129.326,3.637502e-05
-0.8625,-1.0125,0.137246,0.0971628,139.439,3.921961e-05
-0.8625,-0.9875,0.137246,0.10292,166.013,4.669394e-05
-0.8625,-0.9625,0.137246,0.109018,229.349,6.450825e-05
-0.8625,-0.9375,0.137246,0.115478,341.071,9.593193e-05
-0.8625,-0.9125,0.137246,0.122321,689.099,1.938205e-04
-0.8625,-0.8875,0.137246,0.129569,1102.68,3.101467e-04
-0.8625,-0.8625,0.137246,0.137246,2012.58,5.660703e-04
-0.8625,-0.8375,0.137246,0.145378,2659.2,7.479449e-04
-0.8625,-0.8125,0.137246,0.153993,3166.38,8.905967e-04
-0.8625,-0.7875,0.137246,0.163117,3695.51,1.039425e-03
-0.8625,-0.7625,0.137246,0.172783,3893.49,1.095109e-03
-0.8625,-0.7375,0.137246,0.183021,4024.55,1.131971e-03
-0.8625,-0.7125,0.137246,0.193865,4275.79,1.202636e-03
-0.8625,-0.6875,0.137246,0.205353,4215.7,1.185735e-03
-0.8625,-0.6625,0.137246,0.21752,3623.68,1.019220e-03
-0.8625,-0.6375,0.137246,0.230409,3050.92,8.581233e-04
-0.8625,-0.6125,0.137246,0.244062,2955.21,8.312019e-04
-0.8625,-0.5875,0.137246,0.258523,2607.92,7.335211e-04
-0.8625,-0.5625,0.137246,0.273842,2426.76,6.825666e-04
-0.8625,-0.5375,0.137246,0.290068,2250.06,6.328671e-04
-0.8625,-0.5125,0.137246,0.307256,2044.45,5.750365e-04
-0.8625,-0.4875,0.137246,0.325462,2358.55,6.633812e-04
-0.8625,-0.4625,0.137246,0.344747,2021.01,5.684421e-04
-0.8625,-0.4375,0.137246,0.365174,1502.52,4.226078e-04
-0.8625,-0.4125,0.137246,0.386812,906.774,2.550453e-04
-0.8625,-0.3875,0.137246,0.409732,637.199,1.792228e-04
-0.8625,-0.3625,0.137246,0.43401,425.864,1.197815e-04
-0.8625,-0.3375,0.137246,0.459727,331.285,9.317952e-05
-0.8625,-0.3125,0.137246,0.486968,238.823,6.717294e-05
-0.8625,-0.2875,0.137246,0.515822,190.172,5.348901e-05
-0.8625,-0.2625,0.137246,0.546387,192.281,5.408210e-05
-0.8625,-0.2375,0.137246,0.578762,180.978,5.090312e-05
-0.8625,-0.2125,0.137246,0.613056,180.149,5.066996e-05
-0.8625,-0.1875,0.137246,0.649382,181.807,5.113628e-05
-0.8625,-0.1625,0.137246,0.68786,201.75,5.674546e-05
-0.8625,-0.1375,0.137246,0.728618,201.75,5.674546e-05
-0.8625,-0.1125,0.137246,0.771792,185.298,5.211822e-05
-0.8625,-0.0875,0.137246,0.817523,181.807,5.113628e-05
-0.8625,-0.0625,0.137246,0.865964,201.75,5.674546e-05
-0.8625,-0.0375,0.137246,0.917276,192.281,5.408210e-05
-0.8625,-0.0125,0.137246,0.971628,180.803,5.085381e-05
-0.8625,0.0125,0.137246,1.0292,162.549,4.571960e-05
-0.8625,0.0375,0.137246,1.09018,180.803,5.085381e-05
-0.8625,0.0625,0.137246,1.15478,180.803,5.085381e-05
-0.8625,0.0875,0.137246,1.22321,192.281,5.408210e-05
-0.8625,0.1125,0.137246,1.29569,201.75,5.674546e-05
-0.8625,0.1375,0.137246,1.37246,186.114,5.234767e-05
-0.8625,0.1625,0.137246,1.45378,182.81,5.141845e-05
-0.8625,0.1875,0.137246,1.53993,186.127,5.235138e-05
-0.8625,0.2125,0.137246,1.63117,157.327,4.425085e-05
-0.8625,0.2375,0.137246,1.72783,176.7,4.969984e-05
-0.8625,0.2625,0.137246,1.83021,185.298,5.211822e-05
-0.8625,0.2875,0.137246,1.93865,201.75,5.674546e-05
-0.8625,0.3125,0.137246,2.05353,170.154,4.785867e-05
-0.8625,0.3375,0.137246,2.1752,174.818,4.917048e-05
-0.8625,0.3625,0.137246,2.30409,169.803,4.776005e-05
-0.8625,0.3875,0.137246,2.44062,177.312,4.987187e-05
-0.8625,0.4125,0.137246,2.58523,171.812,4.832499e-05
-0.8625,0.4375,0.137246,2.73842,162.356,4.566544e-05
-0.8625,0.4625,0.137246,2.90068,141.059,3.967516e-05
-0.8625,0.4875,0.137246,3.07256,126.972,3.571299e-05
-0.8625,0.5125,0.137246,3.25462,103.183,2.902197e-05
-0.8625,0.5375,0.137246,3.44747,100.221,2.818892e-05
-0.8625,0.5625,0.137246,3.65174,74.9276,2.107464e-05
-0.8625,0.5875,0.137246,3.86812,65.8638,1.852530e-05
-0.8625,0.6125,0.137246,4.09732,51.6916,1.453913e-05
-0.8625,0.6375,0.137246,4.3401,41.8381,1.176767e-05
-0.8625,0.6625,0.137246,4.59727,28.1727,7.924046e-06
-0.8625,0.6875,0.137246,4.86968,24.2832,6.830065e-06
-0.8625,0.7125,0.137246,5.15822,16.5085,4.643303e-06
-0.8625,0.7375,0.137246,5.46387,14.156,3.981620e-06
-0.8625,0.7625,0.137246,5.78762,7.58322,2.132906e-06
-0.8625,0.7875,0.137246,6.13056,4.48625,1.261832e-06
-0.8625,0.8125,0.137246,6.49382,7.01165,1.972145e-06
-0.8625,0.8375,0.137246,6.8786,5.26452,1.480734e-06
-0.8625,0.8625,0.137246,7.28618,2.40363,6.760606e-07
-0.8625,0.8875,0.137246,7.71792,1.80486,5.076458e-07
-0.8625,0.9125,0.137246,8.17523,0.670892,1.886996e-07
-0.8625,0.9375,0.137246,8.65964,0.437402,1.230267e-07
-0.8375,-1.9875,0.145378,0.010292,2.60093,7.315547e-07
-0.8375,-1.9625,0.145378,0.0109018,2.70809,7.616954e-07
-0.8375,-1.9375,0.145378,0.0115478,2.78567,7.835164e-07
-0.8375,-1.9125,0.145378,0.0122321,4.22946,1.189606e-06
-0.8375,-1.8875,0.145378,0.0129569,2.00461,5.638299e-07
-0.8375,-1.8625,0.145378,0.0137246,5.43955,1.529965e-06
-0.8375,-1.8375,0.145378,0.0145378,4.99579,1.405150e-06
-0.8375,-1.8125,0.145378,0.0153993,3.02501,8.508351e-07
-0.8375,-1.7875,0.145378,0.0163117,5.85192,1.645951e-06
-0.8375,-1.7625,0.145378,0.0172783,4.84009,1.361355e-06
-0.8375,-1.7375,0.145378,0.0183021,4.71809,1.327042e-06
-0.8375,-1.7125,0.145378,0.0193865,5.98719,1.683998e-06
-0.8375,-1.6875,0.145378,0.0205353,7.44562,2.094205e-06
-0.8375,-1.6625,0.145378,0.021752,9.56162,2.689365e-06
-0.8375,-1.6375,0.145378,0.0230409,10.7588,3.026094e-06
-0.8375,-1.6125,0.145378,0.0244062,9.84844,2.770037e-06
-0.8375,-1.5875,0.145378,0.0258523,9.61372,2.704020e-06
-0.8375,-1.5625,0.145378,0.0273842,12.7364,3.582337e-06
-0.8375,-1.5375,0.145378,0.0290068,13.4912,3.794624e-06
-0.8375,-1.5125,0.145378,0.0307256,14.3425,4.034056e-06
-0.8375,-1.4875,0.145378,0.0325462,17.1609,4.826795e-06
-0.8375,-1.4625,0.145378,0.0344747,16.392,4.610516e-06
-0.8375,-1.4375,0.145378,0.0365174,19.4018,5.457075e-06
-0.8375,-1.4125,0.145378,0.0386812,20.1052,5.654929e-06
-0.8375,-1.3875,0.145378,0.0409732,27.7833,7.814514e-06
-0.8375,-1.3625,0.145378,0.043401,24.2523,6.821350e-06
-0.8375,-1.3375,0.145378,0.0459727,24.7579,6.963583e-06
-0.8375,-1.3125,0.145378,0.0486968,25.683,7.223761e-06
-0.8375,-1.2875,0.145378,0.0515822,31.4865,8.856099e-06
-0.8375,-1.2625,0.145378,0.0546387,31.3284,8.811648e-06
-0.8375,-1.2375,0.145378,0.0578762,28.8253,8.107588e-06
-0.8375,-1.2125,0.145378,0.0613056,35.9235,1.010409e-05
-0.8375,-1.1875,0.145378,0.0649382,41.053,1.154683e-05
-0.8375,-1.1625,0.145378,0.068786,37.6301,1.058409e-05
-0.8375,-1.1375,0.145378,0.0728618,46.4645,1.306890e-05
-0.8375,-1.1125,0.145378,0.0771792,59.2878,1.667567e-05
-0.8375,-1.0875,0.145378,0.0817523,90.7369,2.552126e-05
-0.8375,-1.0625,0.145378,0.0865964,107.391,3.020558e-05
-0.8375,-1.0375,0.145378,0.0917276,136.016,3.825664e-05
-0.8375,-1.0125,0.145378,0.0971628,139.439,3.921961e-05
-0.8375,-0.9875,0.145378,0.10292,165.763,4.662349e-05
-0.8375,-0.9625,0.145378,0.109018,203.152,5.714002e-05
-0.8375,-0.9375,0.145378,0.115478,269.044,7.567313e-05
-0.8375,-0.9125,0.145378,0.122321,426.237,1.198862e-04
-0.8375,-0.8875,0.145378,0.129569,752.893,2.117637e-04
-0.8375,-0.8625,0.145378,0.137246,1402.87,3.945793e-04
-0.8375,-0.8375,0.145378,0.145378,1855.1,5.217779e-04
-0.8375,-0.8125,0.145378,0.153993,2719.62,7.649394e-04
-0.8375,-0.7875,0.145378,0.163117,3026.14,8.511519e-04
-0.8375,-0.7625,0.145378,0.172783,3511.19,9.875812e-04
-0.8375,-0.7375,0.145378,0.183021,3554.88,9.998686e-04
-0.8375,-0.7125,0.145378,0.193865,3638.62,1.023424e-03
-0.8375,-0.6875,0.145378,0.205353,3638.62,1.023424e-03
-0.8375,-0.6625,0.145378,0.21752,3603.25,1.013474e-03
-0.8375,-0.6375,0.145378,0.230409,3146.64,8.850447e-04
-0.8375,-0.6125,0.145378,0.244062,2955.21,8.312019e-04
-0.8375,-0.5875,0.145378,0.258523,2926.69,8.231793e-04
-0.8375,-0.5625,0.145378,0.273842,2724.52,7.663163e-04
-0.8375,-0.5375,0.145378,0.290068,2426.76,6.825666e-04
-0.8375,-0.5125,0.145378,0.307256,2345.12,6.596050e-04
-0.8375,-0.4875,0.145378,0.325462,2415.39,6.793690e-04
-0.8375,-0.4625,0.145378,0.344747,2391.97,6.727810e-04
-0.8375,-0.4375,0.145378,0.365174,2157.11,6.067235e-04
-0.8375,-0.4125,0.145378,0.386812,1502.14,4.225021e-04
-0.8375,-0.3875,0.145378,0.409732,908.252,2.554610e-04
-0.8375,-0.3625,0.145378,0.43401,689.53,1.939419e-04
-0.8375,-0.3375,0.145378,0.459727,557.846,1.569034e-04
-0.8375,-0.3125,0.145378,0.486968,370.396,1.041801e-04
-0.8375,-0.2875,0.145378,0.515822,286.381,8.054936e-05
-0.8375,-0.2625,0.145378,0.546387,256.786,7.222521e-05
-0.8375,-0.2375,0.145378,0.578762,232.304,6.533934e-05
-0.8375,-0.2125,0.145378,0.613056,205.331,5.775286e-05
-0.8375,-0.1875,0.145378,0.649382,226.504,6.370802e-05
-0.8375,-0.1625,0.145378,0.68786,238.36,6.704284e-05
-0.8375,-0.1375,0.145378,0.728618,238.36,6.704284e-05
-0.8375,-0.1125,0.145378,0.771792,208.199,5.855933e-05
-0.8375,-0.0875,0.145378,0.817523,220.749,6.208944e-05
-0.8375,-0.0625,0.145378,0.865964,201.75,5.674546e-05
-0.8375,-0.0375,0.145378,0.917276,201.75,5.674546e-05
-0.8375,-0.0125,0.145378,0.971628,201.75,5.674546e-05
-0.8375,0.0125,0.145378,1.0292,195.915,5.510440e-05
-0.8375,0.0375,0.145378,1.09018,208.199,5.855933e-05
-0.8375,0.0625,0.145378,1.15478,214.3,6.027556e-05
-0.8375,0.0875,0.145378,1.22321,201.75,5.674546e-05
-0.8375,0.1125,0.145378,1.29569,175.42,4.933980e-05
-0.8375,0.1375,0.145378,1.37246,198.964,5.596197e-05
-0.8375,0.1625,0.145378,1.45378,199.18,5.602275e-05
-0.8375,0.1875,0.145378,1.53993,197.488,5.554680e-05
-0.8375,0.2125,0.145378,1.63117,192.339,5.409854e-05
-0.8375,0.2375,0.145378,1.72783,200.921,5.651230e-05
-0.8375,0.2625,0.145378,1.83021,201.75,5.674546e-05
-0.8375,0.2875,0.145378,1.93865,201.75,5.674546e-05
-0.8375,0.3125,0.145378,2.05353,192.339,5.409854e-05
-0.8375,0.3375,0.145378,2.1752,197.386,5.551818e-05
-0.8375,0.3625,0.145378,2.30409,180.92,5.088668e-05
-0.8375,0.3875,0.145378,2.44062,191.452,5.384894e-05
-0.8375,0.4125,0.145378,2.58523,175.478,4.935624e-05
-0.8375,0.4375,0.145378,2.73842,177.312,4.987187e-05
-0.8375,0.4625,0.145378,2.90068,178.379,5.017204e-05
-0.8375,0.4875,0.145378,3.07256,143.896,4.047327e-05
-0.8375,0.5125,0.145378,3.25462,131.382,3.695333e-05
-0.8375,0.5375,0.145378,3.44747,131.474,3.697935e-05
-0.8375,0.5625,0.145378,3.65174,99.7771,2.806398e-05
-0.8375,0.5875,0.145378,3.86812,89.3006,2.511730e-05
-0.8375,0.6125,0.145378,4.09732,74.2484,2.088359e-05
-0.8375,0.6375,0.145378,4.3401,61.218,1.721857e-05
-0.8375,0.6625,0.145378,4.59727,51.3661,1.444758e-05
-0.8375,0.6875,0.145378,4.86968,41.055,1.154739e-05
-0.8375,0.7125,0.145378,5.15822,25.0929,7.057794e-06
-0.8375,0.7375,0.145378,5.46387,16.7153,4.701464e-06
-0.8375,0.7625,0.145378,5.78762,12.7847,3.595919e-06
-0.8375,0.7875,0.145378,6.13056,7.55716,2.125578e-06
-0.8375,0.8125,0.145378,6.49382,6.54309,1.840352e-06
-0.8375,0.8375,0.145378,6.8786,7.67101,2.157601e-06
-0.8375,0.8625,0.145378,7.28618,3.90904,1.099483e-06
-0.8375,0.8875,0.145378,7.71792,3.36685,9.469829e-07
-0.8375,0.9125,0.145378,8.17523,1.91381,5.382913e-07
-0.8375,0.9375,0.145378,8.65964,0.349216,9.822296e-08
-0.8125,-1.9875,0.153993,0.010292,4.04212,1.136913e-06
-0.8125,-1.9625,0.153993,0.0109018,4.02311,1.131567e-06
-0.8125,-1.9375,0.153993,0.0115478,3.12771,8.797200e-07
-0.8125,-1.9125,0.153993,0.0122321,2.83708,7.979755e-07
-0.8125,-1.8875,0.153993,0.0129569,3.7393,1.051741e-06
-0.8125,-1.8625,0.153993,0.0137246,5.68374,1.598648e-06
-0.8125,-1.8375,0.153993,0.0145378,7.00156,1.969306e-06
-0.8125,-1.8125,0.153993,0.0153993,6.58422,1.851923e-06
-0.8125,-1.7875,0.153993,0.0163117,10.6744,3.002359e-06
-0.8125,-1.7625,0.153993,0.0172783,10.7933,3.035791e-06
-0.8125,-1.7375,0.153993,0.0183021,8.54041,2.402131e-06
-0.8125,-1.7125,0.153993,0.0193865,9.2768,2.609255e-06
-0.8125,-1.6875,0.153993,0.0205353,9.48704,2.668387e-06
-0.8125,-1.6625,0.153993,0.021752,11.135,3.131895e-06
-0.8125,-1.6375,0.153993,0.0230409,12.1228,3.409753e-06
-0.8125,-1.6125,0.153993,0.0244062,9.55812,2.688381e-06
-0.8125,-1.5875,0.153993,0.0258523,13.5045,3.798366e-06
-0.8125,-1.5625,0.153993,0.0273842,18.3261,5.154529e-06
-0.8125,-1.5375,0.153993,0.0290068,16.7258,4.704405e-06
-0.8125,-1.5125,0.153993,0.0307256,23.3549,6.568968e-06
-0.8125,-1.4875,0.153993,0.0325462,24.8234,6.982005e-06
-0.8125,-1.4625,0.153993,0.0344747,27.3875,7.703183e-06
-0.8125,-1.4375,0.153993,0.0365174,20.6133,5.797845e-06
-0.8125,-1.4125,0.153993,0.0386812,28.3463,7.972872e-06
-0.8125,-1.3875,0.153993,0.0409732,31.0526,8.734062e-06
-0.8125,-1.3625,0.153993,0.043401,23.7204,6.671770e-06
-0.8125,-1.3375,0.153993,0.0459727,27.6804,7.785578e-06
-0.8125,-1.3125,0.153993,0.0486968,30.782,8.657938e-06
-0.8125,-1.2875,0.153993,0.0515822,28.5754,8.037296e-06
-0.8125,-1.2625,0.153993,0.0546387,36.2203,1.018756e-05
-0.8125,-1.2375,0.153993,0.0578762,37.9989,1.068783e-05
-0.8125,-1.2125,0.153993,0.0613056,39.3097,1.105652e-05
-0.8125,-1.1875,0.153993,0.0649382,50.8004,1.428845e-05
-0.8125,-1.1625,0.153993,0.068786,45.5368,1.280798e-05
-0.8125,-1.1375,0.153993,0.0728618,57.7108,1.623212e-05
-0.8125,-1.1125,0.153993,0.0771792,64.1723,1.804953e-05
-0.8125,-1.0875,0.153993,0.0817523,93.5284,2.630642e-05
-0.8125,-1.0625,0.153993,0.0865964,91.2747,2.567254e-05
-0.8125,-1.0375,0.153993,0.0917276,121.786,3.425425e-05
-0.8125,-1.0125,0.153993,0.0971628,137.48,3.866843e-05
-0.8125,-0.9875,0.153993,0.10292,161.58,4.544719e-05
-0.8125,-0.9625,0.153993,0.109018,181.767,5.112487e-05
-0.8125,-0.9375,0.153993,0.115478,223.836,6.295771e-05
-0.8125,-0.9125,0.153993,0.122321,302.071,8.496252e-05
-0.8125,-0.8875,0.153993,0.129569,470.074,1.322162e-04
-0.8125,-0.8625,0.153993,0.137246,949.2,2.669784e-04
-0.8125,-0.8375,0.153993,0.145378,1357.8,3.819046e-04
-0.8125,-0.8125,0.153993,0.153993,1981.7,5.573868e-04
-0.8125,-0.7875,0.153993,0.163117,2385.45,6.709465e-04
-0.8125,-0.7625,0.153993,0.172783,2987.81,8.403704e-04
-0.8125,-0.7375,0.153993,0.183021,3424.63,9.632343e-04
-0.8125,-0.7125,0.153993,0.193865,3424.63,9.632343e-04
-0.8125,-0.6875,0.153993,0.205353,3424.63,9.632343e-04
-0.8125,-0.6625,0.153993,0.21752,3511.19,9.875812e-04
-0.8125,-0.6375,0.153993,0.230409,3450.43,9.704918e-04
-0.8125,-0.6125,0.153993,0.244062,3175.49,8.931603e-04
-0.8125,-0.5875,0.153993,0.258523,2956.23,8.314879e-04
-0.8125,-0.5625,0.153993,0.273842,2926.69,8.231793e-04
-0.8125,-0.5375,0.153993,0.290068,2635.61,7.413088e-04
-0.8125,-0.5125,0.153993,0.307256,2456.95,6.910590e-04
-0.8125,-0.4875,0.153993,0.325462,2426.76,6.825666e-04
-0.8125,-0.4625,0.153993,0.344747,2797.91,7.869601e-04
-0.8125,-0.4375,0.153993,0.365174,2718.25,7.645533e-04
-0.8125,-0.4125,0.153993,0.386812,1945.27,5.471400e-04
-0.8125,-0.3875,0.153993,0.409732,1288.63,3.624482e-04
-0.8125,-0.3625,0.153993,0.43401,1007.78,2.834540e-04
-0.8125,-0.3375,0.153993,0.459727,730.257,2.053969e-04
-0.8125,-0.3125,0.153993,0.486968,538.083,1.513449e-04
-0.8125,-0.2875,0.153993,0.515822,437.638,1.230930e-04
-0.8125,-0.2625,0.153993,0.546387,344.697,9.695173e-05
-0.8125,-0.2375,0.153993,0.578762,300.505,8.452211e-05
-0.8125,-0.2125,0.153993,0.613056,248.567,6.991356e-05
-0.8125,-0.1875,0.153993,0.649382,252.228,7.094330e-05
-0.8125,-0.1625,0.153993,0.68786,248.594,6.992119e-05
-0.8125,-0.1375,0.153993,0.728618,216.811,6.098159e-05
-0.8125,-0.1125,0.153993,0.771792,210.431,5.918724e-05
-0.8125,-0.0875,0.153993,0.817523,207.395,5.833326e-05
-0.8125,-0.0625,0.153993,0.865964,233.757,6.574797e-05
-0.8125,-0.0375,0.153993,0.917276,209.241,5.885250e-05
-0.8125,-0.0125,0.153993,0.971628,206.885,5.818979e-05
-0.8125,0.0125,0.153993,1.0292,220.068,6.189770e-05
-0.8125,0.0375,0.153993,1.09018,215.521,6.061881e-05
-0.8125,0.0625,0.153993,1.15478,240.871,6.774886e-05
-0.8125,0.0875,0.153993,1.22321,219.112,6.162902e-05
-0.8125,0.1125,0.153993,1.29569,222.736,6.264826e-05
-0.8125,0.1375,0.153993,1.37246,236.381,6.648597e-05
-0.8125,0.1625,0.153993,1.45378,219.112,6.162902e-05
-0.8125,0.1875,0.153993,1.53993,204.26,5.745148e-05
-0.8125,0.2125,0.153993,1.63117,226.782,6.378614e-05
-0.8125,0.2375,0.153993,1.72783,240.855,6.774451e-05
-0.8125,0.2625,0.153993,1.83021,252.182,7.093034e-05
-0.8125,0.2875,0.153993,1.93865,219.112,6.162902e-05
-0.8125,0.3125,0.153993,2.05353,209.072,5.880494e-05
-0.8125,0.3375,0.153993,2.1752,189.328,5.325152e-05
-0.8125,0.3625,0.153993,2.30409,214.207,6.024924e-05
-0.8125,0.3875,0.153993,2.44062,211.364,5.944957e-05
-0.8125,0.4125,0.153993,2.58523,210.547,5.921979e-05
-0.8125,0.4375,0.153993,2.73842,198.282,5.577006e-05
-0.8125,0.4625,0.153993,2.90068,201.219,5.659606e-05
-0.8125,0.4875,0.153993,3.07256,187.282,5.267627e-05
-0.8125,0.5125,0.153993,3.25462,155.34,4.369188e-05
-0.8125,0.5375,0.153993,3.44747,161.2,4.534015e-05
-0.8125,0.5625,0.153993,3.65174,127.289,3.580222e-05
-0.8125,0.5875,0.153993,3.86812,109.392,3.076833e-05
-0.8125,0.6125,0.153993,4.09732,94.5809,2.660245e-05
-0.8125,0.6375,0.153993,4.3401,75.4259,2.121480e-05
-0.8125,0.6625,0.153993,4.59727,55.6351,1.564829e-05
-0.8125,0.6875,0.153993,4.86968,47.5077,1.336233e-05
-0.8125,0.7125,0.153993,5.15822,31.3261,8.811001e-06
-0.8125,0.7375,0.153993,5.46387,17.597,4.949448e-06
-0.8125,0.7625,0.153993,5.78762,14.3846,4.045912e-06
-0.8125,0.7875,0.153993,6.13056,9.86479,2.774637e-06
-0.8125,0.8125,0.153993,6.49382,4.36817,1.228620e-06
-0.8125,0.8375,0.153993,6.8786,4.68172,1.316811e-06
-0.8125,0.8625,0.153993,7.28618,4.63275,1.303038e-06
-0.8125,0.8875,0.153993,7.71792,3.79477,1.067343e-06
-0.8125,0.9125,0.153993,8.17523,4.47007,1.257281e-06
-0.8125,0.9375,0.153993,8.65964,1.80669,5.081612e-07
-0.8125,0.9625,0.153993,9.17276,0.137469,3.866554e-08
-0.8125,1.0125,0.153993,10.292,0.92219,2.593814e-07
-0.7875,-1.9875,0.163117,0.010292,1.62474,4.569852e-07
-0.7875,-1.9625,0.163117,0.0109018,2.32407,6.536831e-07
-0.7875,-1.9375,0.163117,0.0115478,5.66391,1.593068e-06
-0.7875,-1.9125,0.163117,0.0122321,7.25294,2.040011e-06
-0.7875,-1.8875,0.163117,0.0129569,12.8477,3.613630e-06
-0.7875,-1.8625,0.163117,0.0137246,7.56002,2.126383e-06
-0.7875,-1.8375,0.163117,0.0145378,8.00057,2.250295e-06
-0.7875,-1.8125,0.163117,0.0153993,11.3078,3.180512e-06
-0.7875,-1.7875,0.163117,0.0163117,13.8267,3.888980e-06
-0.7875,-1.7625,0.163117,0.0172783,12.5473,3.529127e-06
-0.7875,-1.7375,0.163117,0.0183021,13.6124,3.828706e-06
-0.7875,-1.7125,0.163117,0.0193865,12.4414,3.499348e-06
-0.7875,-1.6875,0.163117,0.0205353,19.9495,5.611140e-06
-0.7875,-1.6625,0.163117,0.021752,14.3124,4.025599e-06
-0.7875,-1.6375,0.163117,0.0230409,17.5171,4.926972e-06
-0.7875,-1.6125,0.163117,0.0244062,17.8579,5.022820e-06
-0.7875,-1.5875,0.163117,0.0258523,26.864,7.555958e-06
-0.7875,-1.5625,0.163117,0.0273842,32.4733,9.133657e-06
-0.7875,-1.5375,0.163117,0.0290068,27.1665,7.641038e-06
-0.7875,-1.5125,0.163117,0.0307256,25.817,7.261475e-06
-0.7875,-1.4875,0.163117,0.0325462,33.4362,9.404501e-06
-0.7875,-1.4625,0.163117,0.0344747,36.9607,1.039583e-05
-0.7875,-1.4375,0.163117,0.0365174,36.9607,1.039583e-05
-0.7875,-1.4125,0.163117,0.0386812,36.91,1.038155e-05
-0.7875,-1.3875,0.163117,0.0409732,37.1585,1.045144e-05
-0.7875,-1.3625,0.163117,0.043401,39.6508,1.115246e-05
-0.7875,-1.3375,0.163117,0.0459727,48.0307,1.350944e-05
-0.7875,-1.3125,0.163117,0.0486968,48.7728,1.371818e-05
-0.7875,-1.2875,0.163117,0.0515822,40.1379,1.128945e-05
-0.7875,-1.2625,0.163117,0.0546387,38.5606,1.084581e-05
-0.7875,-1.2375,0.163117,0.0578762,45.6362,1.283595e-05
-0.7875,-1.2125,0.163117,0.0613056,46.325,1.302967e-05
-0.7875,-1.1875,0.163117,0.0649382,53.903,1.516113e-05
-0.7875,-1.1625,0.163117,0.068786,54.4334,1.531030e-05
-0.7875,-1.1375,0.163117,0.0728618,71.567,2.012941e-05
-0.7875,-1.1125,0.163117,0.0771792,79.1399,2.225943e-05
-0.7875,-1.0875,0.163117,0.0817523,91.38,2.570215e-05
-0.7875,-1.0625,0.163117,0.0865964,89.0022,2.503336e-05
-0.7875,-1.0375,0.163117,0.0917276,112.02,3.150740e-05
-0.7875,-1.0125,0.163117,0.0971628,127.208,3.577950e-05
-0.7875,-0.9875,0.163117,0.10292,139.439,3.921961e-05
-0.7875,-0.9625,0.163117,0.109018,162.7,4.576204e-05
-0.7875,-0.9375,0.163117,0.115478,198.259,5.576352e-05
-0.7875,-0.9125,0.163117,0.122321,267.27,7.517407e-05
-0.7875,-0.8875,0.163117,0.129569,345.82,9.726752e-05
-0.7875,-0.8625,0.163117,0.137246,598.351,1.682961e-04
-0.7875,-0.8375,0.163117,0.145378,799.58,2.248951e-04
-0.7875,-0.8125,0.163117,0.153993,1394.9,3.923392e-04
-0.7875,-0.7875,0.163117,0.163117,1846.73,5.194244e-04
-0.7875,-0.7625,0.163117,0.172783,2370.66,6.667888e-04
-0.7875,-0.7375,0.163117,0.183021,2899.83,8.156265e-04
-0.7875,-0.7125,0.163117,0.193865,2955.21,8.312019e-04
-0.7875,-0.6875,0.163117,0.205353,2960.29,8.326322e-04
-0.7875,-0.6625,0.163117,0.21752,3437,9.667125e-04
-0.7875,-0.6375,0.163117,0.230409,3511.19,9.875812e-04
-0.7875,-0.6125,0.163117,0.244062,3511.19,9.875812e-04
-0.7875,-0.5875,0.163117,0.258523,3023.09,8.502937e-04
-0.7875,-0.5625,0.163117,0.273842,2955.21,8.312019e-04
-0.7875,-0.5375,0.163117,0.290068,2955.21,8.312019e-04
-0.7875,-0.5125,0.163117,0.307256,2607.92,7.335211e-04
-0.7875,-0.4875,0.163117,0.325462,2426.76,6.825666e-04
-0.7875,-0.4625,0.163117,0.344747,2815.93,7.920284e-04
-0.7875,-0.4375,0.163117,0.365174,2955.21,8.312019e-04
-0.7875,-0.4125,0.163117,0.386812,2665.8,7.498012e-04
-0.7875,-0.3875,0.163117,0.409732,1789.16,5.032301e-04
-0.7875,-0.3625,0.163117,0.43401,1323.56,3.722734e-04
-0.7875,-0.3375,0.163117,0.459727,1083.96,3.048824e-04
-0.7875,-0.3125,0.163117,0.486968,818.67,2.302646e-04
-0.7875,-0.2875,0.163117,0.515822,667.317,1.876939e-04
-0.7875,-0.2625,0.163117,0.546387,422.364,1.187969e-04
-0.7875,-0.2375,0.163117,0.578762,343.789,9.669646e-05
-0.7875,-0.2125,0.163117,0.613056,303.339,8.531913e-05
-0.7875,-0.1875,0.163117,0.649382,299.388,8.420792e-05
-0.7875,-0.1625,0.163117,0.68786,292.174,8.217895e-05
-0.7875,-0.1375,0.163117,0.728618,254.599,7.161026e-05
-0.7875,-0.1125,0.163117,0.771792,247.253,6.954409e-05
-0.7875,-0.0875,0.163117,0.817523,215.868,6.071646e-05
-0.7875,-0.0625,0.163117,0.865964,245.683,6.910232e-05
-0.7875,-0.0375,0.163117,0.917276,258.664,7.275370e-05
-0.7875,-0.0125,0.163117,0.971628,248.726,6.995836e-05
-0.7875,0.0125,0.163117,1.0292,229.482,6.454559e-05
-0.7875,0.0375,0.163117,1.09018,245.683,6.910232e-05
-0.7875,0.0625,0.163117,1.15478,245.683,6.910232e-05
-0.7875,0.0875,0.163117,1.22321,245.683,6.910232e-05
-0.7875,0.1125,0.163117,1.29569,245.683,6.910232e-05
-0.7875,0.1375,0.163117,1.37246,245.683,6.910232e-05
-0.7875,0.1625,0.163117,1.45378,250.225,7.038007e-05
-0.7875,0.1875,0.163117,1.53993,224.679,6.319480e-05
-0.7875,0.2125,0.163117,1.63117,209.495,5.892384e-05
-0.7875,0.2375,0.163117,1.72783,232.783,6.547423e-05
-0.7875,0.2625,0.163117,1.83021,215.944,6.073772e-05
-0.7875,0.2875,0.163117,1.93865,250.225,7.038007e-05
-0.7875,0.3125,0.163117,2.05353,254.599,7.161026e-05
-0.7875,0.3375,0.163117,2.1752,250.85,7.055581e-05
-0.7875,0.3625,0.163117,2.30409,245.683,6.910232e-05
-0.7875,0.3875,0.163117,2.44062,245.683,6.910232e-05
-0.7875,0.4125,0.163117,2.58523,215.859,6.071394e-05
-0.7875,0.4375,0.163117,2.73842,218.17,6.136389e-05
-0.7875,0.4625,0.163117,2.90068,223.121,6.275640e-05
-0.7875,0.4875,0.163117,3.07256,209.072,5.880494e-05
-0.7875,0.5125,0.163117,3.25462,207.921,5.848122e-05
-0.7875,0.5375,0.163117,3.44747,197.605,5.557967e-05
-0.7875,0.5625,0.163117,3.65174,157.567,4.431833e-05
-0.7875,0.5875,0.163117,3.86812,123.212,3.465546e-05
-0.7875,0.6125,0.163117,4.09732,115.655,3.252986e-05
-0.7875,0.6375,0.163117,4.3401,94.2819,2.651835e-05
-0.7875,0.6625,0.163117,4.59727,72.7978,2.047560e-05
-0.7875,0.6875,0.163117,4.86968,54.0872,1.521294e-05
-0.7875,0.7125,0.163117,5.15822,39.7351,1.117616e-05
-0.7875,0.7375,0.163117,5.46387,25.6438,7.212759e-06
-0.7875,0.7625,0.163117,5.78762,19.534,5.494267e-06
-0.7875,0.7875,0.163117,6.13056,11.72,3.296438e-06
-0.7875,0.8125,0.163117,6.49382,7.93186,2.230967e-06
-0.7875,0.8375,0.163117,6.8786,6.40548,1.801649e-06
-0.7875,0.8625,0.163117,7.28618,5.16331,1.452266e-06
-0.7875,0.8875,0.163117,7.71792,5.70924,1.605818e-06
-0.7875,0.9125,0.163117,8.17523,2.52002,7.087985e-07
-0.7875,0.9375,0.163117,8.65964,1.81326,5.100110e-07
-0.7875,0.9625,0.163117,9.17276,1.0645,2.994084e-07
-0.7875,1.0375,0.163117,10.9018,0.0687347,1.933277e-08
-0.7875,1.0625,0.163117,11.5478,0.103102,2.899916e-08
-0.7625,-1.9875,0.172783,0.010292,8.61015,2.421749e-06
-0.7625,-1.9625,0.172783,0.0109018,8.82967,2.483493e-06
-0.7625,-1.9375,0.172783,0.0115478,12.0621,3.392661e-06
-0.7625,-1.9125,0.172783,0.0122321,13.7694,3.872874e-06
-0.7625,-1.8875,0.172783,0.0129569,23.6625,6.655477e-06
-0.7625,-1.8625,0.172783,0.0137246,23.0008,6.469369e-06
-0.7625,-1.8375,0.172783,0.0145378,20.737,5.832630e-06
-0.7625,-1.8125,0.172783,0.0153993,20.5901,5.791303e-06
-0.7625,-1.7875,0.172783,0.0163117,17.9069,5.036605e-06
-0.7625,-1.7625,0.172783,0.0172783,15.6777,4.409614e-06
-0.7625,-1.7375,0.172783,0.0183021,18.8211,5.293754e-06
-0.7625,-1.7125,0.172783,0.0193865,21.1949,5.961424e-06
-0.7625,-1.6875,0.172783,0.0205353,28.7007,8.072557e-06
-0.7625,-1.6625,0.172783,0.021752,27.8857,7.843317e-06
-0.7625,-1.6375,0.172783,0.0230409,27.5619,7.752249e-06
-0.7625,-1.6125,0.172783,0.0244062,29.8419,8.393525e-06
-0.7625,-1.5875,0.172783,0.0258523,33.9644,9.553065e-06
-0.7625,-1.5625,0.172783,0.0273842,32.4941,9.139505e-06
-0.7625,-1.5375,0.172783,0.0290068,34.9337,9.825688e-06
-0.7625,-1.5125,0.172783,0.0307256,42.7421,1.202193e-05
-0.7625,-1.4875,0.172783,0.0325462,39.1028,1.099831e-05
-0.7625,-1.4625,0.172783,0.0344747,53.1257,1.494249e-05
-0.7625,-1.4375,0.172783,0.0365174,51.1705,1.439255e-05
-0.7625,-1.4125,0.172783,0.0386812,44.7368,1.258298e-05
-0.7625,-1.3875,0.172783,0.0409732,47.449,1.334583e-05
-0.7625,-1.3625,0.172783,0.043401,52.7092,1.482533e-05
-0.7625,-1.3375,0.172783,0.0459727,49.1678,1.382926e-05
-0.7625,-1.3125,0.172783,0.0486968,49.1775,1.383198e-05
-0.7625,-1.2875,0.172783,0.0515822,53.8777,1.515400e-05
-0.7625,-1.2625,0.172783,0.0546387,46.9889,1.321642e-05
-0.7625,-1.2375,0.172783,0.0578762,56.198,1.580663e-05
-0.7625,-1.2125,0.172783,0.0613056,59.1776,1.664468e-05
-0.7625,-1.1875,0.172783,0.0649382,64.0748,1.802211e-05
-0.7625,-1.1625,0.172783,0.068786,53.612,1.507928e-05
-0.7625,-1.1375,0.172783,0.0728618,58.9317,1.657552e-05
-0.7625,-1.1125,0.172783,0.0771792,68.2382,1.919313e-05
-0.7625,-1.0875,0.172783,0.0817523,72.064,2.026922e-05
-0.7625,-1.0625,0.172783,0.0865964,87.2603,2.454342e-05
-0.7625,-1.0375,0.172783,0.0917276,97.9839,2.755959e-05
-0.7625,-1.0125,0.172783,0.0971628,117.012,3.291157e-05
-0.7625,-0.9875,0.172783,0.10292,127.276,3.579850e-05
-0.7625,-0.9625,0.172783,0.109018,149.849,4.214741e-05
-0.7625,-0.9375,0.172783,0.115478,175.303,4.930693e-05
-0.7625,-0.9125,0.172783,0.122321,228.584,6.429317e-05
-0.7625,-0.8875,0.172783,0.129569,265.987,7.481334e-05
-0.7625,-0.8625,0.172783,0.137246,392.44,1.103804e-04
-0.7625,-0.8375,0.172783,0.145378,548.523,1.542812e-04
-0.7625,-0.8125,0.172783,0.153993,932.355,2.622403e-04
-0.7625,-0.7875,0.172783,0.163117,1330.4,3.741968e-04
-0.7625,-0.7625,0.172783,0.172783,1849.89,5.203136e-04
-0.7625,-0.7375,0.172783,0.183021,2387.79,6.716044e-04
-0.7625,-0.7125,0.172783,0.193865,2696,7.582937e-04
-0.7625,-0.6875,0.172783,0.205353,2870.47,8.073689e-04
-0.7625,-0.6625,0.172783,0.21752,2998.41,8.433526e-04
-0.7625,-0.6375,0.172783,0.230409,3239.3,9.111079e-04
-0.7625,-0.6125,0.172783,0.244062,3377.28,9.499167e-04
-0.7625,-0.5875,0.172783,0.258523,3331.97,9.371711e-04
-0.7625,-0.5625,0.172783,0.273842,2955.21,8.312019e-04
-0.7625,-0.5375,0.172783,0.290068,2955.21,8.312019e-04
-0.7625,-0.5125,0.172783,0.307256,2781.56,7.823615e-04
-0.7625,-0.4875,0.172783,0.325462,2429.27,6.832713e-04
-0.7625,-0.4625,0.172783,0.344747,2474.14,6.958925e-04
-0.7625,-0.4375,0.172783,0.365174,2740.87,7.709148e-04
-0.7625,-0.4125,0.172783,0.386812,2955.21,8.312019e-04
-0.7625,-0.3875,0.172783,0.409732,2693.49,7.575889e-04
-0.7625,-0.3625,0.172783,0.43401,1918.16,5.395146e-04
-0.7625,-0.3375,0.172783,0.459727,1488.02,4.185299e-04
-0.7625,-0.3125,0.172783,0.486968,1069.41,3.007906e-04
-0.7625,-0.2875,0.172783,0.515822,916.587,2.578054e-04
-0.7625,-0.2625,0.172783,0.546387,633.674,1.782314e-04
-0.7625,-0.2375,0.172783,0.578762,504.31,1.418457e-04
-0.7625,-0.2125,0.172783,0.613056,410.376,1.154251e-04
-0.7625,-0.1875,0.172783,0.649382,359.192,1.010286e-04
-0.7625,-0.1625,0.172783,0.68786,318.103,8.947181e-05
-0.7625,-0.1375,0.172783,0.728618,299.182,8.415000e-05
-0.7625,-0.1125,0.172783,0.771792,255.106,7.175295e-05
-0.7625,-0.0875,0.172783,0.817523,245.683,6.910232e-05
-0.7625,-0.0625,0.172783,0.865964,245.683,6.910232e-05
-0.7625,-0.0375,0.172783,0.917276,234.908,6.607169e-05
-0.7625,-0.0125,0.172783,0.971628,223.716,6.292389e-05
-0.7625,0.0125,0.172783,1.0292,227.033,6.385674e-05
-0.7625,0.0375,0.172783,1.09018,245.683,6.910232e-05
-0.7625,0.0625,0.172783,1.15478,231.455,6.510054e-05
-0.7625,0.0875,0.172783,1.22321,235.046,6.611075e-05
-0.7625,0.1125,0.172783,1.29569,245.683,6.910232e-05
-0.7625,0.1375,0.172783,1.37246,245.683,6.910232e-05
-0.7625,0.1625,0.172783,1.45378,272.94,7.676885e-05
-0.7625,0.1875,0.172783,1.53993,281.603,7.920545e-05
-0.7625,0.2125,0.172783,1.63117,294.978,8.296737e-05
-0.7625,0.2375,0.172783,1.72783,299.182,8.415000e-05
-0.7625,0.2625,0.172783,1.83021,290.519,8.171340e-05
-0.7625,0.2875,0.172783,1.93865,286.061,8.045942e-05
-0.7625,0.3125,0.172783,2.05353,299.182,8.415000e-05
-0.7625,0.3375,0.172783,2.1752,287.935,8.098665e-05
-0.7625,0.3625,0.172783,2.30409,272.432,7.662616e-05
-0.7625,0.3875,0.172783,2.44062,272.432,7.662616e-05
-0.7625,0.4125,0.172783,2.58523,264.784,7.447493e-05
-0.7625,0.4375,0.172783,2.73842,248.536,6.990495e-05
-0.7625,0.4625,0.172783,2.90068,231.247,6.504195e-05
-0.7625,0.4875,0.172783,3.07256,245.683,6.910232e-05
-0.7625,0.5125,0.172783,3.25462,242.23,6.813117e-05
-0.7625,0.5375,0.172783,3.44747,220.263,6.195274e-05
-0.7625,0.5625,0.172783,3.65174,192.281,5.408210e-05
-0.7625,0.5875,0.172783,3.86812,149.007,4.191084e-05
-0.7625,0.6125,0.172783,4.09732,145.215,4.084403e-05
-0.7625,0.6375,0.172783,4.3401,113.093,3.180938e-05
-0.7625,0.6625,0.172783,4.59727,97.7624,2.749730e-05
-0.7625,0.6875,0.172783,4.86968,76.343,2.147274e-05
-0.7625,0.7125,0.172783,5.15822,45.7039,1.285497e-05
-0.7625,0.7375,0.172783,5.46387,42.3154,1.190191e-05
-0.7625,0.7625,0.172783,5.78762,29.3287,8.249185e-06
-0.7625,0.7875,0.172783,6.13056,22.5377,6.339106e-06
-0.7625,0.8125,0.172783,6.49382,12.521,3.521733e-06
-0.7625,0.8375,0.172783,6.8786,10.5324,2.962411e-06
-0.7625,0.8625,0.172783,7.28618,6.67214,1.876652e-06
-0.7625,0.8875,0.172783,7.71792,4.34326,1.221614e-06
-0.7625,0.9125,0.172783,8.17523,5.44068,1.530281e-06
-0.7625,0.9375,0.172783,8.65964,1.8777,5.281331e-07
-0.7625,0.9625,0.172783,9.17276,1.61586,4.544880e-07
-0.7625,1.0375,0.172783,10.9018,0.240571,6.766470e-08
-0.7625,1.0625,0.172783,11.5478,0.451071,1.268713e-07
-0.7375,-1.9875,0.183021,0.010292,11.5887,3.259513e-06
-0.7375,-1.9625,0.183021,0.0109018,12.8662,3.618840e-06
-0.7375,-1.9375,0.183021,0.0115478,18.7932,5.285910e-06
-0.7375,-1.9125,0.183021,0.0122321,19.2556,5.415957e-06
-0.7375,-1.8875,0.183021,0.0129569,26.5162,7.458131e-06
-0.7375,-1.8625,0.183021,0.0137246,31.9259,8.979680e-06
-0.7375,-1.8375,0.183021,0.0145378,29.7455,8.366414e-06
-0.7375,-1.8125,0.183021,0.0153993,29.671,8.345459e-06
-0.7375,-1.7875,0.183021,0.0163117,29.8419,8.393525e-06
-0.7375,-1.7625,0.183021,0.0172783,27.2557,7.666119e-06
-0.7375,-1.7375,0.183021,0.0183021,33.4461,9.407277e-06
-0.7375,-1.7125,0.183021,0.0193865,38.6707,1.087678e-05
-0.7375,-1.6875,0.183021,0.0205353,43.2605,1.216773e-05
-0.7375,-1.6625,0.183021,0.021752,44.5925,1.254238e-05
-0.7375,-1.6375,0.183021,0.0230409,43.4906,1.223246e-05
-0.7375,-1.6125,0.183021,0.0244062,41.912,1.178845e-05
-0.7375,-1.5875,0.183021,0.0258523,45.4182,1.277463e-05
-0.7375,-1.5625,0.183021,0.0273842,47.2094,1.327843e-05
-0.7375,-1.5375,0.183021,0.0290068,52.6436,1.480689e-05
-0.7375,-1.5125,0.183021,0.0307256,57.2958,1.611540e-05
-0.7375,-1.4875,0.183021,0.0325462,50.9623,1.433398e-05
-0.7375,-1.4625,0.183021,0.0344747,55.2953,1.555272e-05
-0.7375,-1.4375,0.183021,0.0365174,56.3825,1.585851e-05
-0.7375,-1.4125,0.183021,0.0386812,53.367,1.501036e-05
-0.7375,-1.3875,0.183021,0.0409732,56.3825,1.585851e-05
-0.7375,-1.3625,0.183021,0.043401,52.7643,1.484083e-05
-0.7375,-1.3375,0.183021,0.0459727,59.0742,1.661559e-05
-0.7375,-1.3125,0.183021,0.0486968,61.4052,1.727123e-05
-0.7375,-1.2875,0.183021,0.0515822,52.0111,1.462899e-05
-0.7375,-1.2625,0.183021,0.0546387,54.264,1.526267e-05
-0.7375,-1.2375,0.183021,0.0578762,66.6724,1.875273e-05
-0.7375,-1.2125,0.183021,0.0613056,67.481,1.898015e-05
-0.7375,-1.1875,0.183021,0.0649382,65.0553,1.829788e-05
-0.7375,-1.1625,0.183021,0.068786,67.2164,1.890573e-05
-0.7375,-1.1375,0.183021,0.0728618,61.1915,1.721113e-05
-0.7375,-1.1125,0.183021,0.0771792,65.4812,1.841767e-05
-0.7375,-1.0875,0.183021,0.0817523,77.0418,2.166928e-05
-0.7375,-1.0625,0.183021,0.0865964,87.7108,2.467013e-05
-0.7375,-1.0375,0.183021,0.0917276,97.5134,2.742726e-05
-0.7375,-1.0125,0.183021,0.0971628,109.13,3.069476e-05
-0.7375,-0.9875,0.183021,0.10292,114.707,3.226337e-05
-0.7375,-0.9625,0.183021,0.109018,144.74,4.071051e-05
-0.7375,-0.9375,0.183021,0.115478,154.909,4.357082e-05
-0.7375,-0.9125,0.183021,0.122321,206.203,5.799797e-05
-0.7375,-0.8875,0.183021,0.129569,239.145,6.726365e-05
-0.7375,-0.8625,0.183021,0.137246,327.203,9.203119e-05
-0.7375,-0.8375,0.183021,0.145378,395.62,1.112748e-04
-0.7375,-0.8125,0.183021,0.153993,689.099,1.938205e-04
-0.7375,-0.7875,0.183021,0.163117,938.78,2.640475e-04
-0.7375,-0.7625,0.183021,0.172783,1428.82,4.018797e-04
-0.7375,-0.7375,0.183021,0.183021,1973.66,5.551240e-04
-0.7375,-0.7125,0.183021,0.193865,2356.49,6.628025e-04
-0.7375,-0.6875,0.183021,0.205353,2608.76,7.337560e-04
-0.7375,-0.6625,0.183021,0.21752,2734.46,7.691118e-04
-0.7375,-0.6375,0.183021,0.230409,2955.21,8.312019e-04
-0.7375,-0.6125,0.183021,0.244062,3100.31,8.720131e-04
-0.7375,-0.5875,0.183021,0.258523,3378.3,9.502027e-04
-0.7375,-0.5625,0.183021,0.273842,3143.59,8.841865e-04
-0.7375,-0.5375,0.183021,0.290068,2955.21,8.312019e-04
-0.7375,-0.5125,0.183021,0.307256,2955.21,8.312019e-04
-0.7375,-0.4875,0.183021,0.325462,2693.49,7.575889e-04
-0.7375,-0.4625,0.183021,0.344747,2429.27,6.832713e-04
-0.7375,-0.4375,0.183021,0.365174,2519.85,7.087486e-04
-0.7375,-0.4125,0.183021,0.386812,2955.21,8.312019e-04
-0.7375,-0.3875,0.183021,0.409732,2955.21,8.312019e-04
-0.7375,-0.3625,0.183021,0.43401,2526.28,7.105595e-04
-0.7375,-0.3375,0.183021,0.459727,1954.49,5.497329e-04
-0.7375,-0.3125,0.183021,0.486968,1413.67,3.976183e-04
-0.7375,-0.2875,0.183021,0.515822,1234.89,3.473326e-04
-0.7375,-0.2625,0.183021,0.546387,798.068,2.244699e-04
-0.7375,-0.2375,0.183021,0.578762,682.027,1.918315e-04
-0.7375,-0.2125,0.183021,0.613056,545.704,1.534885e-04
-0.7375,-0.1875,0.183021,0.649382,469.816,1.321436e-04
-0.7375,-0.1625,0.183021,0.68786,388.148,1.091731e-04
-0.7375,-0.1375,0.183021,0.728618,321.517,9.043191e-05
-0.7375,-0.1125,0.183021,0.771792,299.479,8.423339e-05
-0.7375,-0.0875,0.183021,0.817523,276.361,7.773106e-05
-0.7375,-0.0625,0.183021,0.865964,272.432,7.662616e-05
-0.7375,-0.0375,0.183021,0.917276,272.432,7.662616e-05
-0.7375,-0.0125,0.183021,0.971628,259.311,7.293558e-05
-0.7375,0.0125,0.183021,1.0292,257.582,7.244913e-05
-0.7375,0.0375,0.183021,1.09018,245.683,6.910232e-05
-0.7375,0.0625,0.183021,1.15478,231.247,6.504195e-05
-0.7375,0.0875,0.183021,1.22321,234.908,6.607169e-05
-0.7375,0.1125,0.183021,1.29569,268.228,7.544353e-05
-0.7375,0.1375,0.183021,1.37246,263.769,7.418956e-05
-0.7375,0.1625,0.183021,1.45378,259.565,7.300693e-05
-0.7375,0.1875,0.183021,1.53993,272.94,7.676885e-05
-0.7375,0.2125,0.183021,1.63117,272.94,7.676885e-05
-0.7375,0.2375,0.183021,1.72783,272.94,7.676885e-05
-0.7375,0.2625,0.183021,1.83021,277.483,7.804660e-05
-0.7375,0.2875,0.183021,1.93865,281.856,7.927679e-05
-0.7375,0.3125,0.183021,2.05353,294.978,8.296737e-05
-0.7375,0.3375,0.183021,2.1752,288.08,8.102742e-05
-0.7375,0.3625,0.183021,2.30409,272.94,7.676885e-05
-0.7375,0.3875,0.183021,2.44062,272.94,7.676885e-05
-0.7375,0.4125,0.183021,2.58523,250.986,7.059411e-05
-0.7375,0.4375,0.183021,2.73842,272.94,7.676885e-05
-0.7375,0.4625,0.183021,2.90068,245.683,6.910232e-05
-0.7375,0.4875,0.183021,3.07256,227.863,6.409033e-05
-0.7375,0.5125,0.183021,3.25462,238.638,6.712096e-05
-0.7375,0.5375,0.183021,3.44747,238.777,6.716001e-05
-0.7375,0.5625,0.183021,3.65174,201.75,5.674546e-05
-0.7375,0.5875,0.183021,3.86812,174.173,4.898894e-05
-0.7375,0.6125,0.183021,4.09732,161.92,4.554272e-05
-0.7375,0.6375,0.183021,4.3401,124.894,3.512856e-05
-0.7375,0.6625,0.183021,4.59727,105.439,2.965650e-05
-0.7375,0.6875,0.183021,4.86968,89.4242,2.515203e-05
-0.7375,0.7125,0.183021,5.15822,57.606,1.620265e-05
-0.7375,0.7375,0.183021,5.46387,46.2687,1.301386e-05
-0.7375,0.7625,0.183021,5.78762,33.9862,9.559185e-06
-0.7375,0.7875,0.183021,6.13056,24.7088,6.949768e-06
-0.7375,0.8125,0.183021,6.49382,17.2262,4.845161e-06
-0.7375,0.8375,0.183021,6.8786,13.9042,3.910790e-06
-0.7375,0.8625,0.183021,7.28618,9.51148,2.675261e-06
-0.7375,0.8875,0.183021,7.71792,5.47041,1.538645e-06
-0.7375,0.9125,0.183021,8.17523,5.94283,1.671521e-06
-0.7375,0.9375,0.183021,8.65964,3.77468,1.061690e-06
-0.7375,0.9625,0.183021,9.17276,1.83263,5.154590e-07
-0.7375,0.9875,0.183021,9.71628,0.404203,1.136888e-07
-0.7125,-1.9875,0.193865,0.010292,15.2529,4.290141e-06
-0.7125,-1.9625,0.193865,0.0109018,16.3178,4.589658e-06
-0.7125,-1.9375,0.193865,0.0115478,22.4763,6.321843e-06
-0.7125,-1.9125,0.193865,0.0122321,29.0807,8.179422e-06
-0.7125,-1.8875,0.193865,0.0129569,36.7758,1.034381e-05
-0.7125,-1.8625,0.193865,0.0137246,32.1792,9.050949e-06
-0.7125,-1.8375,0.193865,0.0145378,44.898,1.262830e-05
-0.7125,-1.8125,0.193865,0.0153993,53.6444,1.508839e-05
-0.7125,-1.7875,0.193865,0.0163117,40.6807,1.144212e-05
-0.7125,-1.7625,0.193865,0.0172783,48.4664,1.363200e-05
-0.7125,-1.7375,0.193865,0.0183021,44.9183,1.263403e-05
-0.7125,-1.7125,0.193865,0.0193865,44.7312,1.258139e-05
-0.7125,-1.6875,0.193865,0.0205353,54.1223,1.522280e-05
-0.7125,-1.6625,0.193865,0.021752,53.6608,1.509300e-05
-0.7125,-1.6375,0.193865,0.0230409,58.0354,1.632343e-05
-0.7125,-1.6125,0.193865,0.0244062,54.7836,1.540879e-05
-0.7125,-1.5875,0.193865,0.0258523,58.2432,1.638188e-05
-0.7125,-1.5625,0.193865,0.0273842,58.6909,1.650779e-05
-0.7125,-1.5375,0.193865,0.0290068,64.1052,1.803065e-05
-0.7125,-1.5125,0.193865,0.0307256,64.4056,1.811516e-05
-0.7125,-1.4875,0.193865,0.0325462,63.2403,1.778739e-05
-0.7125,-1.4625,0.193865,0.0344747,67.622,1.901982e-05
-0.7125,-1.4375,0.193865,0.0365174,59.251,1.666534e-05
-0.7125,-1.4125,0.193865,0.0386812,53.7082,1.510632e-05
-0.7125,-1.3875,0.193865,0.0409732,65.743,1.849132e-05
-0.7125,-1.3625,0.193865,0.043401,55.0912,1.549533e-05
-0.7125,-1.3375,0.193865,0.0459727,63.1615,1.776522e-05
-0.7125,-1.3125,0.193865,0.0486968,64.3632,1.810322e-05
-0.7125,-1.2875,0.193865,0.0515822,70.6737,1.987814e-05
-0.7125,-1.2625,0.193865,0.0546387,69.0309,1.941610e-05
-0.7125,-1.2375,0.193865,0.0578762,71.1084,2.000042e-05
-0.7125,-1.2125,0.193865,0.0613056,83.1767,2.339482e-05
-0.7125,-1.1875,0.193865,0.0649382,75.0589,2.111157e-05
-0.7125,-1.1625,0.193865,0.068786,81.19,2.283603e-05
-0.7125,-1.1375,0.193865,0.0728618,82.0122,2.306729e-05
-0.7125,-1.1125,0.193865,0.0771792,87.9651,2.474166e-05
-0.7125,-1.0875,0.193865,0.0817523,106.764,3.002913e-05
-0.7125,-1.0625,0.193865,0.0865964,109.392,3.076833e-05
-0.7125,-1.0375,0.193865,0.0917276,112.948,3.176841e-05
-0.7125,-1.0125,0.193865,0.0971628,125.091,3.518398e-05
-0.7125,-0.9875,0.193865,0.10292,135.523,3.811809e-05
-0.7125,-0.9625,0.193865,0.109018,172.193,4.843202e-05
-0.7125,-0.9375,0.193865,0.115478,186.391,5.242554e-05
-0.7125,-0.9125,0.193865,0.122321,222.987,6.271891e-05
-0.7125,-0.8875,0.193865,0.129569,243.819,6.857804e-05
-0.7125,-0.8625,0.193865,0.137246,310.658,8.737783e-05
-0.7125,-0.8375,0.193865,0.145378,344.94,9.702011e-05
-0.7125,-0.8125,0.193865,0.153993,428.547,1.205360e-04
-0.7125,-0.7875,0.193865,0.163117,547.238,1.539199e-04
-0.7125,-0.7625,0.193865,0.172783,846.472,2.380843e-04
-0.7125,-0.7375,0.193865,0.183021,1357.8,3.819046e-04
-0.7125,-0.7125,0.193865,0.193865,1908.87,5.369026e-04
-0.7125,-0.6875,0.193865,0.205353,2016,5.670347e-04
-0.7125,-0.6625,0.193865,0.21752,2132.57,5.998211e-04
-0.7125,-0.6375,0.193865,0.230409,2484.37,6.987701e-04
-0.7125,-0.6125,0.193865,0.244062,2698.5,7.589984e-04
-0.7125,-0.5875,0.193865,0.258523,2969.31,8.351683e-04
-0.7125,-0.5625,0.193865,0.273842,3088.93,8.688134e-04
-0.7125,-0.5375,0.193865,0.290068,3084.86,8.676692e-04
-0.7125,-0.5125,0.193865,0.307256,2955.21,8.312019e-04
-0.7125,-0.4875,0.193865,0.325462,2955.21,8.312019e-04
-0.7125,-0.4625,0.193865,0.344747,2753.88,7.745738e-04
-0.7125,-0.4375,0.193865,0.365174,2564.72,7.213697e-04
-0.7125,-0.4125,0.193865,0.386812,2913.68,8.195203e-04
-0.7125,-0.3875,0.193865,0.409732,2955.21,8.312019e-04
-0.7125,-0.3625,0.193865,0.43401,2926.69,8.231793e-04
-0.7125,-0.3375,0.193865,0.459727,2669.11,7.507330e-04
-0.7125,-0.3125,0.193865,0.486968,2030.83,5.712047e-04
-0.7125,-0.2875,0.193865,0.515822,1656.22,4.658383e-04
-0.7125,-0.2625,0.193865,0.546387,1203.71,3.385624e-04
-0.7125,-0.2375,0.193865,0.578762,1024.13,2.880530e-04
-0.7125,-0.2125,0.193865,0.613056,786.933,2.213380e-04
-0.7125,-0.1875,0.193865,0.649382,652.727,1.835903e-04
-0.7125,-0.1625,0.193865,0.68786,515.069,1.448719e-04
-0.7125,-0.1375,0.193865,0.728618,450.752,1.267814e-04
-0.7125,-0.1125,0.193865,0.771792,375.905,1.057295e-04
-0.7125,-0.0875,0.193865,0.817523,322.547,9.072164e-05
-0.7125,-0.0625,0.193865,0.865964,347.758,9.781283e-05
-0.7125,-0.0375,0.193865,0.917276,282.165,7.936367e-05
-0.7125,-0.0125,0.193865,0.971628,259.396,7.295936e-05
-0.7125,0.0125,0.193865,1.0292,268.424,7.549881e-05
-0.7125,0.0375,0.193865,1.09018,260.882,7.337735e-05
-0.7125,0.0625,0.193865,1.15478,266.826,7.504932e-05
-0.7125,0.0875,0.193865,1.22321,254.599,7.161026e-05
-0.7125,0.1125,0.193865,1.29569,253.705,7.135874e-05
-0.7125,0.1375,0.193865,1.37246,252.05,7.089319e-05
-0.7125,0.1625,0.193865,1.45378,226.981,6.384221e-05
-0.7125,0.1875,0.193865,1.53993,254.399,7.155399e-05
-0.7125,0.2125,0.193865,1.63117,281.856,7.927679e-05
-0.7125,0.2375,0.193865,1.72783,252.388,7.098832e-05
-0.7125,0.2625,0.193865,1.83021,273.362,7.688775e-05
-0.7125,0.2875,0.193865,1.93865,275.996,7.762861e-05
-0.7125,0.3125,0.193865,2.05353,297.781,8.375579e-05
-0.7125,0.3375,0.193865,2.1752,295.433,8.309555e-05
-0.7125,0.3625,0.193865,2.30409,290.266,8.164205e-05
-0.7125,0.3875,0.193865,2.44062,290.266,8.164205e-05
-0.7125,0.4125,0.193865,2.58523,277.313,7.799904e-05
-0.7125,0.4375,0.193865,2.73842,228.884,6.437740e-05
-0.7125,0.4625,0.193865,2.90068,241.079,6.780745e-05
-0.7125,0.4875,0.193865,3.07256,239.65,6.740562e-05
-0.7125,0.5125,0.193865,3.25462,258.368,7.267035e-05
-0.7125,0.5375,0.193865,3.44747,244.532,6.877860e-05
-0.7125,0.5625,0.193865,3.65174,238.36,6.704284e-05
-0.7125,0.5875,0.193865,3.86812,190.407,5.355507e-05
-0.7125,0.6125,0.193865,4.09732,170.304,4.790097e-05
-0.7125,0.6375,0.193865,4.3401,160.676,4.519290e-05
-0.7125,0.6625,0.193865,4.59727,112.939,3.176601e-05
-0.7125,0.6875,0.193865,4.86968,100.709,2.832599e-05
-0.7125,0.7125,0.193865,5.15822,81.229,2.284702e-05
-0.7125,0.7375,0.193865,5.46387,74.8806,2.106141e-05
-0.7125,0.7625,0.193865,5.78762,41.8497,1.177093e-05
-0.7125,0.7875,0.193865,6.13056,27.0815,7.617136e-06
-0.7125,0.8125,0.193865,6.49382,21.8455,6.144412e-06
-0.7125,0.8375,0.193865,6.8786,14.6511,4.120859e-06
-0.7125,0.8625,0.193865,7.28618,14.2915,4.019724e-06
-0.7125,0.8875,0.193865,7.71792,13.0736,3.677181e-06
-0.7125,0.9125,0.193865,8.17523,8.50948,2.393432e-06
-0.7125,0.9375,0.193865,8.65964,3.23401,9.096186e-07
-0.7125,0.9625,0.193865,9.17276,2.67575,7.525999e-07
-0.7125,0.9875,0.193865,9.71628,1.43982,4.049727e-07
-0.7125,1.0125,0.193865,10.292,0.130462,3.669460e-08
-0.7125,1.0875,0.193865,12.2321,0.712804,2.004880e-07
-0.7125,1.1125,0.193865,12.9569,0.255151,7.176559e-08
-0.6875,-1.9875,0.205353,0.010292,25.7754,7.249747e-06
-0.6875,-1.9625,0.205353,0.0109018,26.764,7.527834e-06
-0.6875,-1.9375,0.205353,0.0115478,38.3991,1.080039e-05
-0.6875,-1.9125,0.205353,0.0122321,45.1745,1.270609e-05
-0.6875,-1.8875,0.205353,0.0129569,53.903,1.516113e-05
-0.6875,-1.8625,0.205353,0.0137246,50.9761,1.433787e-05
-0.6875,-1.8375,0.205353,0.0145378,48.1448,1.354151e-05
-0.6875,-1.8125,0.205353,0.0153993,60.3049,1.696177e-05
-0.6875,-1.7875,0.205353,0.0163117,65.0105,1.828529e-05
-0.6875,-1.7625,0.205353,0.0172783,65.0329,1.829158e-05
-0.6875,-1.7375,0.205353,0.0183021,61.9861,1.743462e-05
-0.6875,-1.7125,0.205353,0.0193865,54.3802,1.529533e-05
-0.6875,-1.6875,0.205353,0.0205353,63.5778,1.788231e-05
-0.6875,-1.6625,0.205353,0.021752,61.8114,1.738549e-05
-0.6875,-1.6375,0.205353,0.0230409,76.7813,2.159602e-05
-0.6875,-1.6125,0.205353,0.0244062,60.4975,1.701593e-05
-0.6875,-1.5875,0.205353,0.0258523,61.9637,1.742833e-05
-0.6875,-1.5625,0.205353,0.0273842,70.3877,1.979771e-05
-0.6875,-1.5375,0.205353,0.0290068,68.1177,1.915924e-05
-0.6875,-1.5125,0.205353,0.0307256,65.8477,1.852077e-05
-0.6875,-1.4875,0.205353,0.0325462,64.4016,1.811403e-05
-0.6875,-1.4625,0.205353,0.0344747,65.1224,1.831675e-05
-0.6875,-1.4375,0.205353,0.0365174,64.0748,1.802211e-05
-0.6875,-1.4125,0.205353,0.0386812,56.7948,1.597447e-05
-0.6875,-1.3875,0.205353,0.0409732,61.9861,1.743462e-05
-0.6875,-1.3625,0.205353,0.043401,63.5778,1.788231e-05
-0.6875,-1.3375,0.205353,0.0459727,54.5313,1.533783e-05
-0.6875,-1.3125,0.205353,0.0486968,55.3486,1.556771e-05
-0.6875,-1.2875,0.205353,0.0515822,71.0413,1.998155e-05
-0.6875,-1.2625,0.205353,0.0546387,67.1773,1.889475e-05
-0.6875,-1.2375,0.205353,0.0578762,77.983,2.193402e-05
-0.6875,-1.2125,0.205353,0.0613056,79.1399,2.225943e-05
-0.6875,-1.1875,0.205353,0.0649382,82.178,2.311394e-05
-0.6875,-1.1625,0.205353,0.068786,94.3151,2.652768e-05
-0.6875,-1.1375,0.205353,0.0728618,96.4729,2.713461e-05
-0.6875,-1.1125,0.205353,0.0771792,105.638,2.971247e-05
-0.6875,-1.0875,0.205353,0.0817523,114.505,3.220637e-05
-0.6875,-1.0625,0.205353,0.0865964,116.876,3.287336e-05
-0.6875,-1.0375,0.205353,0.0917276,132.71,3.732691e-05
-0.6875,-1.0125,0.205353,0.0971628,129.247,3.635285e-05
-0.6875,-0.9875,0.205353,0.10292,139.645,3.927746e-05
-0.6875,-0.9625,0.205353,0.109018,176.583,4.966697e-05
-0.6875,-0.9375,0.205353,0.115478,198.259,5.576352e-05
-0.6875,-0.9125,0.205353,0.122321,226.782,6.378614e-05
-0.6875,-0.8875,0.205353,0.129569,240.351,6.760264e-05
-0.6875,-0.8625,0.205353,0.137246,293.576,8.257316e-05
-0.6875,-0.8375,0.205353,0.145378,317.794,8.938493e-05
-0.6875,-0.8125,0.205353,0.153993,353.474,9.942038e-05
-0.6875,-0.7875,0.205353,0.163117,417.509,1.174312e-04
-0.6875,-0.7625,0.205353,0.172783,613.998,1.726972e-04
-0.6875,-0.7375,0.205353,0.183021,812.926,2.286490e-04
-0.6875,-0.7125,0.205353,0.193865,1393.02,3.918113e-04
-0.6875,-0.6875,0.205353,0.205353,1625.19,4.571119e-04
-0.6875,-0.6625,0.205353,0.21752,1950.7,5.486660e-04
-0.6875,-0.6375,0.205353,0.230409,2177.05,6.123315e-04
-0.6875,-0.6125,0.205353,0.244062,2354.43,6.622238e-04
-0.6875,-0.5875,0.205353,0.258523,2493.8,7.014222e-04
-0.6875,-0.5625,0.205353,0.273842,2885.99,8.117326e-04
-0.6875,-0.5375,0.205353,0.290068,2955.21,8.312019e-04
-0.6875,-0.5125,0.205353,0.307256,2955.21,8.312019e-04
-0.6875,-0.4875,0.205353,0.325462,2955.21,8.312019e-04
-0.6875,-0.4625,0.205353,0.344747,2955.21,8.312019e-04
-0.6875,-0.4375,0.205353,0.365174,2784.07,7.830662e-04
-0.6875,-0.4125,0.205353,0.386812,2696,7.582937e-04
-0.6875,-0.3875,0.205353,0.409732,2955.21,8.312019e-04
-0.6875,-0.3625,0.205353,0.43401,2955.21,8.312019e-04
-0.6875,-0.3375,0.205353,0.459727,2955.21,8.312019e-04
-0.6875,-0.3125,0.205353,0.486968,2592.41,7.291574e-04
-0.6875,-0.2875,0.205353,0.515822,2057.93,5.788279e-04
-0.6875,-0.2625,0.205353,0.546387,1592.93,4.480377e-04
-0.6875,-0.2375,0.205353,0.578762,1312.66,3.692067e-04
-0.6875,-0.2125,0.205353,0.613056,1007.89,2.834872e-04
-0.6875,-0.1875,0.205353,0.649382,938.502,2.639692e-04
-0.6875,-0.1625,0.205353,0.68786,764.749,2.150985e-04
-0.6875,-0.1375,0.205353,0.728618,607.318,1.708184e-04
-0.6875,-0.1125,0.205353,0.771792,459.144,1.291419e-04
-0.6875,-0.0875,0.205353,0.817523,433.77,1.220050e-04
-0.6875,-0.0625,0.205353,0.865964,424.728,1.194618e-04
-0.6875,-0.0375,0.205353,0.917276,334.288,9.402396e-05
-0.6875,-0.0125,0.205353,0.971628,299.8,8.432376e-05
-0.6875,0.0125,0.205353,1.0292,268.503,7.552100e-05
-0.6875,0.0375,0.205353,1.09018,299.182,8.415000e-05
-0.6875,0.0625,0.205353,1.15478,299.182,8.415000e-05
-0.6875,0.0875,0.205353,1.22321,299.182,8.415000e-05
-0.6875,0.1125,0.205353,1.29569,255.022,7.172917e-05
-0.6875,0.1375,0.205353,1.37246,254.599,7.161026e-05
-0.6875,0.1625,0.205353,1.45378,277.313,7.799904e-05
-0.6875,0.1875,0.205353,1.53993,269.883,7.590908e-05
-0.6875,0.2125,0.205353,1.63117,245.767,6.912610e-05
-0.6875,0.2375,0.205353,1.72783,250.31,7.040385e-05
-0.6875,0.2625,0.205353,1.83021,255.106,7.175295e-05
-0.6875,0.2875,0.205353,1.93865,293.576,8.257316e-05
-0.6875,0.3125,0.205353,2.05353,290.773,8.178474e-05
-0.6875,0.3375,0.205353,2.1752,293.176,8.246053e-05
-0.6875,0.3625,0.205353,2.30409,294.978,8.296737e-05
-0.6875,0.3875,0.205353,2.44062,290.773,8.178474e-05
-0.6875,0.4125,0.205353,2.58523,253.62,7.133496e-05
-0.6875,0.4375,0.205353,2.73842,224.133,6.304106e-05
-0.6875,0.4625,0.205353,2.90068,216.811,6.098159e-05
-0.6875,0.4875,0.205353,3.07256,245.683,6.910232e-05
-0.6875,0.5125,0.205353,3.25462,215.868,6.071646e-05
-0.6875,0.5375,0.205353,3.44747,244.532,6.877860e-05
-0.6875,0.5625,0.205353,3.65174,236.911,6.663511e-05
-0.6875,0.5875,0.205353,3.86812,207.37,5.832618e-05
-0.6875,0.6125,0.205353,4.09732,196.776,5.534651e-05
-0.6875,0.6375,0.205353,4.3401,169.008,4.753632e-05
-0.6875,0.6625,0.205353,4.59727,148.933,4.188988e-05
-0.6875,0.6875,0.205353,4.86968,123.824,3.482760e-05
-0.6875,0.7125,0.205353,5.15822,89.9777,2.530774e-05
-0.6875,0.7375,0.205353,5.46387,61.9449,1.742305e-05
-0.6875,0.7625,0.205353,5.78762,46.3801,1.304516e-05
-0.6875,0.7875,0.205353,6.13056,37.543,1.055960e-05
-0.6875,0.8125,0.205353,6.49382,19.9401,5.608491e-06
-0.6875,0.8375,0.205353,6.8786,18.3161,5.151719e-06
-0.6875,0.8625,0.205353,7.28618,15.6829,4.411063e-06
-0.6875,0.8875,0.205353,7.71792,14.2294,4.002260e-06
-0.6875,0.9125,0.205353,8.17523,7.40157,2.081815e-06
-0.6875,0.9375,0.205353,8.65964,4.09884,1.152866e-06
-0.6875,0.9625,0.205353,9.17276,4.37288,1.229945e-06
-0.6875,0.9875,0.205353,9.71628,3.57153,1.004553e-06
-0.6875,1.0125,0.205353,10.292,0.296517,8.340043e-08
-0.6875,1.0375,0.205353,10.9018,0.103102,2.899916e-08
-0.6625,-1.9875,0.21752,0.010292,34.0579,9.579341e-06
-0.6625,-1.9625,0.21752,0.0109018,34.5558,9.719391e-06
-0.6625,-1.9375,0.21752,0.0115478,44.936,1.263901e-05
-0.6625,-1.9125,0.21752,0.0122321,49.7257,1.398620e-05
-0.6625,-1.8875,0.21752,0.0129569,68.3116,1.921376e-05
-0.6625,-1.8625,0.21752,0.0137246,64.5394,1.815279e-05
-0.6625,-1.8375,0.21752,0.0145378,64.6627,1.818745e-05
-0.6625,-1.8125,0.21752,0.0153993,68.0782,1.914813e-05
-0.6625,-1.7875,0.21752,0.0163117,79.4039,2.233368e-05
-0.6625,-1.7625,0.21752,0.0172783,65.5304,1.843152e-05
-0.6625,-1.7375,0.21752,0.0183021,64.507,1.814367e-05
-0.6625,-1.7125,0.21752,0.0193865,61.2937,1.723988e-05
-0.6625,-1.6875,0.21752,0.0205353,60.3994,1.698835e-05
-0.6625,-1.6625,0.21752,0.021752,55.0857,1.549376e-05
-0.6625,-1.6375,0.21752,0.0230409,58.4419,1.643777e-05
-0.6625,-1.6125,0.21752,0.0244062,58.4419,1.643777e-05
-0.6625,-1.5875,0.21752,0.0258523,61.8095,1.738495e-05
-0.6625,-1.5625,0.21752,0.0273842,55.9517,1.573735e-05
-0.6625,-1.5375,0.21752,0.0290068,57.3509,1.613090e-05
-0.6625,-1.5125,0.21752,0.0307256,55.4141,1.558613e-05
-0.6625,-1.4875,0.21752,0.0325462,60.1911,1.692975e-05
-0.6625,-1.4625,0.21752,0.0344747,59.8773,1.684150e-05
-0.6625,-1.4375,0.21752,0.0365174,58.2282,1.637766e-05
-0.6625,-1.4125,0.21752,0.0386812,68.2014,1.918279e-05
-0.6625,-1.3875,0.21752,0.0409732,76.6144,2.154908e-05
-0.6625,-1.3625,0.21752,0.043401,86.4055,2.430300e-05
-0.6625,-1.3375,0.21752,0.0459727,72.4502,2.037782e-05
-0.6625,-1.3125,0.21752,0.0486968,74.2008,2.087020e-05
-0.6625,-1.2875,0.21752,0.0515822,72.8721,2.049650e-05
-0.6625,-1.2625,0.21752,0.0546387,78.5235,2.208603e-05
-0.6625,-1.2375,0.21752,0.0578762,78.7669,2.215451e-05
-0.6625,-1.2125,0.21752,0.0613056,96.4152,2.711838e-05
-0.6625,-1.1875,0.21752,0.0649382,113.311,3.187061e-05
-0.6625,-1.1625,0.21752,0.068786,114.505,3.220637e-05
-0.6625,-1.1375,0.21752,0.0728618,108.2,3.043301e-05
-0.6625,-1.1125,0.21752,0.0771792,117.157,3.295249e-05
-0.6625,-1.0875,0.21752,0.0817523,128.753,3.621394e-05
-0.6625,-1.0625,0.21752,0.0865964,110.15,3.098146e-05
-0.6625,-1.0375,0.21752,0.0917276,127.836,3.595598e-05
-0.6625,-1.0125,0.21752,0.0971628,139.439,3.921961e-05
-0.6625,-0.9875,0.21752,0.10292,139.439,3.921961e-05
-0.6625,-0.9625,0.21752,0.109018,137.539,3.868508e-05
-0.6625,-0.9375,0.21752,0.115478,148.546,4.178111e-05
-0.6625,-0.9125,0.21752,0.122321,178.599,5.023381e-05
-0.6625,-0.8875,0.21752,0.129569,184.584,5.191736e-05
-0.6625,-0.8625,0.21752,0.137246,238.355,6.704118e-05
-0.6625,-0.8375,0.21752,0.145378,257.62,7.245985e-05
-0.6625,-0.8125,0.21752,0.153993,261.817,7.364034e-05
-0.6625,-0.7875,0.21752,0.163117,311.573,8.763507e-05
-0.6625,-0.7625,0.21752,0.172783,403.399,1.134628e-04
-0.6625,-0.7375,0.21752,0.183021,564.056,1.586502e-04
-0.6625,-0.7125,0.21752,0.193865,726.796,2.044235e-04
-0.6625,-0.6875,0.21752,0.205353,990.81,2.786819e-04
-0.6625,-0.6625,0.21752,0.21752,1413.49,3.975673e-04
-0.6625,-0.6375,0.21752,0.230409,1737.45,4.886882e-04
-0.6625,-0.6125,0.21752,0.244062,1815.46,5.106283e-04
-0.6625,-0.5875,0.21752,0.258523,2172.18,6.109615e-04
-0.6625,-0.5625,0.21752,0.273842,2467.37,6.939888e-04
-0.6625,-0.5375,0.21752,0.290068,2808.52,7.899427e-04
-0.6625,-0.5125,0.21752,0.307256,2955.21,8.312019e-04
-0.6625,-0.4875,0.21752,0.325462,2955.21,8.312019e-04
-0.6625,-0.4625,0.21752,0.344747,2955.21,8.312019e-04
-0.6625,-0.4375,0.21752,0.365174,2784.07,7.830662e-04
-0.6625,-0.4125,0.21752,0.386812,2696,7.582937e-04
-0.6625,-0.3875,0.21752,0.409732,2955.21,8.312019e-04
-0.6625,-0.3625,0.21752,0.43401,2955.21,8.312019e-04
-0.6625,-0.3375,0.21752,0.459727,2955.21,8.312019e-04
-0.6625,-0.3125,0.21752,0.486968,2955.21,8.312019e-04
-0.6625,-0.2875,0.21752,0.515822,2768.62,7.787219e-04
-0.6625,-0.2625,0.21752,0.546387,2469.89,6.946988e-04
-0.6625,-0.2375,0.21752,0.578762,2023.19,5.690559e-04
-0.6625,-0.2125,0.21752,0.613056,1576.45,4.434026e-04
-0.6625,-0.1875,0.21752,0.649382,1277.67,3.593657e-04
-0.6625,-0.1625,0.21752,0.68786,1016.38,2.858728e-04
-0.6625,-0.1375,0.21752,0.728618,846.128,2.379875e-04
-0.6625,-0.1125,0.21752,0.771792,697.866,1.962864e-04
-0.6625,-0.0875,0.21752,0.817523,644.171,1.811840e-04
-0.6625,-0.0625,0.21752,0.865964,575.69,1.619223e-04
-0.6625,-0.0375,0.21752,0.917276,444.665,1.250693e-04
-0.6625,-0.0125,0.21752,0.971628,424.465,1.193880e-04
-0.6625,0.0125,0.21752,1.0292,383.673,1.079145e-04
-0.6625,0.0375,0.21752,1.09018,327.633,9.215227e-05
-0.6625,0.0625,0.21752,1.15478,327.633,9.215227e-05
-0.6625,0.0875,0.21752,1.22321,309.019,8.691672e-05
-0.6625,0.1125,0.21752,1.29569,299.182,8.415000e-05
-0.6625,0.1375,0.21752,1.37246,299.182,8.415000e-05
-0.6625,0.1625,0.21752,1.45378,279.309,7.856024e-05
-0.6625,0.1875,0.21752,1.53993,284.331,7.997297e-05
-0.6625,0.2125,0.21752,1.63117,276.471,7.776214e-05
-0.6625,0.2375,0.21752,1.72783,278.252,7.826311e-05
-0.6625,0.2625,0.21752,1.83021,255.106,7.175295e-05
-0.6625,0.2875,0.21752,1.93865,284.114,7.991181e-05
-0.6625,0.3125,0.21752,2.05353,276.254,7.770099e-05
-0.6625,0.3375,0.21752,2.1752,291.347,8.194618e-05
-0.6625,0.3625,0.21752,2.30409,302.426,8.506225e-05
-0.6625,0.3875,0.21752,2.44062,276.254,7.770099e-05
-0.6625,0.4125,0.21752,2.58523,251.068,7.061697e-05
-0.6625,0.4375,0.21752,2.73842,236.447,6.650464e-05
-0.6625,0.4625,0.21752,2.90068,233.309,6.562200e-05
-0.6625,0.4875,0.21752,3.07256,245.683,6.910232e-05
-0.6625,0.5125,0.21752,3.25462,223.047,6.273572e-05
-0.6625,0.5375,0.21752,3.44747,200.525,5.640097e-05
-0.6625,0.5625,0.21752,3.65174,193.633,5.446258e-05
-0.6625,0.5875,0.21752,3.86812,181.614,5.108184e-05
-0.6625,0.6125,0.21752,4.09732,181.363,5.101139e-05
-0.6625,0.6375,0.21752,4.3401,165.031,4.641763e-05
-0.6625,0.6625,0.21752,4.59727,133.42,3.752651e-05
-0.6625,0.6875,0.21752,4.86968,134.197,3.774528e-05
-0.6625,0.7125,0.21752,5.15822,107.165,3.014188e-05
-0.6625,0.7375,0.21752,5.46387,81.0451,2.279530e-05
-0.6625,0.7625,0.21752,5.78762,57.8664,1.627588e-05
-0.6625,0.7875,0.21752,6.13056,48.0326,1.350997e-05
-0.6625,0.8125,0.21752,6.49382,33.832,9.515808e-06
-0.6625,0.8375,0.21752,6.8786,17.625,4.957316e-06
-0.6625,0.8625,0.21752,7.28618,17.4963,4.921119e-06
-0.6625,0.8875,0.21752,7.71792,15.6388,4.398661e-06
-0.6625,0.9125,0.21752,8.17523,14.2382,4.004725e-06
-0.6625,0.9375,0.21752,8.65964,7.27197,2.045362e-06
-0.6625,0.9625,0.21752,9.17276,4.89287,1.376201e-06
-0.6625,0.9875,0.21752,9.71628,1.89025,5.316635e-07
-0.6625,1.0125,0.21752,10.292,1.22046,3.432738e-07
-0.6625,1.0375,0.21752,10.9018,0.801904,2.255490e-07
-0.6625,1.0625,0.21752,11.5478,0.253233,7.122600e-08
-0.6625,1.0875,0.21752,12.2321,0.205366,5.776255e-08
-0.6375,-1.9875,0.230409,0.010292,36.8846,1.037441e-05
-0.6375,-1.9625,0.230409,0.0109018,35.471,9.976809e-06
-0.6375,-1.9375,0.230409,0.0115478,40.7518,1.146211e-05
-0.6375,-1.9125,0.230409,0.0122321,49.1098,1.381295e-05
-0.6375,-1.8875,0.230409,0.0129569,60.6547,1.706015e-05
-0.6375,-1.8625,0.230409,0.0137246,53.0604,1.492413e-05
-0.6375,-1.8375,0.230409,0.0145378,53.7555,1.511964e-05
-0.6375,-1.8125,0.230409,0.0153993,48.9988,1.378172e-05
-0.6375,-1.7875,0.230409,0.0163117,67.6549,1.902907e-05
-0.6375,-1.7625,0.230409,0.0172783,55.2646,1.554408e-05
-0.6375,-1.7375,0.230409,0.0183021,46.2842,1.301820e-05
-0.6375,-1.7125,0.230409,0.0193865,47.3626,1.332152e-05
-0.6375,-1.6875,0.230409,0.0205353,45.4015,1.276992e-05
-0.6375,-1.6625,0.230409,0.021752,52.0252,1.463295e-05
-0.6375,-1.6375,0.230409,0.0230409,55.3938,1.558042e-05
-0.6375,-1.6125,0.230409,0.0244062,57.6085,1.620334e-05
-0.6375,-1.5875,0.230409,0.0258523,56.7971,1.597514e-05
-0.6375,-1.5625,0.230409,0.0273842,53.367,1.501036e-05
-0.6375,-1.5375,0.230409,0.0290068,57.3509,1.613090e-05
-0.6375,-1.5125,0.230409,0.0307256,61.7968,1.738138e-05
-0.6375,-1.4875,0.230409,0.0325462,58.0516,1.632799e-05
-0.6375,-1.4625,0.230409,0.0344747,65.4268,1.840238e-05
-0.6375,-1.4375,0.230409,0.0365174,73.7731,2.074993e-05
-0.6375,-1.4125,0.230409,0.0386812,74.4848,2.095009e-05
-0.6375,-1.3875,0.230409,0.0409732,77.296,2.174078e-05
-0.6375,-1.3625,0.230409,0.043401,83.0054,2.334667e-05
-0.6375,-1.3375,0.230409,0.0459727,80.0204,2.250708e-05
-0.6375,-1.3125,0.230409,0.0486968,90.6289,2.549089e-05
-0.6375,-1.2875,0.230409,0.0515822,90.6289,2.549089e-05
-0.6375,-1.2625,0.230409,0.0546387,93.2844,2.623780e-05
-0.6375,-1.2375,0.230409,0.0578762,101.863,2.865064e-05
-0.6375,-1.2125,0.230409,0.0613056,121.318,3.412279e-05
-0.6375,-1.1875,0.230409,0.0649382,114.741,3.227288e-05
-0.6375,-1.1625,0.230409,0.068786,114.505,3.220637e-05
-0.6375,-1.1375,0.230409,0.0728618,106.579,2.997713e-05
-0.6375,-1.1125,0.230409,0.0771792,113.417,3.190040e-05
-0.6375,-1.0875,0.230409,0.0817523,123.053,3.461062e-05
-0.6375,-1.0625,0.230409,0.0865964,105.246,2.960231e-05
-0.6375,-1.0375,0.230409,0.0917276,112.576,3.166386e-05
-0.6375,-1.0125,0.230409,0.0971628,117.56,3.306576e-05
-0.6375,-0.9875,0.230409,0.10292,123.053,3.461062e-05
-0.6375,-0.9625,0.230409,0.109018,118.858,3.343066e-05
-0.6375,-0.9375,0.230409,0.115478,123.053,3.461062e-05
-0.6375,-0.9125,0.230409,0.122321,133.399,3.752064e-05
-0.6375,-0.8875,0.230409,0.129569,145.179,4.083394e-05
-0.6375,-0.8625,0.230409,0.137246,173.226,4.872257e-05
-0.6375,-0.8375,0.230409,0.145378,196.25,5.519869e-05
-0.6375,-0.8125,0.230409,0.153993,231.455,6.510054e-05
-0.6375,-0.7875,0.230409,0.163117,282.062,7.933471e-05
-0.6375,-0.7625,0.230409,0.172783,321.253,9.035764e-05
-0.6375,-0.7375,0.230409,0.183021,371.674,1.045396e-04
-0.6375,-0.7125,0.230409,0.193865,525.298,1.477489e-04
-0.6375,-0.6875,0.230409,0.205353,665.218,1.871037e-04
-0.6375,-0.6625,0.230409,0.21752,930.177,2.616278e-04
-0.6375,-0.6375,0.230409,0.230409,1302.25,3.662795e-04
-0.6375,-0.6125,0.230409,0.244062,1579.18,4.441693e-04
-0.6375,-0.5875,0.230409,0.258523,1838.83,5.172023e-04
-0.6375,-0.5625,0.230409,0.273842,2137.46,6.011957e-04
-0.6375,-0.5375,0.230409,0.290068,2388.47,6.717973e-04
-0.6375,-0.5125,0.230409,0.307256,2607.92,7.335211e-04
-0.6375,-0.4875,0.230409,0.325462,2899.83,8.156265e-04
-0.6375,-0.4625,0.230409,0.344747,2955.21,8.312019e-04
-0.6375,-0.4375,0.230409,0.365174,2784.07,7.830662e-04
-0.6375,-0.4125,0.230409,0.386812,2519.01,7.085137e-04
-0.6375,-0.3875,0.230409,0.409732,2607.92,7.335211e-04
-0.6375,-0.3625,0.230409,0.43401,2668.31,7.505060e-04
-0.6375,-0.3375,0.230409,0.459727,2955.21,8.312019e-04
-0.6375,-0.3125,0.230409,0.486968,2955.21,8.312019e-04
-0.6375,-0.2875,0.230409,0.515822,2955.21,8.312019e-04
-0.6375,-0.2625,0.230409,0.546387,2868.8,8.068991e-04
-0.6375,-0.2375,0.230409,0.578762,2512.56,7.066993e-04
-0.6375,-0.2125,0.230409,0.613056,2127.4,5.983665e-04
-0.6375,-0.1875,0.230409,0.649382,1773.37,4.987886e-04
-0.6375,-0.1625,0.230409,0.68786,1413.39,3.975408e-04
-0.6375,-0.1375,0.230409,0.728618,1127.53,3.171356e-04
-0.6375,-0.1125,0.230409,0.771792,896.955,2.522836e-04
-0.6375,-0.0875,0.230409,0.817523,837.821,2.356512e-04
-0.6375,-0.0625,0.230409,0.865964,714.457,2.009528e-04
-0.6375,-0.0375,0.230409,0.917276,603.665,1.697909e-04
-0.6375,-0.0125,0.230409,0.971628,545.776,1.535087e-04
-0.6375,0.0125,0.230409,1.0292,433.935,1.220513e-04
-0.6375,0.0375,0.230409,1.09018,410.028,1.153272e-04
-0.6375,0.0625,0.230409,1.15478,380.066,1.068998e-04
-0.6375,0.0875,0.230409,1.22321,344.94,9.702011e-05
-0.6375,0.1125,0.230409,1.29569,372.179,1.046814e-04
-0.6375,0.1375,0.230409,1.37246,334.458,9.407184e-05
-0.6375,0.1625,0.230409,1.45378,320.655,9.018962e-05
-0.6375,0.1875,0.230409,1.53993,323.627,9.102560e-05
-0.6375,0.2125,0.230409,1.63117,299.594,8.426584e-05
-0.6375,0.2375,0.230409,1.72783,299.248,8.416848e-05
-0.6375,0.2625,0.230409,1.83021,306.928,8.632852e-05
-0.6375,0.2875,0.230409,1.93865,299.182,8.415000e-05
-0.6375,0.3125,0.230409,2.05353,299.182,8.415000e-05
-0.6375,0.3375,0.230409,2.1752,305.564,8.594483e-05
-0.6375,0.3625,0.230409,2.30409,294.322,8.278300e-05
-0.6375,0.3875,0.230409,2.44062,264.023,7.426090e-05
-0.6375,0.4125,0.230409,2.58523,248.908,7.000964e-05
-0.6375,0.4375,0.230409,2.73842,231.455,6.510054e-05
-0.6375,0.4625,0.230409,2.90068,226.643,6.374708e-05
-0.6375,0.4875,0.230409,3.07256,245.683,6.910232e-05
-0.6375,0.5125,0.230409,3.25462,207.83,5.845579e-05
-0.6375,0.5375,0.230409,3.44747,183.757,5.168478e-05
-0.6375,0.5625,0.230409,3.65174,180.452,5.075519e-05
-0.6375,0.5875,0.230409,3.86812,171.695,4.829212e-05
-0.6375,0.6125,0.230409,4.09732,169.803,4.776005e-05
-0.6375,0.6375,0.230409,4.3401,165.031,4.641763e-05
-0.6375,0.6625,0.230409,4.59727,139.439,3.921961e-05
-0.6375,0.6875,0.230409,4.86968,128.633,3.618020e-05
-0.6375,0.7125,0.230409,5.15822,119.728,3.367562e-05
-0.6375,0.7375,0.230409,5.46387,94.8905,2.668955e-05
-0.6375,0.7625,0.230409,5.78762,70.4909,1.982674e-05
-0.6375,0.7875,0.230409,6.13056,54.2153,1.524895e-05
-0.6375,0.8125,0.230409,6.49382,35.1286,9.880508e-06
-0.6375,0.8375,0.230409,6.8786,22.4833,6.323805e-06
-0.6375,0.8625,0.230409,7.28618,21.0145,5.910685e-06
-0.6375,0.8875,0.230409,7.71792,14.9368,4.201237e-06
-0.6375,0.9125,0.230409,8.17523,13.3848,3.764701e-06
-0.6375,0.9375,0.230409,8.65964,6.42281,1.806524e-06
-0.6375,0.9625,0.230409,9.17276,4.69408,1.320288e-06
-0.6375,0.9875,0.230409,9.71628,3.3198,9.337486e-07
-0.6375,1.0125,0.230409,10.292,2.06774,5.815855e-07
-0.6375,1.0375,0.230409,10.9018,0.300714,8.458088e-08
-0.6375,1.0625,0.230409,11.5478,0.155207,4.365465e-08
-0.6375,1.0875,0.230409,12.2321,0.141513,3.980277e-08
-0.6125,-1.9875,0.244062,0.010292,52.0513,1.464031e-05
-0.6125,-1.9625,0.244062,0.0109018,54.1958,1.524346e-05
-0.6125,-1.9375,0.244062,0.0115478,56.0291,1.575912e-05
-0.6125,-1.9125,0.244062,0.0122321,47.4339,1.334159e-05
-0.6125,-1.8875,0.244062,0.0129569,37.2346,1.047286e-05
-0.6125,-1.8625,0.244062,0.0137246,49.2345,1.384803e-05
-0.6125,-1.8375,0.244062,0.0145378,49.2345,1.384803e-05
-0.6125,-1.8125,0.244062,0.0153993,43.7174,1.229624e-05
-0.6125,-1.7875,0.244062,0.0163117,51.9586,1.461422e-05
-0.6125,-1.7625,0.244062,0.0172783,46.5568,1.309488e-05
-0.6125,-1.7375,0.244062,0.0183021,49.2115,1.384156e-05
-0.6125,-1.7125,0.244062,0.0193865,36.8846,1.037441e-05
-0.6125,-1.6875,0.244062,0.0205353,43.6541,1.227843e-05
-0.6125,-1.6625,0.244062,0.021752,46.7185,1.314037e-05
-0.6125,-1.6375,0.244062,0.0230409,40.5178,1.139631e-05
-0.6125,-1.6125,0.244062,0.0244062,50.7164,1.426483e-05
-0.6125,-1.5875,0.244062,0.0258523,46.7172,1.313999e-05
-0.6125,-1.5625,0.244062,0.0273842,53.0619,1.492454e-05
-0.6125,-1.5375,0.244062,0.0290068,64.9882,1.827900e-05
-0.6125,-1.5125,0.244062,0.0307256,64.9882,1.827900e-05
-0.6125,-1.4875,0.244062,0.0325462,83.8091,2.357270e-05
-0.6125,-1.4625,0.244062,0.0344747,79.1399,2.225943e-05
-0.6125,-1.4375,0.244062,0.0365174,72.6137,2.042382e-05
-0.6125,-1.4125,0.244062,0.0386812,65.0329,1.829158e-05
-0.6125,-1.3875,0.244062,0.0409732,74.5569,2.097036e-05
-0.6125,-1.3625,0.244062,0.043401,79.1399,2.225943e-05
-0.6125,-1.3375,0.244062,0.0459727,78.2566,2.201099e-05
-0.6125,-1.3125,0.244062,0.0486968,87.9746,2.474431e-05
-0.6125,-1.2875,0.244062,0.0515822,96.3734,2.710663e-05
-0.6125,-1.2625,0.244062,0.0546387,91.271,2.567150e-05
-0.6125,-1.2375,0.244062,0.0578762,88.426,2.487130e-05
-0.6125,-1.2125,0.244062,0.0613056,106.227,2.987806e-05
-0.6125,-1.1875,0.244062,0.0649382,114.505,3.220637e-05
-0.6125,-1.1625,0.244062,0.068786,114.505,3.220637e-05
-0.6125,-1.1375,0.244062,0.0728618,113.093,3.180938e-05
-0.6125,-1.1125,0.244062,0.0771792,101.675,2.859785e-05
-0.6125,-1.0875,0.244062,0.0817523,96.3734,2.710663e-05
-0.6125,-1.0625,0.244062,0.0865964,99.5943,2.801256e-05
-0.6125,-1.0375,0.244062,0.0917276,118.244,3.325802e-05
-0.6125,-1.0125,0.244062,0.0971628,121.746,3.424317e-05
-0.6125,-0.9875,0.244062,0.10292,132.72,3.732984e-05
-0.6125,-0.9625,0.244062,0.109018,114.505,3.220637e-05
-0.6125,-0.9375,0.244062,0.115478,106.175,2.986346e-05
-0.6125,-0.9125,0.244062,0.122321,109.164,3.070409e-05
-0.6125,-0.8875,0.244062,0.129569,114.662,3.225071e-05
-0.6125,-0.8625,0.244062,0.137246,123.92,3.485460e-05
-0.6125,-0.8375,0.244062,0.145378,150.788,4.241164e-05
-0.6125,-0.8125,0.244062,0.153993,192.558,5.416022e-05
-0.6125,-0.7875,0.244062,0.163117,233.013,6.553891e-05
-0.6125,-0.7625,0.244062,0.172783,246.19,6.924501e-05
-0.6125,-0.7375,0.244062,0.183021,265.678,7.472645e-05
-0.6125,-0.7125,0.244062,0.193865,345.441,9.716118e-05
-0.6125,-0.6875,0.244062,0.205353,485.145,1.364551e-04
-0.6125,-0.6625,0.244062,0.21752,580.872,1.633800e-04
-0.6125,-0.6375,0.244062,0.230409,982.373,2.763089e-04
-0.6125,-0.6125,0.244062,0.244062,1263.75,3.554501e-04
-0.6125,-0.5875,0.244062,0.258523,1630.69,4.586582e-04
-0.6125,-0.5625,0.244062,0.273842,1680.72,4.727299e-04
-0.6125,-0.5375,0.244062,0.290068,1847.84,5.197349e-04
-0.6125,-0.5125,0.244062,0.307256,2213.9,6.226958e-04
-0.6125,-0.4875,0.244062,0.325462,2430.94,6.837411e-04
-0.6125,-0.4625,0.244062,0.344747,2872.15,8.078388e-04
-0.6125,-0.4375,0.244062,0.365174,2955.21,8.312019e-04
-0.6125,-0.4125,0.244062,0.386812,2607.92,7.335211e-04
-0.6125,-0.3875,0.244062,0.409732,2426.76,6.825666e-04
-0.6125,-0.3625,0.244062,0.43401,2427.59,6.828015e-04
-0.6125,-0.3375,0.244062,0.459727,2431.77,6.839760e-04
-0.6125,-0.3125,0.244062,0.486968,2784.91,7.833011e-04
-0.6125,-0.2875,0.244062,0.515822,2955.21,8.312019e-04
-0.6125,-0.2625,0.244062,0.546387,2955.21,8.312019e-04
-0.6125,-0.2375,0.244062,0.578762,2955.21,8.312019e-04
-0.6125,-0.2125,0.244062,0.613056,2519.85,7.087486e-04
-0.6125,-0.1875,0.244062,0.649382,2323.76,6.535957e-04
-0.6125,-0.1625,0.244062,0.68786,1943.68,5.466919e-04
-0.6125,-0.1375,0.244062,0.728618,1506.09,4.236128e-04
-0.6125,-0.1125,0.244062,0.771792,1345.07,3.783225e-04
-0.6125,-0.0875,0.244062,0.817523,1162.28,3.269104e-04
-0.6125,-0.0625,0.244062,0.865964,1072.43,3.016394e-04
-0.6125,-0.0375,0.244062,0.917276,845.145,2.377112e-04
-0.6125,-0.0125,0.244062,0.971628,713.147,2.005845e-04
-0.6125,0.0125,0.244062,1.0292,533.887,1.501647e-04
-0.6125,0.0375,0.244062,1.09018,512.322,1.440992e-04
-0.6125,0.0625,0.244062,1.15478,512.322,1.440992e-04
-0.6125,0.0875,0.244062,1.22321,460.103,1.294117e-04
-0.6125,0.1125,0.244062,1.29569,432.876,1.217536e-04
-0.6125,0.1375,0.244062,1.37246,432.876,1.217536e-04
-0.6125,0.1625,0.244062,1.45378,387.932,1.091124e-04
-0.6125,0.1875,0.244062,1.53993,364.332,1.024745e-04
-0.6125,0.2125,0.244062,1.63117,355.798,1.000742e-04
-0.6125,0.2375,0.244062,1.72783,336.406,9.461985e-05
-0.6125,0.2625,0.244062,1.83021,299.182,8.415000e-05
-0.6125,0.2875,0.244062,1.93865,299.182,8.415000e-05
-0.6125,0.3125,0.244062,2.05353,299.182,8.415000e-05
-0.6125,0.3375,0.244062,2.1752,276.834,7.786407e-05
-0.6125,0.3625,0.244062,2.30409,264.277,7.433224e-05
-0.6125,0.3875,0.244062,2.44062,299.182,8.415000e-05
-0.6125,0.4125,0.244062,2.58523,255.106,7.175295e-05
-0.6125,0.4375,0.244062,2.73842,245.683,6.910232e-05
-0.6125,0.4625,0.244062,2.90068,245.683,6.910232e-05
-0.6125,0.4875,0.244062,3.07256,245.683,6.910232e-05
-0.6125,0.5125,0.244062,3.25462,209.488,5.892211e-05
-0.6125,0.5375,0.244062,3.44747,201.75,5.674546e-05
-0.6125,0.5625,0.244062,3.65174,183.64,5.165190e-05
-0.6125,0.5875,0.244062,3.86812,169.803,4.776005e-05
-0.6125,0.6125,0.244062,4.09732,169.803,4.776005e-05
-0.6125,0.6375,0.244062,4.3401,164.743,4.633665e-05
-0.6125,0.6625,0.244062,4.59727,141.868,3.990263e-05
-0.6125,0.6875,0.244062,4.86968,149.849,4.214741e-05
-0.6125,0.7125,0.244062,5.15822,106.004,2.981533e-05
-0.6125,0.7375,0.244062,5.46387,82.2845,2.314390e-05
-0.6125,0.7625,0.244062,5.78762,85.0478,2.392112e-05
-0.6125,0.7875,0.244062,6.13056,63.8948,1.797149e-05
-0.6125,0.8125,0.244062,6.49382,43.9572,1.236370e-05
-0.6125,0.8375,0.244062,6.8786,34.2832,9.642734e-06
-0.6125,0.8625,0.244062,7.28618,24.7088,6.949768e-06
-0.6125,0.8875,0.244062,7.71792,16.9015,4.753833e-06
-0.6125,0.9125,0.244062,8.17523,19.7394,5.552031e-06
-0.6125,0.9375,0.244062,8.65964,9.06683,2.550196e-06
-0.6125,0.9625,0.244062,9.17276,5.96138,1.676737e-06
-0.6125,0.9875,0.244062,9.71628,5.31403,1.494660e-06
-0.6125,1.0125,0.244062,10.292,1.42666,4.012706e-07
-0.6125,1.0375,0.244062,10.9018,0.790449,2.223269e-07
-0.5875,-1.9875,0.258523,0.010292,45.0093,1.265962e-05
-0.5875,-1.9625,0.258523,0.0109018,43.9589,1.236418e-05
-0.5875,-1.9375,0.258523,0.0115478,39.2206,1.103146e-05
-0.5875,-1.9125,0.258523,0.0122321,43.3473,1.219216e-05
-0.5875,-1.8875,0.258523,0.0129569,41.2617,1.160553e-05
-0.5875,-1.8625,0.258523,0.0137246,43.675,1.228433e-05
-0.5875,-1.8375,0.258523,0.0145378,43.6497,1.227719e-05
-0.5875,-1.8125,0.258523,0.0153993,44.3162,1.246468e-05
-0.5875,-1.7875,0.258523,0.0163117,47.3721,1.332419e-05
-0.5875,-1.7625,0.258523,0.0172783,47.2931,1.330198e-05
-0.5875,-1.7375,0.258523,0.0183021,42.7266,1.201756e-05
-0.5875,-1.7125,0.258523,0.0193865,47.5885,1.338506e-05
-0.5875,-1.6875,0.258523,0.0205353,42.5369,1.196420e-05
-0.5875,-1.6625,0.258523,0.021752,48.7541,1.371292e-05
-0.5875,-1.6375,0.258523,0.0230409,51.1433,1.438491e-05
-0.5875,-1.6125,0.258523,0.0244062,52.8528,1.486573e-05
-0.5875,-1.5875,0.258523,0.0258523,47.1155,1.325201e-05
-0.5875,-1.5625,0.258523,0.0273842,54.7317,1.539420e-05
-0.5875,-1.5375,0.258523,0.0290068,53.8777,1.515400e-05
-0.5875,-1.5125,0.258523,0.0307256,52.2371,1.469254e-05
-0.5875,-1.4875,0.258523,0.0325462,66.3048,1.864933e-05
-0.5875,-1.4625,0.258523,0.0344747,70.515,1.983352e-05
-0.5875,-1.4375,0.258523,0.0365174,72.4957,2.039061e-05
-0.5875,-1.4125,0.258523,0.0386812,66.9161,1.882127e-05
-0.5875,-1.3875,0.258523,0.0409732,74.6232,2.098903e-05
-0.5875,-1.3625,0.258523,0.043401,58.7146,1.651445e-05
-0.5875,-1.3375,0.258523,0.0459727,70.6592,1.987407e-05
-0.5875,-1.3125,0.258523,0.0486968,70.7409,1.989705e-05
-0.5875,-1.2875,0.258523,0.0515822,59.5811,1.675817e-05
-0.5875,-1.2625,0.258523,0.0546387,65.1,1.831046e-05
-0.5875,-1.2375,0.258523,0.0578762,70.2473,1.975823e-05
-0.5875,-1.2125,0.258523,0.0613056,72.3999,2.036368e-05
-0.5875,-1.1875,0.258523,0.0649382,59.5595,1.675210e-05
-0.5875,-1.1625,0.258523,0.068786,66.5229,1.871068e-05
-0.5875,-1.1375,0.258523,0.0728618,69.9827,1.968381e-05
-0.5875,-1.1125,0.258523,0.0771792,64.9512,1.826862e-05
-0.5875,-1.0875,0.258523,0.0817523,73.1422,2.057246e-05
-0.5875,-1.0625,0.258523,0.0865964,88.5077,2.489428e-05
-0.5875,-1.0375,0.258523,0.0917276,82.7692,2.328021e-05
-0.5875,-1.0125,0.258523,0.0971628,96.4729,2.713461e-05
-0.5875,-0.9875,0.258523,0.10292,111.851,3.145989e-05
-0.5875,-0.9625,0.258523,0.109018,116.79,3.284909e-05
-0.5875,-0.9375,0.258523,0.115478,117.964,3.317943e-05
-0.5875,-0.9125,0.258523,0.122321,115.758,3.255875e-05
-0.5875,-0.8875,0.258523,0.129569,116.048,3.264033e-05
-0.5875,-0.8625,0.258523,0.137246,128.515,3.614695e-05
-0.5875,-0.8375,0.258523,0.145378,139.535,3.924661e-05
-0.5875,-0.8125,0.258523,0.153993,154.162,4.336058e-05
-0.5875,-0.7875,0.258523,0.163117,170.485,4.795170e-05
-0.5875,-0.7625,0.258523,0.172783,221.628,6.233644e-05
-0.5875,-0.7375,0.258523,0.183021,249.814,7.026433e-05
-0.5875,-0.7125,0.258523,0.193865,270.798,7.616632e-05
-0.5875,-0.6875,0.258523,0.205353,326.594,9.186005e-05
-0.5875,-0.6625,0.258523,0.21752,425.213,1.195981e-04
-0.5875,-0.6375,0.258523,0.230409,611.274,1.719311e-04
-0.5875,-0.6125,0.258523,0.244062,775.795,2.182054e-04
-0.5875,-0.5875,0.258523,0.258523,1060.67,2.983320e-04
-0.5875,-0.5625,0.258523,0.273842,1352.92,3.805319e-04
-0.5875,-0.5375,0.258523,0.290068,1579.01,4.441231e-04
-0.5875,-0.5125,0.258523,0.307256,1754.64,4.935216e-04
-0.5875,-0.4875,0.258523,0.325462,2228.45,6.267878e-04
-0.5875,-0.4625,0.258523,0.344747,2408.2,6.773460e-04
-0.5875,-0.4375,0.258523,0.365174,2431.77,6.839760e-04
-0.5875,-0.4125,0.258523,0.386812,2428.43,6.830364e-04
-0.5875,-0.3875,0.258523,0.409732,2426.76,6.825666e-04
-0.5875,-0.3625,0.258523,0.43401,2426.76,6.825666e-04
-0.5875,-0.3375,0.258523,0.459727,2426.76,6.825666e-04
-0.5875,-0.3125,0.258523,0.486968,2430.1,6.835062e-04
-0.5875,-0.2875,0.258523,0.515822,2434.28,6.846807e-04
-0.5875,-0.2625,0.258523,0.546387,2784.07,7.830662e-04
-0.5875,-0.2375,0.258523,0.578762,2841.95,7.993463e-04
-0.5875,-0.2125,0.258523,0.613056,2955.21,8.312019e-04
-0.5875,-0.1875,0.258523,0.649382,2637.28,7.417786e-04
-0.5875,-0.1625,0.258523,0.68786,2358.55,6.633812e-04
-0.5875,-0.1375,0.258523,0.728618,2210.95,6.218659e-04
-0.5875,-0.1125,0.258523,0.771792,1793.04,5.043225e-04
-0.5875,-0.0875,0.258523,0.817523,1483.59,4.172851e-04
-0.5875,-0.0625,0.258523,0.865964,1351.52,3.801373e-04
-0.5875,-0.0375,0.258523,0.917276,1099.09,3.091377e-04
-0.5875,-0.0125,0.258523,0.971628,920.641,2.589455e-04
-0.5875,0.0125,0.258523,1.0292,793.909,2.233002e-04
-0.5875,0.0375,0.258523,1.09018,719.586,2.023957e-04
-0.5875,0.0625,0.258523,1.15478,613.041,1.724279e-04
-0.5875,0.0875,0.258523,1.22321,584.228,1.643239e-04
-0.5875,0.1125,0.258523,1.29569,512.685,1.442013e-04
-0.5875,0.1375,0.258523,1.37246,494.44,1.390696e-04
-0.5875,0.1625,0.258523,1.45378,438.709,1.233942e-04
-0.5875,0.1875,0.258523,1.53993,441.476,1.241726e-04
-0.5875,0.2125,0.258523,1.63117,414.463,1.165746e-04
-0.5875,0.2375,0.258523,1.72783,398.151,1.119867e-04
-0.5875,0.2625,0.258523,1.83021,369.574,1.039489e-04
-0.5875,0.2875,0.258523,1.93865,318.103,8.947181e-05
-0.5875,0.3125,0.258523,2.05353,299.182,8.415000e-05
-0.5875,0.3375,0.258523,2.1752,299.182,8.415000e-05
-0.5875,0.3625,0.258523,2.30409,281.856,7.927679e-05
-0.5875,0.3875,0.258523,2.44062,287.716,8.092498e-05
-0.5875,0.4125,0.258523,2.58523,293.576,8.257316e-05
-0.5875,0.4375,0.258523,2.73842,267.164,7.514445e-05
-0.5875,0.4625,0.258523,2.90068,264.108,7.428468e-05
-0.5875,0.4875,0.258523,3.07256,209.766,5.900022e-05
-0.5875,0.5125,0.258523,3.25462,209.419,5.890258e-05
-0.5875,0.5375,0.258523,3.44747,200.092,5.627914e-05
-0.5875,0.5625,0.258523,3.65174,193.109,5.431526e-05
-0.5875,0.5875,0.258523,3.86812,180.091,5.065352e-05
-0.5875,0.6125,0.258523,4.09732,166.093,4.671654e-05
-0.5875,0.6375,0.258523,4.3401,139.679,3.928710e-05
-0.5875,0.6625,0.258523,4.59727,130.177,3.661441e-05
-0.5875,0.6875,0.258523,4.86968,123.053,3.461062e-05
-0.5875,0.7125,0.258523,5.15822,109.601,3.082709e-05
-0.5875,0.7375,0.258523,5.46387,106.745,3.002378e-05
-0.5875,0.7625,0.258523,5.78762,85.0478,2.392112e-05
-0.5875,0.7875,0.258523,6.13056,69.8396,1.964356e-05
-0.5875,0.8125,0.258523,6.49382,57.3142,1.612057e-05
-0.5875,0.8375,0.258523,6.8786,43.184,1.214623e-05
-0.5875,0.8625,0.258523,7.28618,27.5504,7.749013e-06
-0.5875,0.8875,0.258523,7.71792,19.6603,5.529781e-06
-0.5875,0.9125,0.258523,8.17523,14.5536,4.093455e-06
-0.5875,0.9375,0.258523,8.65964,9.86364,2.774313e-06
-0.5875,0.9625,0.258523,9.17276,9.03437,2.541067e-06
-0.5875,0.9875,0.258523,9.71628,4.29143,1.207035e-06
-0.5875,1.0125,0.258523,10.292,0.71919,2.022841e-07
-0.5875,1.0375,0.258523,10.9018,0.776037,2.182732e-07
-0.5875,1.0625,0.258523,11.5478,0.400952,1.127745e-07
-0.5875,1.0875,0.258523,12.2321,0.103102,2.899916e-08
-0.5625,-1.9875,0.273842,0.010292,27.0566,7.610112e-06
-0.5625,-1.9625,0.273842,0.0109018,28.8783,8.122511e-06
-0.5625,-1.9375,0.273842,0.0115478,31.6313,8.896818e-06
-0.5625,-1.9125,0.273842,0.0122321,30.9066,8.692986e-06
-0.5625,-1.8875,0.273842,0.0129569,29.0956,8.183610e-06
-0.5625,-1.8625,0.273842,0.0137246,34.4298,9.683964e-06
-0.5625,-1.8375,0.273842,0.0145378,38.2486,1.075807e-05
-0.5625,-1.8125,0.273842,0.0153993,35.2869,9.925015e-06
-0.5625,-1.7875,0.273842,0.0163117,34.8349,9.797901e-06
-0.5625,-1.7625,0.273842,0.0172783,34.8816,9.811026e-06
-0.5625,-1.7375,0.273842,0.0183021,34.7486,9.773614e-06
-0.5625,-1.7125,0.273842,0.0193865,33.135,9.319760e-06
-0.5625,-1.6875,0.273842,0.0205353,36.3916,1.023575e-05
-0.5625,-1.6625,0.273842,0.021752,38.8695,1.093268e-05
-0.5625,-1.6375,0.273842,0.0230409,41.052,1.154656e-05
-0.5625,-1.6125,0.273842,0.0244062,35.8651,1.008766e-05
-0.5625,-1.5875,0.273842,0.0258523,41.9545,1.180040e-05
-0.5625,-1.5625,0.273842,0.0273842,47.1378,1.325829e-05
-0.5625,-1.5375,0.273842,0.0290068,47.5911,1.338579e-05
-0.5625,-1.5125,0.273842,0.0307256,43.3477,1.219225e-05
-0.5625,-1.4875,0.273842,0.0325462,41.8926,1.178298e-05
-0.5625,-1.4625,0.273842,0.0344747,34.804,9.789205e-06
-0.5625,-1.4375,0.273842,0.0365174,31.2207,8.781349e-06
-0.5625,-1.4125,0.273842,0.0386812,35.2273,9.908272e-06
-0.5625,-1.3875,0.273842,0.0409732,30.6074,8.608841e-06
-0.5625,-1.3625,0.273842,0.043401,27.539,7.745808e-06
-0.5625,-1.3375,0.273842,0.0459727,39.0809,1.099215e-05
-0.5625,-1.3125,0.273842,0.0486968,36.5787,1.028837e-05
-0.5625,-1.2875,0.273842,0.0515822,36.964,1.039675e-05
-0.5625,-1.2625,0.273842,0.0546387,52.9073,1.488107e-05
-0.5625,-1.2375,0.273842,0.0578762,51.5292,1.449344e-05
-0.5625,-1.2125,0.273842,0.0613056,50.5549,1.421942e-05
-0.5625,-1.1875,0.273842,0.0649382,51.3566,1.444490e-05
-0.5625,-1.1625,0.273842,0.068786,59.1381,1.663357e-05
-0.5625,-1.1375,0.273842,0.0728618,64.6237,1.817650e-05
-0.5625,-1.1125,0.273842,0.0771792,56.0229,1.575739e-05
-0.5625,-1.0875,0.273842,0.0817523,70.3877,1.979771e-05
-0.5625,-1.0625,0.273842,0.0865964,68.8135,1.935495e-05
-0.5625,-1.0375,0.273842,0.0917276,75.777,2.131354e-05
-0.5625,-1.0125,0.273842,0.0971628,84.0912,2.365204e-05
-0.5625,-0.9875,0.273842,0.10292,99.2999,2.792975e-05
-0.5625,-0.9625,0.273842,0.109018,103.219,2.903216e-05
-0.5625,-0.9375,0.273842,0.115478,106.579,2.997713e-05
-0.5625,-0.9125,0.273842,0.122321,120.282,3.383137e-05
-0.5625,-0.8875,0.273842,0.129569,116.087,3.265142e-05
-0.5625,-0.8625,0.273842,0.137246,117.56,3.306576e-05
-0.5625,-0.8375,0.273842,0.145378,115.539,3.249737e-05
-0.5625,-0.8125,0.273842,0.153993,123.053,3.461062e-05
-0.5625,-0.7875,0.273842,0.163117,129.896,3.653549e-05
-0.5625,-0.7625,0.273842,0.172783,136.07,3.827197e-05
-0.5625,-0.7375,0.273842,0.183021,185.648,5.221654e-05
-0.5625,-0.7125,0.273842,0.193865,183.149,5.151361e-05
-0.5625,-0.6875,0.273842,0.205353,242.432,6.818798e-05
-0.5625,-0.6625,0.273842,0.21752,295.748,8.318416e-05
-0.5625,-0.6375,0.273842,0.230409,384.173,1.080549e-04
-0.5625,-0.6125,0.273842,0.244062,463.474,1.303599e-04
-0.5625,-0.5875,0.273842,0.258523,720.765,2.027271e-04
-0.5625,-0.5625,0.273842,0.273842,935.245,2.630533e-04
-0.5625,-0.5375,0.273842,0.290068,1154.1,3.246097e-04
-0.5625,-0.5125,0.273842,0.307256,1354.95,3.811033e-04
-0.5625,-0.4875,0.273842,0.325462,1568.96,4.412949e-04
-0.5625,-0.4625,0.273842,0.344747,1928.07,5.423021e-04
-0.5625,-0.4375,0.273842,0.365174,2188.42,6.155291e-04
-0.5625,-0.4125,0.273842,0.386812,2426.76,6.825666e-04
-0.5625,-0.3875,0.273842,0.409732,2426.76,6.825666e-04
-0.5625,-0.3625,0.273842,0.43401,2426.76,6.825666e-04
-0.5625,-0.3375,0.273842,0.459727,2426.76,6.825666e-04
-0.5625,-0.3125,0.273842,0.486968,2426.76,6.825666e-04
-0.5625,-0.2875,0.273842,0.515822,2426.76,6.825666e-04
-0.5625,-0.2625,0.273842,0.546387,2426.76,6.825666e-04
-0.5625,-0.2375,0.273842,0.578762,2607.92,7.335211e-04
-0.5625,-0.2125,0.273842,0.613056,2955.21,8.312019e-04
-0.5625,-0.1875,0.273842,0.649382,2927.52,8.234142e-04
-0.5625,-0.1625,0.273842,0.68786,2723.68,7.660814e-04
-0.5625,-0.1375,0.273842,0.728618,2426.76,6.825666e-04
-0.5625,-0.1125,0.273842,0.771792,2262.12,6.362576e-04
-0.5625,-0.0875,0.273842,0.817523,1921.31,5.404008e-04
-0.5625,-0.0625,0.273842,0.865964,1713.38,4.819159e-04
-0.5625,-0.0375,0.273842,0.917276,1414.88,3.979595e-04
-0.5625,-0.0125,0.273842,0.971628,1295.23,3.643051e-04
-0.5625,0.0125,0.273842,1.0292,1044.34,2.937389e-04
-0.5625,0.0375,0.273842,1.09018,856.863,2.410070e-04
-0.5625,0.0625,0.273842,1.15478,776.949,2.185300e-04
-0.5625,0.0875,0.273842,1.22321,673.876,1.895388e-04
-0.5625,0.1125,0.273842,1.29569,604.028,1.698930e-04
-0.5625,0.1375,0.273842,1.37246,603.665,1.697909e-04
-0.5625,0.1625,0.273842,1.45378,525.316,1.477538e-04
-0.5625,0.1875,0.273842,1.53993,506.788,1.425425e-04
-0.5625,0.2125,0.273842,1.63117,414.432,1.165659e-04
-0.5625,0.2375,0.273842,1.72783,414.087,1.164688e-04
-0.5625,0.2625,0.273842,1.83021,410.78,1.155388e-04
-0.5625,0.2875,0.273842,1.93865,344.94,9.702011e-05
-0.5625,0.3125,0.273842,2.05353,332.375,9.348599e-05
-0.5625,0.3375,0.273842,2.1752,332.375,9.348599e-05
-0.5625,0.3625,0.273842,2.30409,332.375,9.348599e-05
-0.5625,0.3875,0.273842,2.44062,305.126,8.582184e-05
-0.5625,0.4125,0.273842,2.58523,270.39,7.605177e-05
-0.5625,0.4375,0.273842,2.73842,272.94,7.676885e-05
-0.5625,0.4625,0.273842,2.90068,245.683,6.910232e-05
-0.5625,0.4875,0.273842,3.07256,233.618,6.570891e-05
-0.5625,0.5125,0.273842,3.25462,234.034,6.582609e-05
-0.5625,0.5375,0.273842,3.44747,200.092,5.627914e-05
-0.5625,0.5625,0.273842,3.65174,192.281,5.408210e-05
-0.5625,0.5875,0.273842,3.86812,201.75,5.674546e-05
-0.5625,0.6125,0.273842,4.09732,170.706,4.801382e-05
-0.5625,0.6375,0.273842,4.3401,139.439,3.921961e-05
-0.5625,0.6625,0.273842,4.59727,130.177,3.661441e-05
-0.5625,0.6875,0.273842,4.86968,131.364,3.694837e-05
-0.5625,0.7125,0.273842,5.15822,109.288,3.073910e-05
-0.5625,0.7375,0.273842,5.46387,112.086,3.152606e-05
-0.5625,0.7625,0.273842,5.78762,89.942,2.529768e-05
-0.5625,0.7875,0.273842,6.13056,62.1927,1.749272e-05
-0.5625,0.8125,0.273842,6.49382,51.6998,1.454144e-05
-0.5625,0.8375,0.273842,6.8786,43.2967,1.217791e-05
-0.5625,0.8625,0.273842,7.28618,32.55,9.155231e-06
-0.5625,0.8875,0.273842,7.71792,20.3006,5.709873e-06
-0.5625,0.9125,0.273842,8.17523,16.577,4.662544e-06
-0.5625,0.9375,0.273842,8.65964,12.0222,3.381441e-06
-0.5625,0.9625,0.273842,9.17276,9.6708,2.720072e-06
-0.5625,0.9875,0.273842,9.71628,5.75999,1.620093e-06
-0.5625,1.0125,0.273842,10.292,1.72965,4.864926e-07
-0.5625,1.0375,0.273842,10.9018,0.990588,2.786194e-07
-0.5625,1.0625,0.273842,11.5478,0.990588,2.786194e-07
-0.5625,1.0875,0.273842,12.2321,0.141513,3.980277e-08
-0.5375,-1.9875,0.290068,0.010292,15.1414,4.258760e-06
-0.5375,-1.9625,0.290068,0.0109018,16.2235,4.563143e-06
-0.5375,-1.9375,0.290068,0.0115478,21.1327,5.943936e-06
-0.5375,-1.9125,0.290068,0.0122321,23.1956,6.524160e-06
-0.5375,-1.8875,0.290068,0.0129569,22.2713,6.264178e-06
-0.5375,-1.8625,0.290068,0.0137246,24.3013,6.835153e-06
-0.5375,-1.8375,0.290068,0.0145378,26.9074,7.568151e-06
-0.5375,-1.8125,0.290068,0.0153993,25.5452,7.185013e-06
-0.5375,-1.7875,0.290068,0.0163117,22.2758,6.265442e-06
-0.5375,-1.7625,0.290068,0.0172783,26.5178,7.458562e-06
-0.5375,-1.7375,0.290068,0.0183021,30.859,8.679620e-06
-0.5375,-1.7125,0.290068,0.0193865,36.0882,1.015039e-05
-0.5375,-1.6875,0.290068,0.0205353,27.0661,7.612804e-06
-0.5375,-1.6625,0.290068,0.021752,29.8363,8.391970e-06
-0.5375,-1.6375,0.290068,0.0230409,32.55,9.155231e-06
-0.5375,-1.6125,0.290068,0.0244062,29.6992,8.353402e-06
-0.5375,-1.5875,0.290068,0.0258523,33.3205,9.371947e-06
-0.5375,-1.5625,0.290068,0.0273842,31.4295,8.840073e-06
-0.5375,-1.5375,0.290068,0.0290068,26.9074,7.568151e-06
-0.5375,-1.5125,0.290068,0.0307256,26.9074,7.568151e-06
-0.5375,-1.4875,0.290068,0.0325462,23.0113,6.472314e-06
-0.5375,-1.4625,0.290068,0.0344747,18.2289,5.127187e-06
-0.5375,-1.4375,0.290068,0.0365174,21.3561,6.006746e-06
-0.5375,-1.4125,0.290068,0.0386812,21.0592,5.923259e-06
-0.5375,-1.3875,0.290068,0.0409732,18.5009,5.203685e-06
-0.5375,-1.3625,0.290068,0.043401,17.829,5.014714e-06
-0.5375,-1.3375,0.290068,0.0459727,25.3305,7.124632e-06
-0.5375,-1.3125,0.290068,0.0486968,22.8875,6.437499e-06
-0.5375,-1.2875,0.290068,0.0515822,22.3188,6.277535e-06
-0.5375,-1.2625,0.290068,0.0546387,31.677,8.909678e-06
-0.5375,-1.2375,0.290068,0.0578762,40.109,1.128132e-05
-0.5375,-1.2125,0.290068,0.0613056,45.0581,1.267333e-05
-0.5375,-1.1875,0.290068,0.0649382,39.854,1.120961e-05
-0.5375,-1.1625,0.290068,0.068786,43.8424,1.233140e-05
-0.5375,-1.1375,0.290068,0.0728618,54.791,1.541089e-05
-0.5375,-1.1125,0.290068,0.0771792,54.7317,1.539420e-05
-0.5375,-1.0875,0.290068,0.0817523,61.282,1.723657e-05
-0.5375,-1.0625,0.290068,0.0865964,56.078,1.577288e-05
-0.5375,-1.0375,0.290068,0.0917276,69.2071,1.946565e-05
-0.5375,-1.0125,0.290068,0.0971628,72.5504,2.040601e-05
-0.5375,-0.9875,0.290068,0.10292,68.9228,1.938568e-05
-0.5375,-0.9625,0.290068,0.109018,72.7276,2.045584e-05
-0.5375,-0.9375,0.290068,0.115478,71.7203,2.017252e-05
-0.5375,-0.9125,0.290068,0.122321,75.6831,2.128714e-05
-0.5375,-0.8875,0.290068,0.129569,85.369,2.401144e-05
-0.5375,-0.8625,0.290068,0.137246,74.7642,2.102869e-05
-0.5375,-0.8375,0.290068,0.145378,78.4065,2.205314e-05
-0.5375,-0.8125,0.290068,0.153993,97.4355,2.740535e-05
-0.5375,-0.7875,0.290068,0.163117,94.0456,2.645189e-05
-0.5375,-0.7625,0.290068,0.172783,102.448,2.881522e-05
-0.5375,-0.7375,0.290068,0.183021,121.153,3.407641e-05
-0.5375,-0.7125,0.290068,0.193865,145.062,4.080107e-05
-0.5375,-0.6875,0.290068,0.205353,158.141,4.447966e-05
-0.5375,-0.6625,0.290068,0.21752,190.097,5.346789e-05
-0.5375,-0.6375,0.290068,0.230409,261.757,7.362349e-05
-0.5375,-0.6125,0.290068,0.244062,316.958,8.914976e-05
-0.5375,-0.5875,0.290068,0.258523,480.201,1.350644e-04
-0.5375,-0.5625,0.290068,0.273842,638.14,1.794875e-04
-0.5375,-0.5375,0.290068,0.290068,884.714,2.488407e-04
-0.5375,-0.5125,0.290068,0.307256,1039.95,2.925021e-04
-0.5375,-0.4875,0.290068,0.325462,1199.18,3.372903e-04
-0.5375,-0.4625,0.290068,0.344747,1504.57,4.231863e-04
-0.5375,-0.4375,0.290068,0.365174,1855.79,5.219708e-04
-0.5375,-0.4125,0.290068,0.386812,2137.46,6.011957e-04
-0.5375,-0.3875,0.290068,0.409732,2137.46,6.011957e-04
-0.5375,-0.3625,0.290068,0.43401,2381.29,6.697764e-04
-0.5375,-0.3375,0.290068,0.459727,2426.76,6.825666e-04
-0.5375,-0.3125,0.290068,0.486968,2426.76,6.825666e-04
-0.5375,-0.2875,0.290068,0.515822,2426.76,6.825666e-04
-0.5375,-0.2625,0.290068,0.546387,2426.76,6.825666e-04
-0.5375,-0.2375,0.290068,0.578762,2488.82,7.000212e-04
-0.5375,-0.2125,0.290068,0.613056,2607.92,7.335211e-04
-0.5375,-0.1875,0.290068,0.649382,2841.95,7.993463e-04
-0.5375,-0.1625,0.290068,0.68786,2927.52,8.234142e-04
-0.5375,-0.1375,0.290068,0.728618,2606.25,7.330513e-04
-0.5375,-0.1125,0.290068,0.771792,2426.76,6.825666e-04
-0.5375,-0.0875,0.290068,0.817523,2262.12,6.362576e-04
-0.5375,-0.0625,0.290068,0.865964,2162.73,6.083041e-04
-0.5375,-0.0375,0.290068,0.917276,1719.99,4.837768e-04
-0.5375,-0.0125,0.290068,0.971628,1530.14,4.303761e-04
-0.5375,0.0125,0.290068,1.0292,1266.38,3.561910e-04
-0.5375,0.0375,0.290068,1.09018,1063.62,2.991602e-04
-0.5375,0.0625,0.290068,1.15478,931.414,2.619757e-04
-0.5375,0.0875,0.290068,1.22321,776.949,2.185300e-04
-0.5375,0.1125,0.290068,1.29569,735.119,2.067645e-04
-0.5375,0.1375,0.290068,1.37246,704.939,1.982759e-04
-0.5375,0.1625,0.290068,1.45378,616.783,1.734804e-04
-0.5375,0.1875,0.290068,1.53993,553.373,1.556455e-04
-0.5375,0.2125,0.290068,1.63117,483.669,1.360399e-04
-0.5375,0.2375,0.290068,1.72783,442.072,1.243402e-04
-0.5375,0.2625,0.290068,1.83021,457.975,1.288130e-04
-0.5375,0.2875,0.290068,1.93865,380.066,1.068998e-04
-0.5375,0.3125,0.290068,2.05353,364.332,1.024745e-04
-0.5375,0.3375,0.290068,2.1752,346.071,9.733819e-05
-0.5375,0.3625,0.290068,2.30409,335.788,9.444609e-05
-0.5375,0.3875,0.290068,2.44062,310.658,8.737783e-05
-0.5375,0.4125,0.290068,2.58523,284.659,8.006521e-05
-0.5375,0.4375,0.290068,2.73842,262.978,7.396681e-05
-0.5375,0.4625,0.290068,2.90068,226.643,6.374708e-05
-0.5375,0.4875,0.290068,3.07256,245.683,6.910232e-05
-0.5375,0.5125,0.290068,3.25462,219.46,6.172666e-05
-0.5375,0.5375,0.290068,3.44747,198.434,5.581283e-05
-0.5375,0.5625,0.290068,3.65174,187.785,5.281769e-05
-0.5375,0.5875,0.290068,3.86812,201.75,5.674546e-05
-0.5375,0.6125,0.290068,4.09732,173.888,4.890877e-05
-0.5375,0.6375,0.290068,4.3401,156.5,4.401829e-05
-0.5375,0.6625,0.290068,4.59727,134.757,3.790276e-05
-0.5375,0.6875,0.290068,4.86968,124.556,3.503350e-05
-0.5375,0.7125,0.290068,5.15822,110.687,3.113258e-05
-0.5375,0.7375,0.290068,5.46387,99.1752,2.789467e-05
-0.5375,0.7625,0.290068,5.78762,84.1085,2.365691e-05
-0.5375,0.7875,0.290068,6.13056,57.843,1.626930e-05
-0.5375,0.8125,0.290068,6.49382,44.9166,1.263353e-05
-0.5375,0.8375,0.290068,6.8786,39.1746,1.101850e-05
-0.5375,0.8625,0.290068,7.28618,28.0904,7.900896e-06
-0.5375,0.8875,0.290068,7.71792,18.9701,5.335645e-06
-0.5375,0.9125,0.290068,8.17523,17.0297,4.789875e-06
-0.5375,0.9375,0.290068,8.65964,9.84376,2.768722e-06
-0.5375,0.9625,0.290068,9.17276,10.7482,3.023123e-06
-0.5375,0.9875,0.290068,9.71628,4.25929,1.197998e-06
-0.5375,1.0125,0.290068,10.292,3.91269,1.100510e-06
-0.5375,1.0375,0.290068,10.9018,1.53194,4.308831e-07
-0.5375,1.0625,0.290068,11.5478,1.06921,3.007320e-07
-0.5375,1.0875,0.290068,12.2321,0.240571,6.766470e-08
-0.5125,-1.9875,0.307256,0.010292,6.81812,1.917709e-06
-0.5125,-1.9625,0.307256,0.0109018,6.81812,1.917709e-06
-0.5125,-1.9375,0.307256,0.0115478,12.5877,3.540513e-06
-0.5125,-1.9125,0.307256,0.0122321,15.2775,4.297038e-06
-0.5125,-1.8875,0.307256,0.0129569,14.1458,3.978751e-06
-0.5125,-1.8625,0.307256,0.0137246,12.9444,3.640831e-06
-0.5125,-1.8375,0.307256,0.0145378,18.4918,5.201122e-06
-0.5125,-1.8125,0.307256,0.0153993,17.2262,4.845161e-06
-0.5125,-1.7875,0.307256,0.0163117,28.0635,7.893339e-06
-0.5125,-1.7625,0.307256,0.0172783,22.07,6.207549e-06
-0.5125,-1.7375,0.307256,0.0183021,15.1902,4.272487e-06
-0.5125,-1.7125,0.307256,0.0193865,15.8369,4.454396e-06
-0.5125,-1.6875,0.307256,0.0205353,20.3162,5.714262e-06
-0.5125,-1.6625,0.307256,0.021752,28.5514,8.030562e-06
-0.5125,-1.6375,0.307256,0.0230409,19.4256,5.463771e-06
-0.5125,-1.6125,0.307256,0.0244062,17.3243,4.872745e-06
-0.5125,-1.5875,0.307256,0.0258523,19.3275,5.436188e-06
-0.5125,-1.5625,0.307256,0.0273842,11.7949,3.317499e-06
-0.5125,-1.5375,0.307256,0.0290068,9.93127,2.793334e-06
-0.5125,-1.5125,0.307256,0.0307256,10.4889,2.950179e-06
-0.5125,-1.4875,0.307256,0.0325462,8.86698,2.493987e-06
-0.5125,-1.4625,0.307256,0.0344747,11.3054,3.179828e-06
-0.5125,-1.4375,0.307256,0.0365174,4.13113,1.161950e-06
-0.5125,-1.4125,0.307256,0.0386812,6.43705,1.810526e-06
-0.5125,-1.3875,0.307256,0.0409732,8.60416,2.420064e-06
-0.5125,-1.3625,0.307256,0.043401,11.9639,3.365047e-06
-0.5125,-1.3375,0.307256,0.0459727,12.2539,3.446619e-06
-0.5125,-1.3125,0.307256,0.0486968,12.2539,3.446619e-06
-0.5125,-1.2875,0.307256,0.0515822,13.8364,3.891713e-06
-0.5125,-1.2625,0.307256,0.0546387,15.7978,4.443401e-06
-0.5125,-1.2375,0.307256,0.0578762,21.3862,6.015220e-06
-0.5125,-1.2125,0.307256,0.0613056,17.5054,4.923693e-06
-0.5125,-1.1875,0.307256,0.0649382,14.6645,4.124640e-06
-0.5125,-1.1625,0.307256,0.068786,17.98,5.057178e-06
-0.5125,-1.1375,0.307256,0.0728618,19.2339,5.409848e-06
-0.5125,-1.1125,0.307256,0.0771792,25.2897,7.113155e-06
-0.5125,-1.0875,0.307256,0.0817523,22.3308,6.280921e-06
-0.5125,-1.0625,0.307256,0.0865964,31.644,8.900404e-06
-0.5125,-1.0375,0.307256,0.0917276,38.2232,1.075093e-05
-0.5125,-1.0125,0.307256,0.0971628,46.9812,1.321425e-05
-0.5125,-0.9875,0.307256,0.10292,38.3453,1.078526e-05
-0.5125,-0.9625,0.307256,0.109018,36.3799,1.023246e-05
-0.5125,-0.9375,0.307256,0.115478,30.4393,8.561557e-06
-0.5125,-0.9125,0.307256,0.122321,32.3691,9.104337e-06
-0.5125,-0.8875,0.307256,0.129569,42.0555,1.182882e-05
-0.5125,-0.8625,0.307256,0.137246,45.0093,1.265962e-05
-0.5125,-0.8375,0.307256,0.145378,45.0093,1.265962e-05
-0.5125,-0.8125,0.307256,0.153993,46.1057,1.296799e-05
-0.5125,-0.7875,0.307256,0.163117,51.1704,1.439253e-05
-0.5125,-0.7625,0.307256,0.172783,54.9994,1.546950e-05
-0.5125,-0.7375,0.307256,0.183021,58.4967,1.645316e-05
-0.5125,-0.7125,0.307256,0.193865,77.2628,2.173145e-05
-0.5125,-0.6875,0.307256,0.205353,106.101,2.984256e-05
-0.5125,-0.6625,0.307256,0.21752,115.301,3.243036e-05
-0.5125,-0.6375,0.307256,0.230409,147.918,4.160452e-05
-0.5125,-0.6125,0.307256,0.244062,172.641,4.855815e-05
-0.5125,-0.5875,0.307256,0.258523,251.319,7.068757e-05
-0.5125,-0.5625,0.307256,0.273842,339.687,9.554266e-05
-0.5125,-0.5375,0.307256,0.290068,557.871,1.569106e-04
-0.5125,-0.5125,0.307256,0.307256,643.254,1.809259e-04
-0.5125,-0.4875,0.307256,0.325462,906.139,2.548667e-04
-0.5125,-0.4625,0.307256,0.344747,1155.55,3.250168e-04
-0.5125,-0.4375,0.307256,0.365174,1438.59,4.046287e-04
-0.5125,-0.4125,0.307256,0.386812,1839.65,5.174318e-04
-0.5125,-0.3875,0.307256,0.409732,1992.81,5.605102e-04
-0.5125,-0.3625,0.307256,0.43401,1992.81,5.605102e-04
-0.5125,-0.3375,0.307256,0.459727,1992.81,5.605102e-04
-0.5125,-0.3125,0.307256,0.486968,1992.81,5.605102e-04
-0.5125,-0.2875,0.307256,0.515822,2286.22,6.430385e-04
-0.5125,-0.2625,0.307256,0.546387,2426.76,6.825666e-04
-0.5125,-0.2375,0.307256,0.578762,2426.76,6.825666e-04
-0.5125,-0.2125,0.307256,0.613056,2426.76,6.825666e-04
-0.5125,-0.1875,0.307256,0.649382,2434.28,6.846807e-04
-0.5125,-0.1625,0.307256,0.68786,2955.21,8.312019e-04
-0.5125,-0.1375,0.307256,0.728618,2955.21,8.312019e-04
-0.5125,-0.1125,0.307256,0.771792,2955.21,8.312019e-04
-0.5125,-0.0875,0.307256,0.817523,2519.85,7.087486e-04
-0.5125,-0.0625,0.307256,0.865964,2358.55,6.633812e-04
-0.5125,-0.0375,0.307256,0.917276,1992.81,5.605102e-04
-0.5125,-0.0125,0.307256,0.971628,1838.49,5.171071e-04
-0.5125,0.0125,0.307256,1.0292,1573.39,4.425417e-04
-0.5125,0.0375,0.307256,1.09018,1377.33,3.873965e-04
-0.5125,0.0625,0.307256,1.15478,1215.47,3.418706e-04
-0.5125,0.0875,0.307256,1.22321,986.67,2.775173e-04
-0.5125,0.1125,0.307256,1.29569,905.886,2.547956e-04
-0.5125,0.1375,0.307256,1.37246,783.329,2.203242e-04
-0.5125,0.1625,0.307256,1.45378,689.849,1.940316e-04
-0.5125,0.1875,0.307256,1.53993,641.928,1.805531e-04
-0.5125,0.2125,0.307256,1.63117,528.227,1.485728e-04
-0.5125,0.2375,0.307256,1.72783,519.731,1.461829e-04
-0.5125,0.2625,0.307256,1.83021,496.612,1.396804e-04
-0.5125,0.2875,0.307256,1.93865,432.876,1.217536e-04
-0.5125,0.3125,0.307256,2.05353,432.876,1.217536e-04
-0.5125,0.3375,0.307256,2.1752,362.051,1.018329e-04
-0.5125,0.3625,0.307256,2.30409,359.212,1.010343e-04
-0.5125,0.3875,0.307256,2.44062,310.658,8.737783e-05
-0.5125,0.4125,0.307256,2.58523,290.773,8.178474e-05
-0.5125,0.4375,0.307256,2.73842,245.936,6.917366e-05
-0.5125,0.4625,0.307256,2.90068,224.272,6.308012e-05
-0.5125,0.4875,0.307256,3.07256,202.166,5.686263e-05
-0.5125,0.5125,0.307256,3.25462,201.819,5.676499e-05
-0.5125,0.5375,0.307256,3.44747,201.75,5.674546e-05
-0.5125,0.5625,0.307256,3.65174,199.263,5.604599e-05
-0.5125,0.5875,0.307256,3.86812,175.478,4.935624e-05
-0.5125,0.6125,0.307256,4.09732,183.991,5.175052e-05
-0.5125,0.6375,0.307256,4.3401,165.031,4.641763e-05
-0.5125,0.6625,0.307256,4.59727,139.439,3.921961e-05
-0.5125,0.6875,0.307256,4.86968,139.439,3.921961e-05
-0.5125,0.7125,0.307256,5.15822,114.271,3.214054e-05
-0.5125,0.7375,0.307256,5.46387,106.745,3.002378e-05
-0.5125,0.7625,0.307256,5.78762,77.8085,2.188495e-05
-0.5125,0.7875,0.307256,6.13056,70.9966,1.996897e-05
-0.5125,0.8125,0.307256,6.49382,39.6317,1.114706e-05
-0.5125,0.8375,0.307256,6.8786,41.0529,1.154681e-05
-0.5125,0.8625,0.307256,7.28618,26.9587,7.582596e-06
-0.5125,0.8875,0.307256,7.71792,22.6328,6.365862e-06
-0.5125,0.9125,0.307256,8.17523,20.9702,5.898215e-06
-0.5125,0.9375,0.307256,8.65964,11.1607,3.139134e-06
-0.5125,0.9625,0.307256,9.17276,7.55572,2.125172e-06
-0.5125,0.9875,0.307256,9.71628,4.89811,1.377676e-06
-0.5125,1.0125,0.307256,10.292,7.12092,2.002878e-06
-0.5125,1.0375,0.307256,10.9018,2.61659,7.359591e-07
-0.5125,1.0625,0.307256,11.5478,1.30493,3.670343e-07
-0.5125,1.0875,0.307256,12.2321,0.995468,2.799919e-07
-0.5125,1.1125,0.307256,12.9569,1.20286,3.383235e-07
-0.4875,-1.9875,0.325462,0.010292,5.8319,1.640319e-06
-0.4875,-1.9625,0.325462,0.0109018,6.90557,1.942308e-06
-0.4875,-1.9375,0.325462,0.0115478,7.46393,2.099355e-06
-0.4875,-1.9125,0.325462,0.0122321,5.55403,1.562165e-06
-0.4875,-1.8875,0.325462,0.0129569,5.7264,1.610645e-06
-0.4875,-1.8625,0.325462,0.0137246,7.75841,2.182181e-06
-0.4875,-1.8375,0.325462,0.0145378,5.46656,1.537563e-06
-0.4875,-1.8125,0.325462,0.0153993,6.48391,1.823706e-06
-0.4875,-1.7875,0.325462,0.0163117,5.94863,1.673150e-06
-0.4875,-1.7625,0.325462,0.0172783,8.76178,2.464397e-06
-0.4875,-1.7375,0.325462,0.0183021,9.79988,2.756380e-06
-0.4875,-1.7125,0.325462,0.0193865,10.6871,3.005918e-06
-0.4875,-1.6875,0.325462,0.0205353,12.3135,3.463370e-06
-0.4875,-1.6625,0.325462,0.021752,6.46362,1.818000e-06
-0.4875,-1.6375,0.325462,0.0230409,7.82414,2.200669e-06
-0.4875,-1.6125,0.325462,0.0244062,8.33676,2.344853e-06
-0.4875,-1.5875,0.325462,0.0258523,4.31332,1.213193e-06
-0.4875,-1.5625,0.325462,0.0273842,6.29257,1.769891e-06
-0.4875,-1.5375,0.325462,0.0290068,4.59666,1.292888e-06
-0.4875,-1.5125,0.325462,0.0307256,4.08354,1.148565e-06
-0.4875,-1.4875,0.325462,0.0325462,2.80893,7.900578e-07
-0.4875,-1.4625,0.325462,0.0344747,5.70607,1.604926e-06
-0.4875,-1.4375,0.325462,0.0365174,3.86113,1.086007e-06
-0.4875,-1.4125,0.325462,0.0386812,5.30487,1.492084e-06
-0.4875,-1.3875,0.325462,0.0409732,2.85168,8.020813e-07
-0.4875,-1.3625,0.325462,0.043401,4.49216,1.263495e-06
-0.4875,-1.3375,0.325462,0.0459727,4.41921,1.242977e-06
-0.4875,-1.3125,0.325462,0.0486968,5.39737,1.518101e-06
-0.4875,-1.2875,0.325462,0.0515822,4.59924,1.293613e-06
-0.4875,-1.2625,0.325462,0.0546387,6.78012,1.907021e-06
-0.4875,-1.2375,0.325462,0.0578762,9.80723,2.758447e-06
-0.4875,-1.2125,0.325462,0.0613056,9.45505,2.659390e-06
-0.4875,-1.1875,0.325462,0.0649382,5.92931,1.667719e-06
-0.4875,-1.1625,0.325462,0.068786,7.32144,2.059276e-06
-0.4875,-1.1375,0.325462,0.0728618,9.51367,2.675880e-06
-0.4875,-1.1125,0.325462,0.0771792,10.3386,2.907897e-06
-0.4875,-1.0875,0.325462,0.0817523,12.4008,3.487942e-06
-0.4875,-1.0625,0.325462,0.0865964,13.218,3.717792e-06
-0.4875,-1.0375,0.325462,0.0917276,18.7709,5.279628e-06
-0.4875,-1.0125,0.325462,0.0971628,13.7694,3.872865e-06
-0.4875,-0.9875,0.325462,0.10292,13.0422,3.668330e-06
-0.4875,-0.9625,0.325462,0.109018,12.3516,3.474105e-06
-0.4875,-0.9375,0.325462,0.115478,12.9981,3.655924e-06
-0.4875,-0.9125,0.325462,0.122321,20.9082,5.880787e-06
-0.4875,-0.8875,0.325462,0.129569,19.4967,5.483777e-06
-0.4875,-0.8625,0.325462,0.137246,20.8203,5.856054e-06
-0.4875,-0.8375,0.325462,0.145378,28.2582,7.948093e-06
-0.4875,-0.8125,0.325462,0.153993,27.9865,7.871656e-06
-0.4875,-0.7875,0.325462,0.163117,31.9934,8.998675e-06
-0.4875,-0.7625,0.325462,0.172783,47.949,1.348646e-05
-0.4875,-0.7375,0.325462,0.183021,53.6615,1.509319e-05
-0.4875,-0.7125,0.325462,0.193865,51.438,1.446778e-05
-0.4875,-0.6875,0.325462,0.205353,53.7199,1.510961e-05
-0.4875,-0.6625,0.325462,0.21752,64.675,1.819091e-05
-0.4875,-0.6375,0.325462,0.230409,80.8011,2.272667e-05
-0.4875,-0.6125,0.325462,0.244062,105.089,2.955813e-05
-0.4875,-0.5875,0.325462,0.258523,152.317,4.284167e-05
-0.4875,-0.5625,0.325462,0.273842,191.882,5.397006e-05
-0.4875,-0.5375,0.325462,0.290068,279.383,7.858119e-05
-0.4875,-0.5125,0.325462,0.307256,400.853,1.127467e-04
-0.4875,-0.4875,0.325462,0.325462,540.4,1.519964e-04
-0.4875,-0.4625,0.325462,0.344747,713.505,2.006853e-04
-0.4875,-0.4375,0.325462,0.365174,889.057,2.500621e-04
-0.4875,-0.4125,0.325462,0.386812,1157.84,3.256627e-04
-0.4875,-0.3875,0.325462,0.409732,1543.3,4.340787e-04
-0.4875,-0.3625,0.325462,0.43401,1849.9,5.203150e-04
-0.4875,-0.3375,0.325462,0.459727,1891.09,5.318995e-04
-0.4875,-0.3125,0.325462,0.486968,1959.48,5.511357e-04
-0.4875,-0.2875,0.325462,0.515822,1995.55,5.612818e-04
-0.4875,-0.2625,0.325462,0.546387,2140.2,6.019673e-04
-0.4875,-0.2375,0.325462,0.578762,2141.57,6.023531e-04
-0.4875,-0.2125,0.325462,0.613056,2426.76,6.825666e-04
-0.4875,-0.1875,0.325462,0.649382,2426.76,6.825666e-04
-0.4875,-0.1625,0.325462,0.68786,2431.77,6.839760e-04
-0.4875,-0.1375,0.325462,0.728618,2551.71,7.177108e-04
-0.4875,-0.1125,0.325462,0.771792,2492.99,7.011958e-04
-0.4875,-0.0875,0.325462,0.817523,2427.59,6.828015e-04
-0.4875,-0.0625,0.325462,0.865964,2426.76,6.825666e-04
-0.4875,-0.0375,0.325462,0.917276,2179.79,6.131031e-04
-0.4875,-0.0125,0.325462,0.971628,1992.81,5.605102e-04
-0.4875,0.0125,0.325462,1.0292,1718.57,4.833757e-04
-0.4875,0.0375,0.325462,1.09018,1548.69,4.355960e-04
-0.4875,0.0625,0.325462,1.15478,1269.42,3.570459e-04
-0.4875,0.0875,0.325462,1.22321,1159.18,3.260385e-04
-0.4875,0.1125,0.325462,1.29569,1131.03,3.181224e-04
-0.4875,0.1375,0.325462,1.37246,883.83,2.485921e-04
-0.4875,0.1625,0.325462,1.45378,790.961,2.224710e-04
-0.4875,0.1875,0.325462,1.53993,720.471,2.026445e-04
-0.4875,0.2125,0.325462,1.63117,642.37,1.806774e-04
-0.4875,0.2375,0.325462,1.72783,553.736,1.557476e-04
-0.4875,0.2625,0.325462,1.83021,504.318,1.418479e-04
-0.4875,0.2875,0.325462,1.93865,449.48,1.264239e-04
-0.4875,0.3125,0.325462,2.05353,433.174,1.218374e-04
-0.4875,0.3375,0.325462,2.1752,391.411,1.100910e-04
-0.4875,0.3625,0.325462,2.30409,364.332,1.024745e-04
-0.4875,0.3875,0.325462,2.44062,310.658,8.737783e-05
-0.4875,0.4125,0.325462,2.58523,293.576,8.257316e-05
-0.4875,0.4375,0.325462,2.73842,254.768,7.165783e-05
-0.4875,0.4625,0.325462,2.90068,245.683,6.910232e-05
-0.4875,0.4875,0.325462,3.07256,245.683,6.910232e-05
-0.4875,0.5125,0.325462,3.25462,229.222,6.447263e-05
-0.4875,0.5375,0.325462,3.44747,201.75,5.674546e-05
-0.4875,0.5625,0.325462,3.65174,196.542,5.528076e-05
-0.4875,0.5875,0.325462,3.86812,166.236,4.675656e-05
-0.4875,0.6125,0.325462,4.09732,157.632,4.433651e-05
-0.4875,0.6375,0.325462,4.3401,148.402,4.174043e-05
-0.4875,0.6625,0.325462,4.59727,144.382,4.060985e-05
-0.4875,0.6875,0.325462,4.86968,120.4,3.386462e-05
-0.4875,0.7125,0.325462,5.15822,104.631,2.942915e-05
-0.4875,0.7375,0.325462,5.46387,91.271,2.567150e-05
-0.4875,0.7625,0.325462,5.78762,79.6025,2.238954e-05
-0.4875,0.7875,0.325462,6.13056,67.8227,1.907627e-05
-0.4875,0.8125,0.325462,6.49382,44.8189,1.260605e-05
-0.4875,0.8375,0.325462,6.8786,37.733,1.061303e-05
-0.4875,0.8625,0.325462,7.28618,29.1173,8.189725e-06
-0.4875,0.8875,0.325462,7.71792,22.8608,6.429976e-06
-0.4875,0.9125,0.325462,8.17523,12.4736,3.508417e-06
-0.4875,0.9375,0.325462,8.65964,8.26767,2.325420e-06
-0.4875,0.9625,0.325462,9.17276,6.04089,1.699102e-06
-0.4875,0.9875,0.325462,9.71628,4.44842,1.251193e-06
-0.4875,1.0125,0.325462,10.292,3.93129,1.105741e-06
-0.4875,1.0375,0.325462,10.9018,4.18752,1.177809e-06
-0.4875,1.0625,0.325462,11.5478,1.98911,5.594711e-07
-0.4875,1.0875,0.325462,12.2321,1.17822,3.313943e-07
-0.4875,1.1125,0.325462,12.9569,0.846642,2.381321e-07
-0.4625,-1.9875,0.344747,0.010292,0.962285,2.706588e-07
-0.4625,-1.9625,0.344747,0.0109018,0.880951,2.477822e-07
-0.4625,-1.9375,0.344747,0.0115478,1.53601,4.320286e-07
-0.4625,-1.9125,0.344747,0.0122321,2.21791,6.238233e-07
-0.4625,-1.8875,0.344747,0.0129569,2.44688,6.882252e-07
-0.4625,-1.8625,0.344747,0.0137246,2.41336,6.787983e-07
-0.4625,-1.8375,0.344747,0.0145378,3.14496,8.845715e-07
-0.4625,-1.8125,0.344747,0.0153993,2.99689,8.429252e-07
-0.4625,-1.7875,0.344747,0.0163117,2.37374,6.676543e-07
-0.4625,-1.7625,0.344747,0.0172783,4.905,1.379613e-06
-0.4625,-1.7375,0.344747,0.0183021,4.17855,1.175287e-06
-0.4625,-1.7125,0.344747,0.0193865,4.43889,1.248511e-06
-0.4625,-1.6875,0.344747,0.0205353,6.64204,1.868185e-06
-0.4625,-1.6625,0.344747,0.021752,4.43856,1.248418e-06
-0.4625,-1.6375,0.344747,0.0230409,2.22179,6.249143e-07
-0.4625,-1.6125,0.344747,0.0244062,3.06016,8.607219e-07
-0.4625,-1.5875,0.344747,0.0258523,2.35741,6.630608e-07
-0.4625,-1.5625,0.344747,0.0273842,1.0481,2.947963e-07
-0.4625,-1.5375,0.344747,0.0290068,0.212269,5.970415e-08
-0.4625,-1.5125,0.344747,0.0307256,1.4485,4.074158e-07
-0.4625,-1.4875,0.344747,0.0325462,1.70047,4.782860e-07
-0.4625,-1.4625,0.344747,0.0344747,1.68019,4.725803e-07
-0.4625,-1.4375,0.344747,0.0365174,2.15826,6.070471e-07
-0.4625,-1.4125,0.344747,0.0386812,4.22947,1.189608e-06
-0.4625,-1.3875,0.344747,0.0409732,3.35131,9.426127e-07
-0.4625,-1.3625,0.344747,0.043401,2.80385,7.886284e-07
-0.4625,-1.3375,0.344747,0.0459727,4.03433,1.134723e-06
-0.4625,-1.3125,0.344747,0.0486968,4.18413,1.176857e-06
-0.4625,-1.2875,0.344747,0.0515822,3.33862,9.390412e-07
-0.4625,-1.2625,0.344747,0.0546387,4.22947,1.189608e-06
-0.4625,-1.2375,0.344747,0.0578762,3.37129,9.482311e-07
-0.4625,-1.2125,0.344747,0.0613056,3.01862,8.490381e-07
-0.4625,-1.1875,0.344747,0.0649382,5.17892,1.456657e-06
-0.4625,-1.1625,0.344747,0.068786,3.32782,9.360039e-07
-0.4625,-1.1375,0.344747,0.0728618,5.64269,1.587100e-06
-0.4625,-1.1125,0.344747,0.0771792,4.9173,1.383073e-06
-0.4625,-1.0875,0.344747,0.0817523,7.29393,2.051541e-06
-0.4625,-1.0625,0.344747,0.0865964,7.48808,2.106147e-06
-0.4625,-1.0375,0.344747,0.0917276,9.46663,2.662648e-06
-0.4625,-1.0125,0.344747,0.0971628,6.65813,1.872711e-06
-0.4625,-0.9875,0.344747,0.10292,8.1912,2.303912e-06
-0.4625,-0.9625,0.344747,0.109018,8.07266,2.270570e-06
-0.4625,-0.9375,0.344747,0.115478,8.9322,2.512331e-06
-0.4625,-0.9125,0.344747,0.122321,12.9076,3.630464e-06
-0.4625,-0.8875,0.344747,0.129569,11.5279,3.242410e-06
-0.4625,-0.8625,0.344747,0.137246,10.0901,2.838009e-06
-0.4625,-0.8375,0.344747,0.145378,17.0943,4.808063e-06
-0.4625,-0.8125,0.344747,0.153993,19.1216,5.378270e-06
-0.4625,-0.7875,0.344747,0.163117,21.015,5.910827e-06
-0.4625,-0.7625,0.344747,0.172783,32.0108,9.003573e-06
-0.4625,-0.7375,0.344747,0.183021,28.459,8.004570e-06
-0.4625,-0.7125,0.344747,0.193865,31.177,8.769061e-06
-0.4625,-0.6875,0.344747,0.205353,40.8614,1.149295e-05
-0.4625,-0.6625,0.344747,0.21752,46.9504,1.320559e-05
-0.4625,-0.6375,0.344747,0.230409,53.4663,1.503828e-05
-0.4625,-0.6125,0.344747,0.244062,60.0422,1.688788e-05
-0.4625,-0.5875,0.344747,0.258523,90.4881,2.545129e-05
-0.4625,-0.5625,0.344747,0.273842,127.815,3.595003e-05
-0.4625,-0.5375,0.344747,0.290068,160.39,4.511232e-05
-0.4625,-0.5125,0.344747,0.307256,225.998,6.356557e-05
-0.4625,-0.4875,0.344747,0.325462,317.227,8.922539e-05
-0.4625,-0.4625,0.344747,0.344747,478.573,1.346068e-04
-0.4625,-0.4375,0.344747,0.365174,631.023,1.774858e-04
-0.4625,-0.4125,0.344747,0.386812,850.306,2.391629e-04
-0.4625,-0.3875,0.344747,0.409732,1198.23,3.370220e-04
-0.4625,-0.3625,0.344747,0.43401,1532.56,4.310570e-04
-0.4625,-0.3375,0.344747,0.459727,1606.66,4.518988e-04
-0.4625,-0.3125,0.344747,0.486968,1822.12,5.125010e-04
-0.4625,-0.2875,0.344747,0.515822,1891.09,5.318995e-04
-0.4625,-0.2625,0.344747,0.546387,1925.57,5.415988e-04
-0.4625,-0.2375,0.344747,0.578762,2091.98,5.884054e-04
-0.4625,-0.2125,0.344747,0.613056,2282.11,6.418811e-04
-0.4625,-0.1875,0.344747,0.649382,2282.11,6.418811e-04
-0.4625,-0.1625,0.344747,0.68786,2282.11,6.418811e-04
-0.4625,-0.1375,0.344747,0.728618,2282.11,6.418811e-04
-0.4625,-0.1125,0.344747,0.771792,2282.11,6.418811e-04
-0.4625,-0.0875,0.344747,0.817523,2282.11,6.418811e-04
-0.4625,-0.0625,0.344747,0.865964,2282.11,6.418811e-04
-0.4625,-0.0375,0.344747,0.917276,2140.2,6.019673e-04
-0.4625,-0.0125,0.344747,0.971628,1992.81,5.605102e-04
-0.4625,0.0125,0.344747,1.0292,1725.3,4.852699e-04
-0.4625,0.0375,0.344747,1.09018,1580.12,4.444359e-04
-0.4625,0.0625,0.344747,1.15478,1324.54,3.725497e-04
-0.4625,0.0875,0.344747,1.22321,1188.1,3.341735e-04
-0.4625,0.1125,0.344747,1.29569,1131.03,3.181224e-04
-0.4625,0.1375,0.344747,1.37246,975.646,2.744167e-04
-0.4625,0.1625,0.344747,1.45378,853.047,2.399337e-04
-0.4625,0.1875,0.344747,1.53993,790.961,2.224710e-04
-0.4625,0.2125,0.344747,1.63117,689.407,1.939073e-04
-0.4625,0.2375,0.344747,1.72783,617.587,1.737067e-04
-0.4625,0.2625,0.344747,1.83021,553.011,1.555434e-04
-0.4625,0.2875,0.344747,1.93865,527.139,1.482666e-04
-0.4625,0.3125,0.344747,2.05353,433.77,1.220050e-04
-0.4625,0.3375,0.344747,2.1752,378.033,1.063280e-04
-0.4625,0.3625,0.344747,2.30409,364.332,1.024745e-04
-0.4625,0.3875,0.344747,2.44062,310.658,8.737783e-05
-0.4625,0.4125,0.344747,2.58523,299.182,8.415000e-05
-0.4625,0.4375,0.344747,2.73842,272.94,7.676885e-05
-0.4625,0.4625,0.344747,2.90068,245.683,6.910232e-05
-0.4625,0.4875,0.344747,3.07256,245.683,6.910232e-05
-0.4625,0.5125,0.344747,3.25462,209.488,5.892211e-05
-0.4625,0.5375,0.344747,3.44747,200.092,5.627914e-05
-0.4625,0.5625,0.344747,3.65174,180.686,5.082094e-05
-0.4625,0.5875,0.344747,3.86812,144.788,4.072400e-05
-0.4625,0.6125,0.344747,4.09732,146.475,4.119847e-05
-0.4625,0.6375,0.344747,4.3401,164.935,4.639064e-05
-0.4625,0.6625,0.344747,4.59727,125.495,3.529755e-05
-0.4625,0.6875,0.344747,4.86968,117.354,3.300779e-05
-0.4625,0.7125,0.344747,5.15822,96.5724,2.716260e-05
-0.4625,0.7375,0.344747,5.46387,90.7923,2.553686e-05
-0.4625,0.7625,0.344747,5.78762,63.8948,1.797149e-05
-0.4625,0.7875,0.344747,6.13056,47.8261,1.345189e-05
-0.4625,0.8125,0.344747,6.49382,44.9166,1.263353e-05
-0.4625,0.8375,0.344747,6.8786,37.1233,1.044155e-05
-0.4625,0.8625,0.344747,7.28618,23.4192,6.587028e-06
-0.4625,0.8875,0.344747,7.71792,18.4127,5.178889e-06
-0.4625,0.9125,0.344747,8.17523,10.6569,2.997436e-06
-0.4625,0.9375,0.344747,8.65964,9.19919,2.587427e-06
-0.4625,0.9625,0.344747,9.17276,9.70155,2.728723e-06
-0.4625,0.9875,0.344747,9.71628,4.65786,1.310100e-06
-0.4625,1.0125,0.344747,10.292,1.97608,5.558066e-07
-0.4625,1.0375,0.344747,10.9018,5.35575,1.506393e-06
-0.4625,1.0625,0.344747,11.5478,3.27292,9.205646e-07
-0.4625,1.0875,0.344747,12.2321,1.39449,3.922247e-07
-0.4625,1.1125,0.344747,12.9569,1.36104,3.828164e-07
-0.4375,-1.9625,0.365174,0.0109018,0.553702,1.557378e-07
-0.4375,-1.9375,0.365174,0.0115478,0.906927,2.550883e-07
-0.4375,-1.9125,0.365174,0.0122321,0.472557,1.329146e-07
-0.4375,-1.8875,0.365174,0.0129569,0.49741,1.399048e-07
-0.4375,-1.8625,0.365174,0.0137246,0.331823,9.333062e-08
-0.4375,-1.8375,0.365174,0.0145378,1.57744,4.436804e-07
-0.4375,-1.8125,0.365174,0.0153993,1.62961,4.583538e-07
-0.4375,-1.7875,0.365174,0.0163117,1.22481,3.444982e-07
-0.4375,-1.7625,0.365174,0.0172783,3.04743,8.571403e-07
-0.4375,-1.7375,0.365174,0.0183021,3.834,1.078375e-06
-0.4375,-1.7125,0.365174,0.0193865,2.01385,5.664276e-07
-0.4375,-1.6875,0.365174,0.0205353,1.7202,4.838337e-07
-0.4375,-1.6625,0.365174,0.021752,1.29817,3.651328e-07
-0.4375,-1.6375,0.365174,0.0230409,2.59007,7.284993e-07
-0.4375,-1.6125,0.365174,0.0244062,2.86673,8.063158e-07
-0.4375,-1.5875,0.365174,0.0258523,1.47914,4.160342e-07
-0.4375,-1.5625,0.365174,0.0273842,1.38843,3.905203e-07
-0.4375,-1.5375,0.365174,0.0290068,1.24549,3.503135e-07
-0.4375,-1.5125,0.365174,0.0307256,0.717491,2.018063e-07
-0.4375,-1.4875,0.365174,0.0325462,0.991387,2.788441e-07
-0.4375,-1.4625,0.365174,0.0344747,4.12149,1.159239e-06
-0.4375,-1.4375,0.365174,0.0365174,1.11679,3.141146e-07
-0.4375,-1.4125,0.365174,0.0386812,1.27403,3.583420e-07
-0.4375,-1.3875,0.365174,0.0409732,2.95764,8.318848e-07
-0.4375,-1.3625,0.365174,0.043401,2.29416,6.452721e-07
-0.4375,-1.3375,0.365174,0.0459727,3.99102,1.122540e-06
-0.4375,-1.3125,0.365174,0.0486968,3.98274,1.120212e-06
-0.4375,-1.2875,0.365174,0.0515822,4.30161,1.209899e-06
-0.4375,-1.2625,0.365174,0.0546387,1.39627,3.927253e-07
-0.4375,-1.2375,0.365174,0.0578762,3.22071,9.058791e-07
-0.4375,-1.2125,0.365174,0.0613056,2.32491,6.539195e-07
-0.4375,-1.1875,0.365174,0.0649382,4.45409,1.252787e-06
-0.4375,-1.1625,0.365174,0.068786,3.18028,8.945056e-07
-0.4375,-1.1375,0.365174,0.0728618,2.14425,6.031073e-07
-0.4375,-1.1125,0.365174,0.0771792,2.04736,5.758548e-07
-0.4375,-1.0875,0.365174,0.0817523,3.01335,8.475559e-07
-0.4375,-1.0625,0.365174,0.0865964,6.80236,1.913277e-06
-0.4375,-1.0375,0.365174,0.0917276,9.32457,2.622690e-06
-0.4375,-1.0125,0.365174,0.0971628,5.65823,1.591472e-06
-0.4375,-0.9875,0.365174,0.10292,10.7074,3.011630e-06
-0.4375,-0.9625,0.365174,0.109018,11.016,3.098434e-06
-0.4375,-0.9375,0.365174,0.115478,10.3548,2.912470e-06
-0.4375,-0.9125,0.365174,0.122321,10.9589,3.082362e-06
-0.4375,-0.8875,0.365174,0.129569,7.88205,2.216959e-06
-0.4375,-0.8625,0.365174,0.137246,9.39209,2.641682e-06
-0.4375,-0.8375,0.365174,0.145378,12.3575,3.475753e-06
-0.4375,-0.8125,0.365174,0.153993,18.3048,5.148542e-06
-0.4375,-0.7875,0.365174,0.163117,17.1987,4.837412e-06
-0.4375,-0.7625,0.365174,0.172783,17.938,5.045367e-06
-0.4375,-0.7375,0.365174,0.183021,15.7593,4.432579e-06
-0.4375,-0.7125,0.365174,0.193865,16.886,4.749478e-06
-0.4375,-0.6875,0.365174,0.205353,20.2225,5.687910e-06
-0.4375,-0.6625,0.365174,0.21752,30.6298,8.615136e-06
-0.4375,-0.6375,0.365174,0.230409,39.4811,1.110472e-05
-0.4375,-0.6125,0.365174,0.244062,43.0854,1.211848e-05
-0.4375,-0.5875,0.365174,0.258523,58.6759,1.650357e-05
-0.4375,-0.5625,0.365174,0.273842,82.1165,2.309665e-05
-0.4375,-0.5375,0.365174,0.290068,87.1288,2.450642e-05
-0.4375,-0.5125,0.365174,0.307256,112.71,3.170157e-05
-0.4375,-0.4875,0.365174,0.325462,187.801,5.282226e-05
-0.4375,-0.4625,0.365174,0.344747,273.452,7.691297e-05
-0.4375,-0.4375,0.365174,0.365174,371.913,1.046066e-04
-0.4375,-0.4125,0.365174,0.386812,545.665,1.534773e-04
-0.4375,-0.3875,0.365174,0.409732,721.997,2.030738e-04
-0.4375,-0.3625,0.365174,0.43401,1078.94,3.034701e-04
-0.4375,-0.3375,0.365174,0.459727,1297.62,3.649779e-04
-0.4375,-0.3125,0.365174,0.486968,1477.3,4.155163e-04
-0.4375,-0.2875,0.365174,0.515822,1479.2,4.160496e-04
-0.4375,-0.2625,0.365174,0.546387,1714.62,4.822668e-04
-0.4375,-0.2375,0.365174,0.578762,1785.9,5.023147e-04
-0.4375,-0.2125,0.365174,0.613056,1785.9,5.023147e-04
-0.4375,-0.1875,0.365174,0.649382,1787.63,5.028018e-04
-0.4375,-0.1625,0.365174,0.68786,1960.05,5.512980e-04
-0.4375,-0.1375,0.365174,0.728618,1785.9,5.023147e-04
-0.4375,-0.1125,0.365174,0.771792,1785.9,5.023147e-04
-0.4375,-0.0875,0.365174,0.817523,1925.57,5.415988e-04
-0.4375,-0.0625,0.365174,0.865964,1992.81,5.605102e-04
-0.4375,-0.0375,0.365174,0.917276,1992.81,5.605102e-04
-0.4375,-0.0125,0.365174,0.971628,1891.09,5.318995e-04
-0.4375,0.0125,0.365174,1.0292,1693.76,4.763996e-04
-0.4375,0.0375,0.365174,1.09018,1580.12,4.444359e-04
-0.4375,0.0625,0.365174,1.15478,1323.37,3.722212e-04
-0.4375,0.0875,0.365174,1.22321,1295.23,3.643051e-04
-0.4375,0.1125,0.365174,1.29569,1132.59,3.185603e-04
-0.4375,0.1375,0.365174,1.37246,1065.54,2.996996e-04
-0.4375,0.1625,0.365174,1.45378,928.783,2.612358e-04
-0.4375,0.1875,0.365174,1.53993,832.352,2.341128e-04
-0.4375,0.2125,0.365174,1.63117,781.714,2.198702e-04
-0.4375,0.2375,0.365174,1.72783,643.254,1.809259e-04
-0.4375,0.2625,0.365174,1.83021,604.754,1.700971e-04
-0.4375,0.2875,0.365174,1.93865,527.139,1.482666e-04
-0.4375,0.3125,0.365174,2.05353,433.77,1.220050e-04
-0.4375,0.3375,0.365174,2.1752,404.145,1.136725e-04
-0.4375,0.3625,0.365174,2.30409,364.332,1.024745e-04
-0.4375,0.3875,0.365174,2.44062,310.658,8.737783e-05
-0.4375,0.4125,0.365174,2.58523,316.19,8.893383e-05
-0.4375,0.4375,0.365174,2.73842,255.022,7.172917e-05
-0.4375,0.4625,0.365174,2.90068,231.455,6.510054e-05
-0.4375,0.4875,0.365174,3.07256,236.267,6.645399e-05
-0.4375,0.5125,0.365174,3.25462,209.488,5.892211e-05
-0.4375,0.5375,0.365174,3.44747,196.776,5.534651e-05
-0.4375,0.5625,0.365174,3.65174,159.97,4.499422e-05
-0.4375,0.5875,0.365174,3.86812,141.27,3.973457e-05
-0.4375,0.6125,0.365174,4.09732,146.475,4.119847e-05
-0.4375,0.6375,0.365174,4.3401,148.114,4.165944e-05
-0.4375,0.6625,0.365174,4.59727,125.495,3.529755e-05
-0.4375,0.6875,0.365174,4.86968,109.978,3.093305e-05
-0.4375,0.7125,0.365174,5.15822,101.337,2.850284e-05
-0.4375,0.7375,0.365174,5.46387,90.7923,2.553686e-05
-0.4375,0.7625,0.365174,5.78762,72.5753,2.041301e-05
-0.4375,0.7875,0.365174,6.13056,60.8246,1.710793e-05
-0.4375,0.8125,0.365174,6.49382,45.8555,1.289762e-05
-0.4375,0.8375,0.365174,6.8786,31.6161,8.892549e-06
-0.4375,0.8625,0.365174,7.28618,26.7294,7.518095e-06
-0.4375,0.8875,0.365174,7.71792,19.0408,5.355546e-06
-0.4375,0.9125,0.365174,8.17523,18.0991,5.090669e-06
-0.4375,0.9375,0.365174,8.65964,14.073,3.958264e-06
-0.4375,0.9625,0.365174,9.17276,9.13436,2.569190e-06
-0.4375,0.9875,0.365174,9.71628,3.0977,8.712803e-07
-0.4375,1.0125,0.365174,10.292,1.52057,4.276846e-07
-0.4375,1.0375,0.365174,10.9018,3.32405,9.349449e-07
-0.4375,1.0625,0.365174,11.5478,1.27693,3.591569e-07
-0.4375,1.0875,0.365174,12.2321,0.482322,1.356611e-07
-0.4375,1.1125,0.365174,12.9569,0.582027,1.637049e-07
-0.4125,-1.9125,0.386812,0.0122321,0.721714,2.029941e-07
-0.4125,-1.8625,0.386812,0.0137246,1.62455,4.569307e-07
-0.4125,-1.8375,0.386812,0.0145378,1.14741,3.227268e-07
-0.4125,-1.7625,0.386812,0.0172783,1.50236,4.225640e-07
-0.4125,-1.7125,0.386812,0.0193865,0.773265,2.174937e-07
-0.4125,-1.6875,0.386812,0.0205353,2.6493,7.451595e-07
-0.4125,-1.6625,0.386812,0.021752,0.189925,5.341950e-08
-0.4125,-1.6125,0.386812,0.0244062,2.2534,6.338055e-07
-0.4125,-1.5875,0.386812,0.0258523,0.898534,2.527276e-07
-0.4125,-1.5625,0.386812,0.0273842,2.59666,7.303548e-07
-0.4125,-1.5375,0.386812,0.0290068,1.30274,3.664179e-07
-0.4125,-1.5125,0.386812,0.0307256,2.15734,6.067881e-07
-0.4125,-1.4875,0.386812,0.0325462,1.61824,4.551580e-07
-0.4125,-1.4375,0.386812,0.0365174,0.534603,1.503660e-07
-0.4125,-1.4125,0.386812,0.0386812,0.277582,7.807466e-08
-0.4125,-1.3875,0.386812,0.0409732,2.22891,6.269174e-07
-0.4125,-1.3625,0.386812,0.043401,1.95763,5.506159e-07
-0.4125,-1.3375,0.386812,0.0459727,2.15439,6.059576e-07
-0.4125,-1.3125,0.386812,0.0486968,1.98384,5.579867e-07
-0.4125,-1.2875,0.386812,0.0515822,2.66661,7.500276e-07
-0.4125,-1.2625,0.386812,0.0546387,2.60607,7.329997e-07
-0.4125,-1.2375,0.386812,0.0578762,3.08246,8.669940e-07
-0.4125,-1.2125,0.386812,0.0613056,2.11771,5.956420e-07
-0.4125,-1.1875,0.386812,0.0649382,2.18345,6.141320e-07
-0.4125,-1.1625,0.386812,0.068786,4.3435,1.221681e-06
-0.4125,-1.1375,0.386812,0.0728618,5.28296,1.485921e-06
-0.4125,-1.1125,0.386812,0.0771792,4.53972,1.276873e-06
-0.4125,-1.0875,0.386812,0.0817523,4.28777,1.206008e-06
-0.4125,-1.0625,0.386812,0.0865964,2.58617,7.274044e-07
-0.4125,-1.0375,0.386812,0.0917276,3.64395,1.024923e-06
-0.4125,-1.0125,0.386812,0.0971628,8.89987,2.503238e-06
-0.4125,-0.9875,0.386812,0.10292,8.52235,2.397052e-06
-0.4125,-0.9625,0.386812,0.109018,10.3378,2.907671e-06
-0.4125,-0.9375,0.386812,0.115478,9.62667,2.707662e-06
-0.4125,-0.9125,0.386812,0.122321,6.51723,1.833078e-06
-0.4125,-0.8875,0.386812,0.129569,10.9628,3.083483e-06
-0.4125,-0.8625,0.386812,0.137246,7.54494,2.122141e-06
-0.4125,-0.8375,0.386812,0.145378,5.37321,1.511304e-06
-0.4125,-0.8125,0.386812,0.153993,6.10417,1.716899e-06
-0.4125,-0.7875,0.386812,0.163117,8.73246,2.456151e-06
-0.4125,-0.7625,0.386812,0.172783,11.3054,3.179828e-06
-0.4125,-0.7375,0.386812,0.183021,8.20802,2.308641e-06
-0.4125,-0.7125,0.386812,0.193865,10.2042,2.870093e-06
-0.4125,-0.6875,0.386812,0.205353,11.5007,3.234761e-06
-0.4125,-0.6625,0.386812,0.21752,13.3876,3.765487e-06
-0.4125,-0.6375,0.386812,0.230409,24.7484,6.960895e-06
-0.4125,-0.6125,0.386812,0.244062,33.8429,9.518886e-06
-0.4125,-0.5875,0.386812,0.258523,41.5328,1.168179e-05
-0.4125,-0.5625,0.386812,0.273842,39.6525,1.115292e-05
-0.4125,-0.5375,0.386812,0.290068,46.325,1.302967e-05
-0.4125,-0.5125,0.386812,0.307256,64.4025,1.811427e-05
-0.4125,-0.4875,0.386812,0.325462,111.713,3.142116e-05
-0.4125,-0.4625,0.386812,0.344747,131.725,3.704988e-05
-0.4125,-0.4375,0.386812,0.365174,181.147,5.095055e-05
-0.4125,-0.4125,0.386812,0.386812,267.144,7.513873e-05
-0.4125,-0.3875,0.386812,0.409732,421.577,1.185757e-04
-0.4125,-0.3625,0.386812,0.43401,656.11,1.845417e-04
-0.4125,-0.3375,0.386812,0.459727,904.394,2.543758e-04
-0.4125,-0.3125,0.386812,0.486968,1133.37,3.187793e-04
-0.4125,-0.2875,0.386812,0.515822,1297.96,3.650715e-04
-0.4125,-0.2625,0.386812,0.546387,1377.33,3.873965e-04
-0.4125,-0.2375,0.386812,0.578762,1377.33,3.873965e-04
-0.4125,-0.2125,0.386812,0.613056,1580.12,4.444359e-04
-0.4125,-0.1875,0.386812,0.649382,1677.25,4.717558e-04
-0.4125,-0.1625,0.386812,0.68786,1680.14,4.725675e-04
-0.4125,-0.1375,0.386812,0.728618,1677.25,4.717558e-04
-0.4125,-0.1125,0.386812,0.771792,1677.25,4.717558e-04
-0.4125,-0.0875,0.386812,0.817523,1679.56,4.724052e-04
-0.4125,-0.0625,0.386812,0.865964,1680.72,4.727299e-04
-0.4125,-0.0375,0.386812,0.917276,1680.72,4.727299e-04
-0.4125,-0.0125,0.386812,0.971628,1678.99,4.722428e-04
-0.4125,0.0125,0.386812,1.0292,1677.25,4.717558e-04
-0.4125,0.0375,0.386812,1.09018,1580.12,4.444359e-04
-0.4125,0.0625,0.386812,1.15478,1377.33,3.873965e-04
-0.4125,0.0875,0.386812,1.22321,1377.33,3.873965e-04
-0.4125,0.1125,0.386812,1.29569,1133.37,3.187793e-04
-0.4125,0.1375,0.386812,1.37246,1065.54,2.996996e-04
-0.4125,0.1625,0.386812,1.45378,928.783,2.612358e-04
-0.4125,0.1875,0.386812,1.53993,917.335,2.580157e-04
-0.4125,0.2125,0.386812,1.63117,783.329,2.203242e-04
-0.4125,0.2375,0.386812,1.72783,643.254,1.809259e-04
-0.4125,0.2625,0.386812,1.83021,604.754,1.700971e-04
-0.4125,0.2875,0.386812,1.93865,527.139,1.482666e-04
-0.4125,0.3125,0.386812,2.05353,433.77,1.220050e-04
-0.4125,0.3375,0.386812,2.1752,404.145,1.136725e-04
-0.4125,0.3625,0.386812,2.30409,364.332,1.024745e-04
-0.4125,0.3875,0.386812,2.44062,310.658,8.737783e-05
-0.4125,0.4125,0.386812,2.58523,290.773,8.178474e-05
-0.4125,0.4375,0.386812,2.73842,245.683,6.910232e-05
-0.4125,0.4625,0.386812,2.90068,224.133,6.304106e-05
-0.4125,0.4875,0.386812,3.07256,231.455,6.510054e-05
-0.4125,0.5125,0.386812,3.25462,204.515,5.752316e-05
-0.4125,0.5375,0.386812,3.44747,169.803,4.776005e-05
-0.4125,0.5625,0.386812,3.65174,169.803,4.776005e-05
-0.4125,0.5875,0.386812,3.86812,144.788,4.072400e-05
-0.4125,0.6125,0.386812,4.09732,135.52,3.811724e-05
-0.4125,0.6375,0.386812,4.3401,114.741,3.227288e-05
-0.4125,0.6625,0.386812,4.59727,114.606,3.223487e-05
-0.4125,0.6875,0.386812,4.86968,93.8822,2.640592e-05
-0.4125,0.7125,0.386812,5.15822,89.0137,2.503658e-05
-0.4125,0.7375,0.386812,5.46387,79.2489,2.229007e-05
-0.4125,0.7625,0.386812,5.78762,69.8396,1.964356e-05
-0.4125,0.7875,0.386812,6.13056,71.086,1.999413e-05
-0.4125,0.8125,0.386812,6.49382,46.4352,1.306066e-05
-0.4125,0.8375,0.386812,6.8786,34.8247,9.795036e-06
-0.4125,0.8625,0.386812,7.28618,30.2889,8.519257e-06
-0.4125,0.8875,0.386812,7.71792,24.7088,6.949768e-06
-0.4125,0.9125,0.386812,8.17523,17.2262,4.845161e-06
-0.4125,0.9375,0.386812,8.65964,10.2102,2.871781e-06
-0.4125,0.9625,0.386812,9.17276,9.21332,2.591401e-06
-0.4125,0.9875,0.386812,9.71628,7.89944,2.221850e-06
-0.4125,1.0125,0.386812,10.292,2.35727,6.630224e-07
-0.4125,1.0375,0.386812,10.9018,2.10772,5.928323e-07
-0.4125,1.0625,0.386812,11.5478,1.25692,3.535292e-07
-0.3875,-1.9125,0.409732,0.0122321,0.51551,1.449958e-07
-0.3875,-1.8625,0.409732,0.0137246,1.06407,2.992862e-07
-0.3875,-1.8375,0.409732,0.0145378,0.769828,2.165270e-07
-0.3875,-1.8125,0.409732,0.0153993,0.331823,9.333062e-08
-0.3875,-1.7125,0.409732,0.0193865,0.240571,6.766470e-08
-0.3875,-1.6625,0.409732,0.021752,0.318386,8.955134e-08
-0.3875,-1.6375,0.409732,0.0230409,0.586256,1.648944e-07
-0.3875,-1.6125,0.409732,0.0244062,0.412908,1.161373e-07
-0.3875,-1.5625,0.409732,0.0273842,0.417715,1.174894e-07
-0.3875,-1.5375,0.409732,0.0290068,0.539757,1.518155e-07
-0.3875,-1.5125,0.409732,0.0307256,0.331823,9.333062e-08
-0.3875,-1.4875,0.409732,0.0325462,1.56877,4.412432e-07
-0.3875,-1.4625,0.409732,0.0344747,0.995468,2.799919e-07
-0.3875,-1.4375,0.409732,0.0365174,1.52239,4.281972e-07
-0.3875,-1.4125,0.409732,0.0386812,0.939484,2.642455e-07
-0.3875,-1.3875,0.409732,0.0409732,1.56174,4.392665e-07
-0.3875,-1.3625,0.409732,0.043401,0.716122,2.014211e-07
-0.3875,-1.3375,0.409732,0.0459727,2.75851,7.758756e-07
-0.3875,-1.3125,0.409732,0.0486968,2.82618,7.949098e-07
-0.3875,-1.2875,0.409732,0.0515822,2.61349,7.350880e-07
-0.3875,-1.2625,0.409732,0.0546387,3.78964,1.065900e-06
-0.3875,-1.2375,0.409732,0.0578762,4.00641,1.126870e-06
-0.3875,-1.2125,0.409732,0.0613056,2.78914,7.844935e-07
-0.3875,-1.1875,0.409732,0.0649382,3.23937,9.111272e-07
-0.3875,-1.1625,0.409732,0.068786,5.10902,1.436997e-06
-0.3875,-1.1375,0.409732,0.0728618,3.1485,8.855673e-07
-0.3875,-1.1125,0.409732,0.0771792,3.73918,1.051708e-06
-0.3875,-1.0875,0.409732,0.0817523,3.17847,8.939986e-07
-0.3875,-1.0625,0.409732,0.0865964,2.85985,8.043816e-07
-0.3875,-1.0375,0.409732,0.0917276,3.77993,1.063168e-06
-0.3875,-1.0125,0.409732,0.0971628,5.88274,1.654620e-06
-0.3875,-0.9875,0.409732,0.10292,8.69082,2.444437e-06
-0.3875,-0.9625,0.409732,0.109018,3.11568,8.763359e-07
-0.3875,-0.9375,0.409732,0.115478,5.65822,1.591470e-06
-0.3875,-0.9125,0.409732,0.122321,6.18313,1.739109e-06
-0.3875,-0.8875,0.409732,0.129569,4.54353,1.277943e-06
-0.3875,-0.8625,0.409732,0.137246,7.25559,2.040756e-06
-0.3875,-0.8375,0.409732,0.145378,6.34329,1.784156e-06
-0.3875,-0.8125,0.409732,0.153993,5.27253,1.482987e-06
-0.3875,-0.7875,0.409732,0.163117,7.30385,2.054330e-06
-0.3875,-0.7625,0.409732,0.172783,5.74836,1.616821e-06
-0.3875,-0.7375,0.409732,0.183021,4.87288,1.370578e-06
-0.3875,-0.7125,0.409732,0.193865,3.08791,8.685269e-07
-0.3875,-0.6875,0.409732,0.205353,4.44635,1.250611e-06
-0.3875,-0.6625,0.409732,0.21752,6.59572,1.855157e-06
-0.3875,-0.6375,0.409732,0.230409,9.30998,2.618586e-06
-0.3875,-0.6125,0.409732,0.244062,11.6097,3.265424e-06
-0.3875,-0.5875,0.409732,0.258523,14.593,4.104529e-06
-0.3875,-0.5625,0.409732,0.273842,21.3572,6.007055e-06
-0.3875,-0.5375,0.409732,0.290068,34.4295,9.683871e-06
-0.3875,-0.5125,0.409732,0.307256,34.6727,9.752287e-06
-0.3875,-0.4875,0.409732,0.325462,57.9762,1.630678e-05
-0.3875,-0.4625,0.409732,0.344747,67.0164,1.884947e-05
-0.3875,-0.4375,0.409732,0.365174,95.7144,2.692126e-05
-0.3875,-0.4125,0.409732,0.386812,155.294,4.367890e-05
-0.3875,-0.3875,0.409732,0.409732,254.304,7.152737e-05
-0.3875,-0.3625,0.409732,0.43401,345.332,9.713035e-05
-0.3875,-0.3375,0.409732,0.459727,505.643,1.422207e-04
-0.3875,-0.3125,0.409732,0.486968,757.348,2.130168e-04
-0.3875,-0.2875,0.409732,0.515822,965.933,2.716848e-04
-0.3875,-0.2625,0.409732,0.546387,1257.96,3.538224e-04
-0.3875,-0.2375,0.409732,0.578762,1297.57,3.649620e-04
-0.3875,-0.2125,0.409732,0.613056,1297.57,3.649620e-04
-0.3875,-0.1875,0.409732,0.649382,1297.57,3.649620e-04
-0.3875,-0.1625,0.409732,0.68786,1297.57,3.649620e-04
-0.3875,-0.1375,0.409732,0.728618,1297.57,3.649620e-04
-0.3875,-0.1125,0.409732,0.771792,1297.57,3.649620e-04
-0.3875,-0.0875,0.409732,0.817523,1297.57,3.649620e-04
-0.3875,-0.0625,0.409732,0.865964,1297.57,3.649620e-04
-0.3875,-0.0375,0.409732,0.917276,1297.57,3.649620e-04
-0.3875,-0.0125,0.409732,0.971628,1324.54,3.725497e-04
-0.3875,0.0125,0.409732,1.0292,1354.87,3.810805e-04
-0.3875,0.0375,0.409732,1.09018,1297.57,3.649620e-04
-0.3875,0.0625,0.409732,1.15478,1297.57,3.649620e-04
-0.3875,0.0875,0.409732,1.22321,1189.27,3.345020e-04
-0.3875,0.1125,0.409732,1.29569,1131.03,3.181224e-04
-0.3875,0.1375,0.409732,1.37246,1109.52,3.120714e-04
-0.3875,0.1625,0.409732,1.45378,975.646,2.744167e-04
-0.3875,0.1875,0.409732,1.53993,928.783,2.612358e-04
-0.3875,0.2125,0.409732,1.63117,783.329,2.203242e-04
-0.3875,0.2375,0.409732,1.72783,736.445,2.071373e-04
-0.3875,0.2625,0.409732,1.83021,617.145,1.735824e-04
-0.3875,0.2875,0.409732,1.93865,540.256,1.519561e-04
-0.3875,0.3125,0.409732,2.05353,483.669,1.360399e-04
-0.3875,0.3375,0.409732,2.1752,361.235,1.016035e-04
-0.3875,0.3625,0.409732,2.30409,299.182,8.415000e-05
-0.3875,0.3875,0.409732,2.44062,299.182,8.415000e-05
-0.3875,0.4125,0.409732,2.58523,267.249,7.516823e-05
-0.3875,0.4375,0.409732,2.73842,245.683,6.910232e-05
-0.3875,0.4625,0.409732,2.90068,238.638,6.712096e-05
-0.3875,0.4875,0.409732,3.07256,241.009,6.778792e-05
-0.3875,0.5125,0.409732,3.25462,202.587,5.698085e-05
-0.3875,0.5375,0.409732,3.44747,210.104,5.909528e-05
-0.3875,0.5625,0.409732,3.65174,164.935,4.639064e-05
-0.3875,0.5875,0.409732,3.86812,149.897,4.216091e-05
-0.3875,0.6125,0.409732,4.09732,135.743,3.817992e-05
-0.3875,0.6375,0.409732,4.3401,131.404,3.695945e-05
-0.3875,0.6625,0.409732,4.59727,118.868,3.343370e-05
-0.3875,0.6875,0.409732,4.86968,97.5134,2.742726e-05
-0.3875,0.7125,0.409732,5.15822,93.3721,2.626245e-05
-0.3875,0.7375,0.409732,5.46387,77.6123,2.182974e-05
-0.3875,0.7625,0.409732,5.78762,61.7686,1.737346e-05
-0.3875,0.7875,0.409732,6.13056,48.7863,1.372197e-05
-0.3875,0.8125,0.409732,6.49382,46.3117,1.302592e-05
-0.3875,0.8375,0.409732,6.8786,31.3986,8.831392e-06
-0.3875,0.8625,0.409732,7.28618,22.1561,6.231762e-06
-0.3875,0.8875,0.409732,7.71792,20.0161,5.629848e-06
-0.3875,0.9125,0.409732,8.17523,17.2262,4.845161e-06
-0.3875,0.9375,0.409732,8.65964,14.3333,4.031489e-06
-0.3875,0.9625,0.409732,9.17276,10.004,2.813802e-06
-0.3875,0.9875,0.409732,9.71628,7.64922,2.151472e-06
-0.3875,1.0125,0.409732,10.292,3.07385,8.645711e-07
-0.3875,1.0375,0.409732,10.9018,2.86416,8.055914e-07
-0.3875,1.0625,0.409732,11.5478,1.42592,4.010637e-07
-0.3875,1.0875,0.409732,12.2321,1.0525,2.960331e-07
-0.3875,1.1125,0.409732,12.9569,0.378041,1.063302e-07
-0.3875,1.1375,0.409732,13.7246,0.141513,3.980277e-08
-0.3875,1.1625,0.409732,14.5378,0.240571,6.766470e-08
-0.3625,-1.9875,0.43401,0.010292,0.400952,1.127745e-07
-0.3625,-1.9625,0.43401,0.0109018,0.283025,7.960553e-08
-0.3625,-1.8625,0.43401,0.0137246,0.925274,2.602489e-07
-0.3625,-1.8375,0.43401,0.0145378,0.331823,9.333062e-08
-0.3625,-1.7125,0.43401,0.0193865,0.51551,1.449958e-07
-0.3625,-1.6625,0.43401,0.021752,1.1074,3.114756e-07
-0.3625,-1.6375,0.43401,0.0230409,0.400952,1.127745e-07
-0.3625,-1.6125,0.43401,0.0244062,0.0707563,1.990138e-08
-0.3625,-1.5875,0.43401,0.0258523,0.225536,6.343566e-08
-0.3625,-1.5625,0.43401,0.0273842,0.225059,6.330172e-08
-0.3625,-1.5375,0.43401,0.0290068,0.320406,9.011939e-08
-0.3625,-1.5125,0.43401,0.0307256,1.38252,3.888558e-07
-0.3625,-1.4875,0.43401,0.0325462,1.67543,4.712423e-07
-0.3625,-1.4625,0.43401,0.0344747,0.458697,1.290160e-07
-0.3625,-1.4375,0.43401,0.0365174,1.69942,4.779901e-07
-0.3625,-1.4125,0.43401,0.0386812,1.91162,5.376761e-07
-0.3625,-1.3875,0.43401,0.0409732,2.2502,6.329059e-07
-0.3625,-1.3625,0.43401,0.043401,1.63162,4.589203e-07
-0.3625,-1.3375,0.43401,0.0459727,1.59443,4.484589e-07
-0.3625,-1.3125,0.43401,0.0486968,1.4134,3.975436e-07
-0.3625,-1.2875,0.43401,0.0515822,2.42032,6.807541e-07
-0.3625,-1.2625,0.43401,0.0546387,2.81895,7.928774e-07
-0.3625,-1.2375,0.43401,0.0578762,2.99823,8.433024e-07
-0.3625,-1.2125,0.43401,0.0613056,2.00272,5.632997e-07
-0.3625,-1.1875,0.43401,0.0649382,1.28161,3.604754e-07
-0.3625,-1.1625,0.43401,0.068786,2.03845,5.733489e-07
-0.3625,-1.1375,0.43401,0.0728618,2.90987,8.184508e-07
-0.3625,-1.1125,0.43401,0.0771792,3.90675,1.098838e-06
-0.3625,-1.0875,0.43401,0.0817523,6.79135,1.910180e-06
-0.3625,-1.0625,0.43401,0.0865964,4.18181,1.176205e-06
-0.3625,-1.0375,0.43401,0.0917276,2.30505,6.483345e-07
-0.3625,-1.0125,0.43401,0.0971628,2.68311,7.546694e-07
-0.3625,-0.9875,0.43401,0.10292,4.31091,1.212515e-06
-0.3625,-0.9625,0.43401,0.109018,2.46228,6.925571e-07
-0.3625,-0.9375,0.43401,0.115478,1.93502,5.442564e-07
-0.3625,-0.9125,0.43401,0.122321,5.59689,1.574219e-06
-0.3625,-0.8875,0.43401,0.129569,2.70928,7.620288e-07
-0.3625,-0.8625,0.43401,0.137246,3.63699,1.022964e-06
-0.3625,-0.8375,0.43401,0.145378,4.32933,1.217695e-06
-0.3625,-0.8125,0.43401,0.153993,6.91615,1.945284e-06
-0.3625,-0.7875,0.43401,0.163117,6.15652,1.731624e-06
-0.3625,-0.7625,0.43401,0.172783,4.3055,1.210994e-06
-0.3625,-0.7375,0.43401,0.183021,3.63202,1.021566e-06
-0.3625,-0.7125,0.43401,0.193865,2.78499,7.833238e-07
-0.3625,-0.6875,0.43401,0.205353,1.72933,4.864017e-07
-0.3625,-0.6625,0.43401,0.21752,4.07763,1.146902e-06
-0.3625,-0.6375,0.43401,0.230409,3.56191,1.001846e-06
-0.3625,-0.6125,0.43401,0.244062,7.39752,2.080677e-06
-0.3625,-0.5875,0.43401,0.258523,10.4533,2.940165e-06
-0.3625,-0.5625,0.43401,0.273842,12.5546,3.531193e-06
-0.3625,-0.5375,0.43401,0.290068,23.0871,6.493645e-06
-0.3625,-0.5125,0.43401,0.307256,28.5177,8.021083e-06
-0.3625,-0.4875,0.43401,0.325462,38.2541,1.075960e-05
-0.3625,-0.4625,0.43401,0.344747,41.4614,1.166170e-05
-0.3625,-0.4375,0.43401,0.365174,56.3686,1.585461e-05
-0.3625,-0.4125,0.43401,0.386812,89.7754,2.525083e-05
-0.3625,-0.3875,0.43401,0.409732,143.993,4.050029e-05
-0.3625,-0.3625,0.43401,0.43401,192.895,5.425480e-05
-0.3625,-0.3375,0.43401,0.459727,296.773,8.347249e-05
-0.3625,-0.3125,0.43401,0.486968,432.362,1.216091e-04
-0.3625,-0.2875,0.43401,0.515822,640.158,1.800552e-04
-0.3625,-0.2625,0.43401,0.546387,900.225,2.532032e-04
-0.3625,-0.2375,0.43401,0.578762,1036.74,2.915994e-04
-0.3625,-0.2125,0.43401,0.613056,1065.54,2.996996e-04
-0.3625,-0.1875,0.43401,0.649382,1098.92,3.090908e-04
-0.3625,-0.1625,0.43401,0.68786,1065.86,2.997895e-04
-0.3625,-0.1375,0.43401,0.728618,1098.6,3.090009e-04
-0.3625,-0.1125,0.43401,0.771792,1065.54,2.996996e-04
-0.3625,-0.0875,0.43401,0.817523,1061.4,2.985363e-04
-0.3625,-0.0625,0.43401,0.865964,1020.29,2.869747e-04
-0.3625,-0.0375,0.43401,0.917276,1065.54,2.996996e-04
-0.3625,-0.0125,0.43401,0.971628,1121.82,3.155318e-04
-0.3625,0.0125,0.43401,1.0292,1198.33,3.370489e-04
-0.3625,0.0375,0.43401,1.09018,1109.52,3.120714e-04
-0.3625,0.0625,0.43401,1.15478,1098.6,3.090009e-04
-0.3625,0.0875,0.43401,1.22321,1087.69,3.059304e-04
-0.3625,0.1125,0.43401,1.29569,1065.54,2.996996e-04
-0.3625,0.1375,0.43401,1.37246,1021.23,2.872380e-04
-0.3625,0.1625,0.43401,1.45378,896.639,2.521948e-04
-0.3625,0.1875,0.43401,1.53993,879.76,2.474473e-04
-0.3625,0.2125,0.43401,1.63117,782.791,2.201729e-04
-0.3625,0.2375,0.43401,1.72783,706.044,1.985866e-04
-0.3625,0.2625,0.43401,1.83021,629.718,1.771188e-04
-0.3625,0.2875,0.43401,1.93865,533.087,1.499396e-04
-0.3625,0.3125,0.43401,2.05353,433.472,1.219212e-04
-0.3625,0.3375,0.43401,2.1752,375.646,1.056567e-04
-0.3625,0.3625,0.43401,2.30409,310.658,8.737783e-05
-0.3625,0.3875,0.43401,2.44062,301.301,8.474589e-05
-0.3625,0.4125,0.43401,2.58523,290.773,8.178474e-05
-0.3625,0.4375,0.43401,2.73842,238.638,6.712096e-05
-0.3625,0.4625,0.43401,2.90068,216.88,6.100111e-05
-0.3625,0.4875,0.43401,3.07256,221.831,6.239363e-05
-0.3625,0.5125,0.43401,3.25462,188.357,5.297867e-05
-0.3625,0.5375,0.43401,3.44747,168.213,4.731258e-05
-0.3625,0.5625,0.43401,3.65174,149.897,4.216091e-05
-0.3625,0.5875,0.43401,3.86812,153.318,4.312334e-05
-0.3625,0.6125,0.43401,4.09732,125.01,3.516127e-05
-0.3625,0.6375,0.43401,4.3401,121.589,3.419883e-05
-0.3625,0.6625,0.43401,4.59727,118.856,3.343018e-05
-0.3625,0.6875,0.43401,4.86968,102.616,2.886252e-05
-0.3625,0.7125,0.43401,5.15822,92.1884,2.592953e-05
-0.3625,0.7375,0.43401,5.46387,71.8275,2.020268e-05
-0.3625,0.7625,0.43401,5.78762,56.8198,1.598152e-05
-0.3625,0.7875,0.43401,6.13056,46.8872,1.318780e-05
-0.3625,0.8125,0.43401,6.49382,34.6351,9.741710e-06
-0.3625,0.8375,0.43401,6.8786,31.5728,8.880370e-06
-0.3625,0.8625,0.43401,7.28618,23.3755,6.574763e-06
-0.3625,0.8875,0.43401,7.71792,18.6908,5.257105e-06
-0.3625,0.9125,0.43401,8.17523,15.5312,4.368417e-06
-0.3625,0.9375,0.43401,8.65964,11.0976,3.121398e-06
-0.3625,0.9625,0.43401,9.17276,9.09934,2.559341e-06
-0.3625,0.9875,0.43401,9.71628,8.61015,2.421749e-06
-0.3625,1.0125,0.43401,10.292,5.35868,1.507217e-06
-0.3625,1.0375,0.43401,10.9018,2.86674,8.063176e-07
-0.3625,1.0625,0.43401,11.5478,1.54131,4.335194e-07
-0.3625,1.0875,0.43401,12.2321,0.962285,2.706588e-07
-0.3625,1.1125,0.43401,12.9569,0.283025,7.960553e-08
-0.3625,1.1375,0.43401,13.7246,0.331823,9.333062e-08
-0.3625,1.1625,0.43401,14.5378,0.601428,1.691618e-07
-0.3375,-1.9875,0.459727,0.010292,0.400952,1.127745e-07
-0.3375,-1.9625,0.459727,0.0109018,0.274939,7.733109e-08
-0.3375,-1.7875,0.459727,0.0163117,0.812741,2.285970e-07
-0.3375,-1.7625,0.459727,0.0172783,0.187946,5.286305e-08
-0.3375,-1.7375,0.459727,0.0183021,0.650193,1.828776e-07
-0.3375,-1.6625,0.459727,0.021752,0.109351,3.075668e-08
-0.3375,-1.6375,0.459727,0.0230409,0.400952,1.127745e-07
-0.3375,-1.6125,0.459727,0.0244062,0.0633082,1.780650e-08
-0.3375,-1.5875,0.459727,0.0258523,1.34424,3.780901e-07
-0.3375,-1.5625,0.459727,0.0273842,0.826456,2.324546e-07
-0.3375,-1.5375,0.459727,0.0290068,0.397943,1.119281e-07
-0.3375,-1.5125,0.459727,0.0307256,0.728028,2.047700e-07
-0.3375,-1.4875,0.459727,0.0325462,0.683617,1.922787e-07
-0.3375,-1.4625,0.459727,0.0344747,1.74651,4.912345e-07
-0.3375,-1.4375,0.459727,0.0365174,2.35069,6.611694e-07
-0.3375,-1.4125,0.459727,0.0386812,1.74851,4.917987e-07
-0.3375,-1.3875,0.459727,0.0409732,0.986686,2.775219e-07
-0.3375,-1.3625,0.459727,0.043401,1.37826,3.876577e-07
-0.3375,-1.3375,0.459727,0.0459727,1.33812,3.763679e-07
-0.3375,-1.3125,0.459727,0.0486968,1.17368,3.301163e-07
-0.3375,-1.2875,0.459727,0.0515822,1.45998,4.106451e-07
-0.3375,-1.2625,0.459727,0.0546387,1.41095,3.968544e-07
-0.3375,-1.2375,0.459727,0.0578762,1.02243,2.875750e-07
-0.3375,-1.2125,0.459727,0.0613056,2.30039,6.470233e-07
-0.3375,-1.1875,0.459727,0.0649382,2.51026,7.060524e-07
-0.3375,-1.1625,0.459727,0.068786,2.0535,5.775821e-07
-0.3375,-1.1375,0.459727,0.0728618,1.77935,5.004713e-07
-0.3375,-1.1125,0.459727,0.0771792,1.46944,4.133049e-07
-0.3375,-1.0875,0.459727,0.0817523,1.20286,3.383235e-07
-0.3375,-1.0625,0.459727,0.0865964,4.68981,1.319088e-06
-0.3375,-1.0375,0.459727,0.0917276,2.82765,7.953226e-07
-0.3375,-1.0125,0.459727,0.0971628,3.24504,9.127203e-07
-0.3375,-0.9875,0.459727,0.10292,3.72781,1.048510e-06
-0.3375,-0.9625,0.459727,0.109018,2.2352,6.286875e-07
-0.3375,-0.9375,0.459727,0.115478,2.00115,5.628573e-07
-0.3375,-0.9125,0.459727,0.122321,4.01454,1.129155e-06
-0.3375,-0.8875,0.459727,0.129569,3.18665,8.962989e-07
-0.3375,-0.8625,0.459727,0.137246,2.56503,7.214582e-07
-0.3375,-0.8375,0.459727,0.145378,2.47487,6.960971e-07
-0.3375,-0.8125,0.459727,0.153993,3.08943,8.689543e-07
-0.3375,-0.7875,0.459727,0.163117,2.30885,6.494014e-07
-0.3375,-0.7625,0.459727,0.172783,2.65415,7.465242e-07
-0.3375,-0.7375,0.459727,0.183021,0.692554,1.947923e-07
-0.3375,-0.7125,0.459727,0.193865,1.21047,3.404646e-07
-0.3375,-0.6875,0.459727,0.205353,1.78456,5.019375e-07
-0.3375,-0.6625,0.459727,0.21752,0.286825,8.067422e-08
-0.3375,-0.6375,0.459727,0.230409,1.78153,5.010855e-07
-0.3375,-0.6125,0.459727,0.244062,2.71004,7.622433e-07
-0.3375,-0.5875,0.459727,0.258523,2.80683,7.894676e-07
-0.3375,-0.5625,0.459727,0.273842,2.63195,7.402802e-07
-0.3375,-0.5375,0.459727,0.290068,11.8053,3.320439e-06
-0.3375,-0.5125,0.459727,0.307256,16.3645,4.602780e-06
-0.3375,-0.4875,0.459727,0.325462,17.3757,4.887217e-06
-0.3375,-0.4625,0.459727,0.344747,20.5976,5.793429e-06
-0.3375,-0.4375,0.459727,0.365174,31.1842,8.771063e-06
-0.3375,-0.4125,0.459727,0.386812,39.7371,1.117673e-05
-0.3375,-0.3875,0.459727,0.409732,71.0953,1.999674e-05
-0.3375,-0.3625,0.459727,0.43401,85.7119,2.410790e-05
-0.3375,-0.3375,0.459727,0.459727,123.776,3.481401e-05
-0.3375,-0.3125,0.459727,0.486968,196.323,5.521915e-05
-0.3375,-0.2875,0.459727,0.515822,305.839,8.602227e-05
-0.3375,-0.2625,0.459727,0.546387,476.041,1.338946e-04
-0.3375,-0.2375,0.459727,0.578762,611.742,1.720626e-04
-0.3375,-0.2125,0.459727,0.613056,794.727,2.235302e-04
-0.3375,-0.1875,0.459727,0.649382,859.069,2.416276e-04
-0.3375,-0.1625,0.459727,0.68786,929.331,2.613899e-04
-0.3375,-0.1375,0.459727,0.728618,959.046,2.697478e-04
-0.3375,-0.1125,0.459727,0.771792,928.783,2.612358e-04
-0.3375,-0.0875,0.459727,0.817523,835.853,2.350977e-04
-0.3375,-0.0625,0.459727,0.865964,782.176,2.199999e-04
-0.3375,-0.0375,0.459727,0.917276,823.734,2.316890e-04
-0.3375,-0.0125,0.459727,0.971628,823.734,2.316890e-04
-0.3375,0.0125,0.459727,1.0292,882.458,2.482060e-04
-0.3375,0.0375,0.459727,1.09018,885.661,2.491069e-04
-0.3375,0.0625,0.459727,1.15478,959.046,2.697478e-04
-0.3375,0.0875,0.459727,1.22321,949.141,2.669618e-04
-0.3375,0.1125,0.459727,1.29569,824.887,2.320133e-04
-0.3375,0.1375,0.459727,1.37246,823.734,2.316890e-04
-0.3375,0.1625,0.459727,1.45378,796.182,2.239395e-04
-0.3375,0.1875,0.459727,1.53993,781.714,2.198702e-04
-0.3375,0.2125,0.459727,1.63117,683.761,1.923192e-04
-0.3375,0.2375,0.459727,1.72783,615.909,1.732348e-04
-0.3375,0.2625,0.459727,1.83021,549.937,1.546788e-04
-0.3375,0.2875,0.459727,1.93865,465.191,1.308427e-04
-0.3375,0.3125,0.459727,2.05353,432.876,1.217536e-04
-0.3375,0.3375,0.459727,2.1752,364.977,1.026558e-04
-0.3375,0.3625,0.459727,2.30409,341.506,9.605412e-05
-0.3375,0.3875,0.459727,2.44062,302.461,8.507224e-05
-0.3375,0.4125,0.459727,2.58523,265.514,7.468033e-05
-0.3375,0.4375,0.459727,2.73842,224.133,6.304106e-05
-0.3375,0.4625,0.459727,2.90068,201.75,5.674546e-05
-0.3375,0.4875,0.459727,3.07256,182.985,5.146745e-05
-0.3375,0.5125,0.459727,3.25462,160.488,4.513992e-05
-0.3375,0.5375,0.459727,3.44747,146.957,4.133404e-05
-0.3375,0.5625,0.459727,3.65174,139.439,3.921961e-05
-0.3375,0.5875,0.459727,3.86812,124.901,3.513057e-05
-0.3375,0.6125,0.459727,4.09732,106.159,2.985909e-05
-0.3375,0.6375,0.459727,4.3401,120.61,3.392369e-05
-0.3375,0.6625,0.459727,4.59727,97.9402,2.754732e-05
-0.3375,0.6875,0.459727,4.86968,85.9875,2.418542e-05
-0.3375,0.7125,0.459727,5.15822,79.1963,2.227529e-05
-0.3375,0.7375,0.459727,5.46387,65.7004,1.847933e-05
-0.3375,0.7625,0.459727,5.78762,54.3948,1.529944e-05
-0.3375,0.7875,0.459727,6.13056,52.3081,1.471253e-05
-0.3375,0.8125,0.459727,6.49382,40.2019,1.130745e-05
-0.3375,0.8375,0.459727,6.8786,29.3344,8.250802e-06
-0.3375,0.8625,0.459727,7.28618,23.2952,6.552156e-06
-0.3375,0.8875,0.459727,7.71792,15.9377,4.482753e-06
-0.3375,0.9125,0.459727,8.17523,11.9059,3.348732e-06
-0.3375,0.9375,0.459727,8.65964,10.7207,3.015389e-06
-0.3375,0.9625,0.459727,9.17276,8.62738,2.426594e-06
-0.3375,0.9875,0.459727,9.71628,4.46591,1.256112e-06
-0.3375,1.0125,0.459727,10.292,2.98013,8.382101e-07
-0.3375,1.0375,0.459727,10.9018,2.61325,7.350189e-07
-0.3375,1.0625,0.459727,11.5478,0.253233,7.122600e-08
-0.3375,1.0875,0.459727,12.2321,0.650193,1.828776e-07
-0.3375,1.1125,0.459727,12.9569,0.264042,7.426614e-08
-0.3125,-1.7875,0.486968,0.0163117,0.207389,5.833164e-08
-0.3125,-1.7625,0.486968,0.0172783,0.0388018,1.091366e-08
-0.3125,-1.7375,0.486968,0.0183021,0.160381,4.510980e-08
-0.3125,-1.6625,0.486968,0.021752,0.0586759,1.650359e-08
-0.3125,-1.6375,0.486968,0.0230409,0.456256,1.283296e-07
-0.3125,-1.6125,0.486968,0.0244062,0.990588,2.786194e-07
-0.3125,-1.5875,0.486968,0.0258523,1.29432,3.640494e-07
-0.3125,-1.5625,0.486968,0.0273842,0.529257,1.488623e-07
-0.3125,-1.5375,0.486968,0.0290068,0.51551,1.449958e-07
-0.3125,-1.5125,0.486968,0.0307256,0.776037,2.182732e-07
-0.3125,-1.4875,0.486968,0.0325462,0.240571,6.766470e-08
-0.3125,-1.4625,0.486968,0.0344747,0.401454,1.129157e-07
-0.3125,-1.4375,0.486968,0.0365174,0.49496,1.392156e-07
-0.3125,-1.4125,0.486968,0.0386812,0.562613,1.582442e-07
-0.3125,-1.3875,0.486968,0.0409732,1.0948,3.079317e-07
-0.3125,-1.3625,0.486968,0.043401,1.39505,3.923811e-07
-0.3125,-1.3375,0.486968,0.0459727,0.706929,1.988355e-07
-0.3125,-1.3125,0.486968,0.0486968,0.780551,2.195430e-07
-0.3125,-1.2875,0.486968,0.0515822,1.47739,4.155393e-07
-0.3125,-1.2625,0.486968,0.0546387,1.06407,2.992862e-07
-0.3125,-1.2375,0.486968,0.0578762,1.29314,3.637177e-07
-0.3125,-1.2125,0.486968,0.0613056,1.69514,4.767858e-07
-0.3125,-1.1875,0.486968,0.0649382,2.23398,6.283437e-07
-0.3125,-1.1625,0.486968,0.068786,0.393093,1.105639e-07
-0.3125,-1.1375,0.486968,0.0728618,0.352101,9.903424e-08
-0.3125,-1.1125,0.486968,0.0771792,0.926421,2.605713e-07
-0.3125,-1.0875,0.486968,0.0817523,2.26614,6.373896e-07
-0.3125,-1.0625,0.486968,0.0865964,2.20095,6.190546e-07
-0.3125,-1.0375,0.486968,0.0917276,1.88016,5.288268e-07
-0.3125,-1.0125,0.486968,0.0971628,1.97135,5.544747e-07
-0.3125,-0.9875,0.486968,0.10292,1.94462,5.469577e-07
-0.3125,-0.9625,0.486968,0.109018,1.97355,5.550937e-07
-0.3125,-0.9375,0.486968,0.115478,0.912632,2.566928e-07
-0.3125,-0.9125,0.486968,0.122321,1.63823,4.607786e-07
-0.3125,-0.8875,0.486968,0.129569,2.30974,6.496540e-07
-0.3125,-0.8625,0.486968,0.137246,1.77417,4.990139e-07
-0.3125,-0.8375,0.486968,0.145378,1.10829,3.117240e-07
-0.3125,-0.8125,0.486968,0.153993,0.826989,2.326045e-07
-0.3125,-0.7875,0.486968,0.163117,0.696011,1.957646e-07
-0.3125,-0.7625,0.486968,0.172783,1.19202,3.352763e-07
-0.3125,-0.7375,0.486968,0.183021,1.12768,3.171783e-07
-0.3125,-0.7125,0.486968,0.193865,0.557373,1.567704e-07
-0.3125,-0.6875,0.486968,0.205353,0.697228,1.961070e-07
-0.3125,-0.6625,0.486968,0.21752,1.18536,3.334027e-07
-0.3125,-0.6375,0.486968,0.230409,0.809789,2.277667e-07
-0.3125,-0.6125,0.486968,0.244062,1.02233,2.875483e-07
-0.3125,-0.5875,0.486968,0.258523,0.340237,9.569722e-08
-0.3125,-0.5625,0.486968,0.273842,0.36997,1.040602e-07
-0.3125,-0.5375,0.486968,0.290068,2.829,7.957027e-07
-0.3125,-0.5125,0.486968,0.307256,5.99254,1.685502e-06
-0.3125,-0.4875,0.486968,0.325462,8.15635,2.294109e-06
-0.3125,-0.4625,0.486968,0.344747,11.0879,3.118667e-06
-0.3125,-0.4375,0.486968,0.365174,13.0209,3.662340e-06
-0.3125,-0.4125,0.486968,0.386812,20.7021,5.822820e-06
-0.3125,-0.3875,0.486968,0.409732,42.8415,1.204989e-05
-0.3125,-0.3625,0.486968,0.43401,41.5282,1.168049e-05
-0.3125,-0.3375,0.486968,0.459727,54.8783,1.543543e-05
-0.3125,-0.3125,0.486968,0.486968,98.4692,2.769611e-05
-0.3125,-0.2875,0.486968,0.515822,131.63,3.702316e-05
-0.3125,-0.2625,0.486968,0.546387,227.973,6.412119e-05
-0.3125,-0.2375,0.486968,0.578762,320.046,9.001821e-05
-0.3125,-0.2125,0.486968,0.613056,502.071,1.412158e-04
-0.3125,-0.1875,0.486968,0.649382,613.384,1.725245e-04
-0.3125,-0.1625,0.486968,0.68786,769.189,2.163473e-04
-0.3125,-0.1375,0.486968,0.728618,904.272,2.543415e-04
-0.3125,-0.1125,0.486968,0.771792,823.643,2.316633e-04
-0.3125,-0.0875,0.486968,0.817523,752.89,2.117627e-04
-0.3125,-0.0625,0.486968,0.865964,667.214,1.876652e-04
-0.3125,-0.0375,0.486968,0.917276,707.795,1.990792e-04
-0.3125,-0.0125,0.486968,0.971628,648.509,1.824038e-04
-0.3125,0.0125,0.486968,1.0292,617.687,1.737348e-04
-0.3125,0.0375,0.486968,1.09018,652.863,1.836286e-04
-0.3125,0.0625,0.486968,1.15478,673.02,1.892981e-04
-0.3125,0.0875,0.486968,1.22321,673.02,1.892981e-04
-0.3125,0.1125,0.486968,1.29569,729.657,2.052281e-04
-0.3125,0.1375,0.486968,1.37246,649.171,1.825903e-04
-0.3125,0.1625,0.486968,1.45378,648.509,1.824038e-04
-0.3125,0.1875,0.486968,1.53993,648.509,1.824038e-04
-0.3125,0.2125,0.486968,1.63117,607.456,1.708572e-04
-0.3125,0.2375,0.486968,1.72783,525.634,1.478434e-04
-0.3125,0.2625,0.486968,1.83021,491.077,1.381236e-04
-0.3125,0.2875,0.486968,1.93865,402.964,1.133402e-04
-0.3125,0.3125,0.486968,2.05353,365.753,1.028741e-04
-0.3125,0.3375,0.486968,2.1752,337.659,9.497226e-05
-0.3125,0.3625,0.486968,2.30409,296.305,8.334074e-05
-0.3125,0.3875,0.486968,2.44062,261.305,7.349626e-05
-0.3125,0.4125,0.486968,2.58523,241.583,6.794929e-05
-0.3125,0.4375,0.486968,2.73842,193.499,5.442474e-05
-0.3125,0.4625,0.486968,2.90068,182.461,5.132012e-05
-0.3125,0.4875,0.486968,3.07256,188.731,5.308372e-05
-0.3125,0.5125,0.486968,3.25462,165.348,4.650696e-05
-0.3125,0.5375,0.486968,3.44747,155.895,4.384806e-05
-0.3125,0.5625,0.486968,3.65174,120.322,3.384246e-05
-0.3125,0.5875,0.486968,3.86812,113.954,3.205153e-05
-0.3125,0.6125,0.486968,4.09732,98.7718,2.778123e-05
-0.3125,0.6375,0.486968,4.3401,93.3149,2.624638e-05
-0.3125,0.6625,0.486968,4.59727,82.3898,2.317351e-05
-0.3125,0.6875,0.486968,4.86968,77.983,2.193402e-05
-0.3125,0.7125,0.486968,5.15822,68.9891,1.940433e-05
-0.3125,0.7375,0.486968,5.46387,61.1961,1.721243e-05
-0.3125,0.7625,0.486968,5.78762,47.0537,1.323463e-05
-0.3125,0.7875,0.486968,6.13056,43.3049,1.218023e-05
-0.3125,0.8125,0.486968,6.49382,33.0561,9.297580e-06
-0.3125,0.8375,0.486968,6.8786,28.0745,7.896422e-06
-0.3125,0.8625,0.486968,7.28618,23.868,6.713264e-06
-0.3125,0.8875,0.486968,7.71792,15.3146,4.307498e-06
-0.3125,0.9125,0.486968,8.17523,11.9639,3.365047e-06
-0.3125,0.9375,0.486968,8.65964,11.503,3.235407e-06
-0.3125,0.9625,0.486968,9.17276,10.0228,2.819068e-06
-0.3125,0.9875,0.486968,9.71628,4.86228,1.367598e-06
-0.3125,1.0125,0.486968,10.292,1.5759,4.432476e-07
-0.3125,1.0375,0.486968,10.9018,2.55226,7.178656e-07
-0.3125,1.0625,0.486968,11.5478,1.30152,3.660733e-07
-0.3125,1.0875,0.486968,12.2321,0.400952,1.127745e-07
-0.3125,1.1125,0.486968,12.9569,0.109351,3.075668e-08
-0.3125,1.1375,0.486968,13.7246,0.331823,9.333062e-08
-0.3125,1.1625,0.486968,14.5378,0.582027,1.637049e-07
-0.2875,-1.7375,0.515822,0.0183021,0.109351,3.075668e-08
-0.2875,-1.7125,0.515822,0.0193865,0.218701,6.151337e-08
-0.2875,-1.6875,0.515822,0.0205353,0.546753,1.537834e-07
-0.2875,-1.6625,0.515822,0.021752,0.218701,6.151337e-08
-0.2875,-1.6375,0.515822,0.0230409,0.3733,1.049970e-07
-0.2875,-1.6125,0.515822,0.0244062,0.962285,2.706588e-07
-0.2875,-1.5875,0.515822,0.0258523,0.267301,7.518300e-08
-0.2875,-1.5625,0.515822,0.0273842,0.328052,9.227005e-08
-0.2875,-1.5125,0.515822,0.0307256,0.51551,1.449958e-07
-0.2875,-1.4875,0.515822,0.0325462,0.555165,1.561493e-07
-0.2875,-1.4125,0.515822,0.0386812,0.962285,2.706588e-07
-0.2875,-1.3875,0.515822,0.0409732,0.935555,2.631405e-07
-0.2875,-1.3625,0.515822,0.043401,1.20286,3.383235e-07
-0.2875,-1.3375,0.515822,0.0459727,1.08013,3.038048e-07
-0.2875,-1.3125,0.515822,0.0486968,1.8612,5.234933e-07
-0.2875,-1.2875,0.515822,0.0515822,2.41325,6.787660e-07
-0.2875,-1.2625,0.515822,0.0546387,0.622167,1.749949e-07
-0.2875,-1.2375,0.515822,0.0578762,0.866408,2.436918e-07
-0.2875,-1.2125,0.515822,0.0613056,0.380533,1.070312e-07
-0.2875,-1.1875,0.515822,0.0649382,0.84823,2.385787e-07
-0.2875,-1.1625,0.515822,0.068786,0.374919,1.054523e-07
-0.2875,-1.1375,0.515822,0.0728618,1.78915,5.032282e-07
-0.2875,-1.1125,0.515822,0.0771792,1.22161,3.435985e-07
-0.2875,-1.0875,0.515822,0.0817523,0.721714,2.029941e-07
-0.2875,-1.0375,0.515822,0.0917276,0.224634,6.318196e-08
-0.2875,-1.0125,0.515822,0.0971628,1.11094,3.124697e-07
-0.2875,-0.9875,0.515822,0.10292,1.21537,3.418431e-07
-0.2875,-0.9625,0.515822,0.109018,0.536432,1.508803e-07
-0.2875,-0.9125,0.515822,0.122321,0.962285,2.706588e-07
-0.2875,-0.8875,0.515822,0.129569,2.28223,6.419152e-07
-0.2875,-0.8625,0.515822,0.137246,1.89611,5.333120e-07
-0.2875,-0.8375,0.515822,0.145378,1.65191,4.646285e-07
-0.2875,-0.8125,0.515822,0.153993,0.721714,2.029941e-07
-0.2875,-0.7875,0.515822,0.163117,0.799409,2.248470e-07
-0.2875,-0.7625,0.515822,0.172783,1.63691,4.604079e-07
-0.2875,-0.7375,0.515822,0.183021,0.721714,2.029941e-07
-0.2875,-0.6875,0.515822,0.205353,0.433028,1.217965e-07
-0.2875,-0.6125,0.515822,0.244062,0.3733,1.049970e-07
-0.2875,-0.5875,0.515822,0.258523,0.693956,1.951866e-07
-0.2875,-0.5625,0.515822,0.273842,0.437402,1.230267e-07
-0.2875,-0.5375,0.515822,0.290068,1.72644,4.855904e-07
-0.2875,-0.5125,0.515822,0.307256,1.18741,3.339791e-07
-0.2875,-0.4875,0.515822,0.325462,1.20286,3.383235e-07
-0.2875,-0.4625,0.515822,0.344747,2.98627,8.399391e-07
-0.2875,-0.4375,0.515822,0.365174,4.26367,1.199229e-06
-0.2875,-0.4125,0.515822,0.386812,10.5605,2.970324e-06
-0.2875,-0.3875,0.515822,0.409732,14.7272,4.142277e-06
-0.2875,-0.3625,0.515822,0.43401,19.9175,5.602130e-06
-0.2875,-0.3375,0.515822,0.459727,27.4849,7.730582e-06
-0.2875,-0.3125,0.515822,0.486968,38.7137,1.088888e-05
-0.2875,-0.2875,0.515822,0.515822,54.6129,1.536080e-05
-0.2875,-0.2625,0.515822,0.546387,90.7709,2.553083e-05
-0.2875,-0.2375,0.515822,0.578762,128.087,3.602661e-05
-0.2875,-0.2125,0.515822,0.613056,205.636,5.783868e-05
-0.2875,-0.1875,0.515822,0.649382,303.591,8.539004e-05
-0.2875,-0.1625,0.515822,0.68786,437.33,1.230062e-04
-0.2875,-0.1375,0.515822,0.728618,626.466,1.762041e-04
-0.2875,-0.1125,0.515822,0.771792,697.306,1.961290e-04
-0.2875,-0.0875,0.515822,0.817523,610.909,1.718284e-04
-0.2875,-0.0625,0.515822,0.865964,585.622,1.647160e-04
-0.2875,-0.0375,0.515822,0.917276,556.925,1.566444e-04
-0.2875,-0.0125,0.515822,0.971628,504.02,1.417641e-04
-0.2875,0.0125,0.515822,1.0292,480.008,1.350101e-04
-0.2875,0.0375,0.515822,1.09018,480.008,1.350101e-04
-0.2875,0.0625,0.515822,1.15478,480.008,1.350101e-04
-0.2875,0.0875,0.515822,1.22321,480.008,1.350101e-04
-0.2875,0.1125,0.515822,1.29569,480.008,1.350101e-04
-0.2875,0.1375,0.515822,1.37246,480.008,1.350101e-04
-0.2875,0.1625,0.515822,1.45378,480.008,1.350101e-04
-0.2875,0.1875,0.515822,1.53993,480.008,1.350101e-04
-0.2875,0.2125,0.515822,1.63117,401.833,1.130221e-04
-0.2875,0.2375,0.515822,1.72783,399.356,1.123256e-04
-0.2875,0.2625,0.515822,1.83021,399.356,1.123256e-04
-0.2875,0.2875,0.515822,1.93865,356.682,1.003228e-04
-0.2875,0.3125,0.515822,2.05353,299.491,8.423688e-05
-0.2875,0.3375,0.515822,2.1752,288.216,8.106556e-05
-0.2875,0.3625,0.515822,2.30409,231.455,6.510054e-05
-0.2875,0.3875,0.515822,2.44062,227.863,6.409033e-05
-0.2875,0.4125,0.515822,2.58523,208.26,5.857656e-05
-0.2875,0.4375,0.515822,2.73842,177.965,5.005571e-05
-0.2875,0.4625,0.515822,2.90068,162.452,4.569243e-05
-0.2875,0.4875,0.515822,3.07256,164.935,4.639064e-05
-0.2875,0.5125,0.515822,3.25462,142.828,4.017282e-05
-0.2875,0.5375,0.515822,3.44747,124.268,3.495256e-05
-0.2875,0.5625,0.515822,3.65174,109.813,3.088661e-05
-0.2875,0.5875,0.515822,3.86812,105.768,2.974893e-05
-0.2875,0.6125,0.515822,4.09732,100.791,2.834923e-05
-0.2875,0.6375,0.515822,4.3401,78.1666,2.198567e-05
-0.2875,0.6625,0.515822,4.59727,72.8011,2.047652e-05
-0.2875,0.6875,0.515822,4.86968,68.5932,1.929298e-05
-0.2875,0.7125,0.515822,5.15822,55.8847,1.571851e-05
-0.2875,0.7375,0.515822,5.46387,62.3809,1.754567e-05
-0.2875,0.7625,0.515822,5.78762,49.0124,1.378555e-05
-0.2875,0.7875,0.515822,6.13056,37.9823,1.068317e-05
-0.2875,0.8125,0.515822,6.49382,37.034,1.041644e-05
-0.2875,0.8375,0.515822,6.8786,22.2187,6.249378e-06
-0.2875,0.8625,0.515822,7.28618,14.8562,4.178567e-06
-0.2875,0.8875,0.515822,7.71792,15.3039,4.304478e-06
-0.2875,0.9125,0.515822,8.17523,13.1999,3.712685e-06
-0.2875,0.9375,0.515822,8.65964,6.97056,1.960586e-06
-0.2875,0.9625,0.515822,9.17276,4.16329,1.170995e-06
-0.2875,0.9875,0.515822,9.71628,3.40308,9.571741e-07
-0.2875,1.0125,0.515822,10.292,1.45128,4.081971e-07
-0.2875,1.0375,0.515822,10.9018,0.218701,6.151337e-08
-0.2875,1.0625,0.515822,11.5478,0.874805,2.460535e-07
-0.2875,1.0875,0.515822,12.2321,1.20286,3.383235e-07
-0.2875,1.1125,0.515822,12.9569,0.400952,1.127745e-07
-0.2875,1.1875,0.515822,15.3993,0.437402,1.230267e-07
-0.2875,1.2125,0.515822,16.3117,0.171837,4.833193e-08
-0.2625,-1.7375,0.546387,0.0183021,0.116405,3.274099e-08
-0.2625,-1.7125,0.546387,0.0193865,0.240571,6.766470e-08
-0.2625,-1.6875,0.546387,0.0205353,0.668254,1.879575e-07
-0.2625,-1.6125,0.546387,0.0244062,0.51551,1.449958e-07
-0.2625,-1.5875,0.546387,0.0258523,0.133651,3.759150e-08
-0.2625,-1.5625,0.546387,0.0273842,0.3733,1.049970e-07
-0.2625,-1.4875,0.546387,0.0325462,0.470683,1.323875e-07
-0.2625,-1.4625,0.546387,0.0344747,0.546753,1.537834e-07
-0.2625,-1.4125,0.546387,0.0386812,0.51551,1.449958e-07
-0.2625,-1.3875,0.546387,0.0409732,0.144343,4.059882e-08
-0.2625,-1.3625,0.546387,0.043401,1.20286,3.383235e-07
-0.2625,-1.3375,0.546387,0.0459727,0.596914,1.678921e-07
-0.2625,-1.3125,0.546387,0.0486968,0.929414,2.614132e-07
-0.2625,-1.2875,0.546387,0.0515822,0.429104,1.206928e-07
-0.2625,-1.2625,0.546387,0.0546387,1.27633,3.589890e-07
-0.2625,-1.2375,0.546387,0.0578762,0.708836,1.993719e-07
-0.2625,-1.2125,0.546387,0.0613056,1.06772,3.003155e-07
-0.2625,-1.1875,0.546387,0.0649382,1.63013,4.585014e-07
-0.2625,-1.1625,0.546387,0.068786,0.109351,3.075668e-08
-0.2625,-1.1375,0.546387,0.0728618,1.03598,2.913868e-07
-0.2625,-1.1125,0.546387,0.0771792,1.18507,3.333213e-07
-0.2625,-1.0875,0.546387,0.0817523,0.927751,2.609455e-07
-0.2625,-1.0625,0.546387,0.0865964,0.187946,5.286305e-08
-0.2625,-1.0375,0.546387,0.0917276,0.762528,2.144738e-07
-0.2625,-1.0125,0.546387,0.0971628,0.929414,2.614132e-07
-0.2625,-0.9875,0.546387,0.10292,1.2404,3.488822e-07
-0.2625,-0.9625,0.546387,0.109018,1.4746,4.147554e-07
-0.2625,-0.9375,0.546387,0.115478,0.601428,1.691618e-07
-0.2625,-0.9125,0.546387,0.122321,0.693956,1.951866e-07
-0.2625,-0.8875,0.546387,0.129569,0.144343,4.059882e-08
-0.2625,-0.8625,0.546387,0.137246,1.04765,2.946689e-07
-0.2625,-0.8375,0.546387,0.145378,0.668254,1.879575e-07
-0.2625,-0.8125,0.546387,0.153993,0.109351,3.075668e-08
-0.2625,-0.7875,0.546387,0.163117,0.481143,1.353294e-07
-0.2625,-0.7625,0.546387,0.172783,1.20286,3.383235e-07
-0.2625,-0.7375,0.546387,0.183021,0.668254,1.879575e-07
-0.2625,-0.7125,0.546387,0.193865,0.109351,3.075668e-08
-0.2625,-0.5875,0.546387,0.258523,0.116405,3.274099e-08
-0.2625,-0.5625,0.546387,0.273842,0.51551,1.449958e-07
-0.2625,-0.5375,0.546387,0.290068,0.3733,1.049970e-07
-0.2625,-0.5125,0.546387,0.307256,0.240571,6.766470e-08
-0.2625,-0.4875,0.546387,0.325462,0.668254,1.879575e-07
-0.2625,-0.4625,0.546387,0.344747,1.04356,2.935182e-07
-0.2625,-0.4375,0.546387,0.365174,1.27161,3.576619e-07
-0.2625,-0.4125,0.546387,0.386812,3.10019,8.719806e-07
-0.2625,-0.3875,0.546387,0.409732,7.50797,2.111741e-06
-0.2625,-0.3625,0.546387,0.43401,11.8212,3.324921e-06
-0.2625,-0.3375,0.546387,0.459727,14.1519,3.980471e-06
-0.2625,-0.3125,0.546387,0.486968,16.7116,4.700412e-06
-0.2625,-0.2875,0.546387,0.515822,27.7863,7.815359e-06
-0.2625,-0.2625,0.546387,0.546387,49.3133,1.387019e-05
-0.2625,-0.2375,0.546387,0.578762,64.4195,1.811906e-05
-0.2625,-0.2125,0.546387,0.613056,94.6274,2.661554e-05
-0.2625,-0.1875,0.546387,0.649382,138.232,3.888015e-05
-0.2625,-0.1625,0.546387,0.68786,232.375,6.535931e-05
-0.2625,-0.1375,0.546387,0.728618,362.137,1.018570e-04
-0.2625,-0.1125,0.546387,0.771792,503.897,1.417294e-04
-0.2625,-0.0875,0.546387,0.817523,490.118,1.378537e-04
-0.2625,-0.0625,0.546387,0.865964,480.008,1.350101e-04
-0.2625,-0.0375,0.546387,0.917276,480.008,1.350101e-04
-0.2625,-0.0125,0.546387,0.971628,456.889,1.285076e-04
-0.2625,0.0125,0.546387,1.0292,404.36,1.137330e-04
-0.2625,0.0375,0.546387,1.09018,390.366,1.097969e-04
-0.2625,0.0625,0.546387,1.15478,366.647,1.031256e-04
-0.2625,0.0875,0.546387,1.22321,384.914,1.082636e-04
-0.2625,0.1125,0.546387,1.29569,399.356,1.123256e-04
-0.2625,0.1375,0.546387,1.37246,375.924,1.057349e-04
-0.2625,0.1625,0.546387,1.45378,399.356,1.123256e-04
-0.2625,0.1875,0.546387,1.53993,379.463,1.067302e-04
-0.2625,0.2125,0.546387,1.63117,361.295,1.016201e-04
-0.2625,0.2375,0.546387,1.72783,332.066,9.339911e-05
-0.2625,0.2625,0.546387,1.83021,331.757,9.331222e-05
-0.2625,0.2875,0.546387,1.93865,310.349,8.729095e-05
-0.2625,0.3125,0.546387,2.05353,273.109,7.681641e-05
-0.2625,0.3375,0.546387,2.1752,240.524,6.765135e-05
-0.2625,0.3625,0.546387,2.30409,220.61,6.205038e-05
-0.2625,0.3875,0.546387,2.44062,193.382,5.439186e-05
-0.2625,0.4125,0.546387,2.58523,172.641,4.855815e-05
-0.2625,0.4375,0.546387,2.73842,162.452,4.569243e-05
-0.2625,0.4625,0.546387,2.90068,152.523,4.289961e-05
-0.2625,0.4875,0.546387,3.07256,152.571,4.291310e-05
-0.2625,0.5125,0.546387,3.25462,130.82,3.679542e-05
-0.2625,0.5375,0.546387,3.44747,123.601,3.476482e-05
-0.2625,0.5625,0.546387,3.65174,106.956,3.008309e-05
-0.2625,0.5875,0.546387,3.86812,106.963,3.008519e-05
-0.2625,0.6125,0.546387,4.09732,91.4454,2.572053e-05
-0.2625,0.6375,0.546387,4.3401,85.3445,2.400457e-05
-0.2625,0.6625,0.546387,4.59727,64.9882,1.827900e-05
-0.2625,0.6875,0.546387,4.86968,61.2246,1.722045e-05
-0.2625,0.7125,0.546387,5.15822,48.2597,1.357385e-05
-0.2625,0.7375,0.546387,5.46387,55.2479,1.553941e-05
-0.2625,0.7625,0.546387,5.78762,42.2773,1.189120e-05
-0.2625,0.7875,0.546387,6.13056,34.407,9.677552e-06
-0.2625,0.8125,0.546387,6.49382,25.9843,7.308523e-06
-0.2625,0.8375,0.546387,6.8786,20.2914,5.707303e-06
-0.2625,0.8625,0.546387,7.28618,15.1189,4.252434e-06
-0.2625,0.8875,0.546387,7.71792,14.3174,4.026994e-06
-0.2625,0.9125,0.546387,8.17523,12.0338,3.384709e-06
-0.2625,0.9375,0.546387,8.65964,6.24316,1.755992e-06
-0.2625,0.9625,0.546387,9.17276,3.03978,8.549891e-07
-0.2625,0.9875,0.546387,9.71628,4.21095,1.184401e-06
-0.2625,1.0125,0.546387,10.292,0.890649,2.505099e-07
-0.2625,1.0375,0.546387,10.9018,0.681619,1.917167e-07
-0.2625,1.0625,0.546387,11.5478,0.721714,2.029941e-07
-0.2625,1.0875,0.546387,12.2321,0.721714,2.029941e-07
-0.2625,1.1125,0.546387,12.9569,0.850778,2.392956e-07
-0.2625,1.1875,0.546387,15.3993,0.51551,1.449958e-07
-0.2625,1.2125,0.546387,16.3117,0.212269,5.970415e-08
-0.2375,-1.4625,0.578762,0.0344747,0.207389,5.833164e-08
-0.2375,-1.3625,0.578762,0.043401,0.207389,5.833164e-08
-0.2375,-1.2875,0.578762,0.0515822,0.097712,2.748314e-08
-0.2375,-1.2625,0.578762,0.0546387,0.312267,8.783021e-08
-0.2375,-1.2125,0.578762,0.0613056,0.236279,6.645729e-08
-0.2375,-1.1875,0.578762,0.0649382,0.248705,6.995241e-08
-0.2375,-1.1625,0.578762,0.068786,0.721714,2.029941e-07
-0.2375,-1.1375,0.578762,0.0728618,0.116405,3.274099e-08
-0.2375,-1.1125,0.578762,0.0771792,0.0751785,2.114522e-08
-0.2375,-1.0875,0.578762,0.0817523,0.393321,1.106280e-07
-0.2375,-1.0625,0.578762,0.0865964,0.290345,8.166430e-08
-0.2375,-1.0375,0.578762,0.0917276,0.962285,2.706588e-07
-0.2375,-0.9875,0.578762,0.10292,0.219446,6.172271e-08
-0.2375,-0.9625,0.578762,0.109018,0.794257,2.233981e-07
-0.2375,-0.9375,0.578762,0.115478,0.871034,2.449929e-07
-0.2375,-0.9125,0.578762,0.122321,0.0364502,1.025223e-08
-0.2375,-0.8625,0.578762,0.137246,0.116405,3.274099e-08
-0.2375,-0.8375,0.578762,0.145378,0.0751785,2.114522e-08
-0.2375,-0.8125,0.578762,0.153993,0.0364502,1.025223e-08
-0.2375,-0.7875,0.578762,0.163117,0.160381,4.510980e-08
-0.2375,-0.7625,0.578762,0.172783,0.207389,5.833164e-08
-0.2375,-0.7375,0.578762,0.183021,0.0751785,2.114522e-08
-0.2375,-0.7125,0.578762,0.193865,0.0364502,1.025223e-08
-0.2375,-0.6625,0.578762,0.21752,0.162548,4.571939e-08
-0.2375,-0.6375,0.578762,0.230409,0.388018,1.091366e-07
-0.2375,-0.6125,0.578762,0.244062,0.582027,1.637049e-07
-0.2375,-0.4625,0.578762,0.344747,0.282702,7.951473e-08
-0.2375,-0.4125,0.578762,0.386812,0.236279,6.645729e-08
-0.2375,-0.3875,0.578762,0.409732,2.4102,6.779096e-07
-0.2375,-0.3625,0.578762,0.43401,3.01181,8.471206e-07
-0.2375,-0.3375,0.578762,0.459727,6.52988,1.836639e-06
-0.2375,-0.3125,0.578762,0.486968,8.20345,2.307356e-06
-0.2375,-0.2875,0.578762,0.515822,12.8066,3.602076e-06
-0.2375,-0.2625,0.578762,0.546387,20.0834,5.648797e-06
-0.2375,-0.2375,0.578762,0.578762,25.8607,7.273759e-06
-0.2375,-0.2125,0.578762,0.613056,47.8291,1.345272e-05
-0.2375,-0.1875,0.578762,0.649382,64.3037,1.808649e-05
-0.2375,-0.1625,0.578762,0.68786,82.792,2.328663e-05
-0.2375,-0.1375,0.578762,0.728618,147.268,4.142161e-05
-0.2375,-0.1125,0.578762,0.771792,228.174,6.417777e-05
-0.2375,-0.0875,0.578762,0.817523,303.62,8.539821e-05
-0.2375,-0.0625,0.578762,0.865964,324.201,9.118692e-05
-0.2375,-0.0375,0.578762,0.917276,376.508,1.058992e-04
-0.2375,-0.0125,0.578762,0.971628,351.414,9.884103e-05
-0.2375,0.0125,0.578762,1.0292,337.482,9.492231e-05
-0.2375,0.0375,0.578762,1.09018,293.572,8.257200e-05
-0.2375,0.0625,0.578762,1.15478,277.483,7.804660e-05
-0.2375,0.0875,0.578762,1.22321,277.07,7.793064e-05
-0.2375,0.1125,0.578762,1.29569,304.434,8.562724e-05
-0.2375,0.1375,0.578762,1.37246,301.198,8.471693e-05
-0.2375,0.1625,0.578762,1.45378,282.396,7.942871e-05
-0.2375,0.1875,0.578762,1.53993,258.829,7.279994e-05
-0.2375,0.2125,0.578762,1.63117,302.728,8.514718e-05
-0.2375,0.2375,0.578762,1.72783,256.949,7.227125e-05
-0.2375,0.2625,0.578762,1.83021,255.106,7.175295e-05
-0.2375,0.2875,0.578762,1.93865,255.106,7.175295e-05
-0.2375,0.3125,0.578762,2.05353,211.002,5.934772e-05
-0.2375,0.3375,0.578762,2.1752,220.365,6.198139e-05
-0.2375,0.3625,0.578762,2.30409,205.688,5.785331e-05
-0.2375,0.3875,0.578762,2.44062,194.055,5.458129e-05
-0.2375,0.4125,0.578762,2.58523,173.704,4.885705e-05
-0.2375,0.4375,0.578762,2.73842,154.909,4.357082e-05
-0.2375,0.4625,0.578762,2.90068,141.27,3.973457e-05
-0.2375,0.4875,0.578762,3.07256,124.071,3.489702e-05
-0.2375,0.5125,0.578762,3.25462,112.831,3.173547e-05
-0.2375,0.5375,0.578762,3.44747,93.3568,2.625817e-05
-0.2375,0.5625,0.578762,3.65174,109.077,3.067982e-05
-0.2375,0.5875,0.578762,3.86812,86.8354,2.442391e-05
-0.2375,0.6125,0.578762,4.09732,70.4399,1.981239e-05
-0.2375,0.6375,0.578762,4.3401,78.7692,2.215515e-05
-0.2375,0.6625,0.578762,4.59727,64.9858,1.827835e-05
-0.2375,0.6875,0.578762,4.86968,59.0017,1.659521e-05
-0.2375,0.7125,0.578762,5.15822,40.888,1.150042e-05
-0.2375,0.7375,0.578762,5.46387,39.2411,1.103722e-05
-0.2375,0.7625,0.578762,5.78762,33.9354,9.544900e-06
-0.2375,0.7875,0.578762,6.13056,33.4869,9.418754e-06
-0.2375,0.8125,0.578762,6.49382,19.0205,5.349846e-06
-0.2375,0.8375,0.578762,6.8786,16.7521,4.711798e-06
-0.2375,0.8625,0.578762,7.28618,18.474,5.196130e-06
-0.2375,0.8875,0.578762,7.71792,14.0237,3.944400e-06
-0.2375,0.9125,0.578762,8.17523,8.5485,2.404409e-06
-0.2375,0.9375,0.578762,8.65964,6.87676,1.934204e-06
-0.2375,0.9625,0.578762,9.17276,4.01263,1.128618e-06
-0.2375,0.9875,0.578762,9.71628,4.3619,1.226856e-06
-0.2375,1.0125,0.578762,10.292,2.74763,7.728171e-07
-0.2375,1.0375,0.578762,10.9018,1.60393,4.511333e-07
-0.2375,1.1125,0.578762,12.9569,0.252527,7.102750e-08
-0.2125,-1.2375,0.613056,0.0578762,0.51551,1.449958e-07
-0.2125,-1.2125,0.613056,0.0613056,0.331823,9.333062e-08
-0.2125,-1.1625,0.613056,0.068786,0.124433,3.499898e-08
-0.2125,-1.0875,0.613056,0.0817523,0.925274,2.602489e-07
-0.2125,-1.0625,0.613056,0.0865964,0.817943,2.300600e-07
-0.2125,-1.0375,0.613056,0.0917276,0.384914,1.082635e-07
-0.2125,-1.0125,0.613056,0.0971628,0.331823,9.333062e-08
-0.2125,-0.9625,0.613056,0.109018,0.0751785,2.114522e-08
-0.2125,-0.9375,0.613056,0.115478,0.529257,1.488623e-07
-0.2125,-0.9125,0.613056,0.122321,0.160381,4.510980e-08
-0.2125,-0.6625,0.613056,0.21752,0.0308425,8.674962e-09
-0.2125,-0.6375,0.613056,0.230409,0.0751785,2.114522e-08
-0.2125,-0.6125,0.613056,0.244062,0.116405,3.274099e-08
-0.2125,-0.5875,0.613056,0.258523,0.171837,4.833193e-08
-0.2125,-0.5625,0.613056,0.273842,0.712804,2.004880e-07
-0.2125,-0.4125,0.613056,0.386812,0.582027,1.637049e-07
-0.2125,-0.3875,0.613056,0.409732,0.508901,1.431369e-07
-0.2125,-0.3625,0.613056,0.43401,1.45413,4.089974e-07
-0.2125,-0.3375,0.613056,0.459727,2.12476,5.976252e-07
-0.2125,-0.3125,0.613056,0.486968,2.04573,5.753961e-07
-0.2125,-0.2875,0.613056,0.515822,5.33239,1.499824e-06
-0.2125,-0.2625,0.613056,0.546387,13.6438,3.837533e-06
-0.2125,-0.2375,0.613056,0.578762,14.1977,3.993348e-06
-0.2125,-0.2125,0.613056,0.613056,28.4855,8.012016e-06
-0.2125,-0.1875,0.613056,0.649382,37.8275,1.063961e-05
-0.2125,-0.1625,0.613056,0.68786,42.4333,1.193506e-05
-0.2125,-0.1375,0.613056,0.728618,64.9094,1.825685e-05
-0.2125,-0.1125,0.613056,0.771792,99.7812,2.806513e-05
-0.2125,-0.0875,0.613056,0.817523,169.66,4.771973e-05
-0.2125,-0.0625,0.613056,0.865964,242.563,6.822487e-05
-0.2125,-0.0375,0.613056,0.917276,242.29,6.814801e-05
-0.2125,-0.0125,0.613056,0.971628,223.899,6.297526e-05
-0.2125,0.0125,0.613056,1.0292,236.025,6.638589e-05
-0.2125,0.0375,0.613056,1.09018,215.517,6.061786e-05
-0.2125,0.0625,0.613056,1.15478,214.031,6.019986e-05
-0.2125,0.0875,0.613056,1.22321,212.545,5.978187e-05
-0.2125,0.1125,0.613056,1.29569,211.738,5.955472e-05
-0.2125,0.1375,0.613056,1.37246,213.081,5.993249e-05
-0.2125,0.1625,0.613056,1.45378,223.25,6.279272e-05
-0.2125,0.1875,0.613056,1.53993,217.663,6.122129e-05
-0.2125,0.2125,0.613056,1.63117,243.193,6.840198e-05
-0.2125,0.2375,0.613056,1.72783,237.894,6.691158e-05
-0.2125,0.2625,0.613056,1.83021,223.913,6.297913e-05
-0.2125,0.2875,0.613056,1.93865,204.164,5.742454e-05
-0.2125,0.3125,0.613056,2.05353,196.495,5.526742e-05
-0.2125,0.3375,0.613056,2.1752,186.442,5.243991e-05
-0.2125,0.3625,0.613056,2.30409,176.643,4.968367e-05
-0.2125,0.3875,0.613056,2.44062,181.18,5.095977e-05
-0.2125,0.4125,0.613056,2.58523,156.079,4.389979e-05
-0.2125,0.4375,0.613056,2.73842,143.385,4.032955e-05
-0.2125,0.4625,0.613056,2.90068,135.52,3.811724e-05
-0.2125,0.4875,0.613056,3.07256,108.106,3.040672e-05
-0.2125,0.5125,0.613056,3.25462,105.267,2.960813e-05
-0.2125,0.5375,0.613056,3.44747,91.7225,2.579849e-05
-0.2125,0.5625,0.613056,3.65174,87.2866,2.455081e-05
-0.2125,0.5875,0.613056,3.86812,75.0092,2.109760e-05
-0.2125,0.6125,0.613056,4.09732,66.3289,1.865611e-05
-0.2125,0.6375,0.613056,4.3401,75.2089,2.115375e-05
-0.2125,0.6625,0.613056,4.59727,59.8082,1.682205e-05
-0.2125,0.6875,0.613056,4.86968,57.1016,1.606077e-05
-0.2125,0.7125,0.613056,5.15822,44.7871,1.259713e-05
-0.2125,0.7375,0.613056,5.46387,34.4134,9.679346e-06
-0.2125,0.7625,0.613056,5.78762,28.5229,8.022535e-06
-0.2125,0.7875,0.613056,6.13056,24.7607,6.964349e-06
-0.2125,0.8125,0.613056,6.49382,19.5043,5.485905e-06
-0.2125,0.8375,0.613056,6.8786,11.1618,3.139437e-06
-0.2125,0.8625,0.613056,7.28618,11.5207,3.240379e-06
-0.2125,0.8875,0.613056,7.71792,9.34028,2.627110e-06
-0.2125,0.9125,0.613056,8.17523,7.92416,2.228803e-06
-0.2125,0.9375,0.613056,8.65964,5.99256,1.685507e-06
-0.2125,0.9625,0.613056,9.17276,3.26109,9.172351e-07
-0.2125,0.9875,0.613056,9.71628,2.22597,6.260900e-07
-0.2125,1.0125,0.613056,10.292,0.956956,2.691600e-07
-0.2125,1.0375,0.613056,10.9018,0.341863,9.615468e-08
-0.1875,-0.4625,0.649382,0.344747,0.106134,2.985207e-08
-0.1875,-0.4125,0.649382,0.386812,0.668254,1.879575e-07
-0.1875,-0.3875,0.649382,0.409732,1.20286,3.383235e-07
-0.1875,-0.3625,0.649382,0.43401,0.622076,1.749693e-07
-0.1875,-0.3375,0.649382,0.459727,1.72735,4.858454e-07
-0.1875,-0.3125,0.649382,0.486968,1.20286,3.383235e-07
-0.1875,-0.2875,0.649382,0.515822,1.4854,4.177935e-07
-0.1875,-0.2625,0.649382,0.546387,6.67296,1.876880e-06
-0.1875,-0.2375,0.649382,0.578762,8.61092,2.421964e-06
-0.1875,-0.2125,0.649382,0.613056,17.2364,4.848011e-06
-0.1875,-0.1875,0.649382,0.649382,15.2622,4.292762e-06
-0.1875,-0.1625,0.649382,0.68786,24.9685,7.022803e-06
-0.1875,-0.1375,0.649382,0.728618,36.7468,1.033564e-05
-0.1875,-0.1125,0.649382,0.771792,47.8942,1.347104e-05
-0.1875,-0.0875,0.649382,0.817523,81.1843,2.283444e-05
-0.1875,-0.0625,0.649382,0.865964,132.262,3.720078e-05
-0.1875,-0.0375,0.649382,0.917276,142.625,4.011575e-05
-0.1875,-0.0125,0.649382,0.971628,171.296,4.817986e-05
-0.1875,0.0125,0.649382,1.0292,173.056,4.867476e-05
-0.1875,0.0375,0.649382,1.09018,191.653,5.390547e-05
-0.1875,0.0625,0.649382,1.15478,194.834,5.480042e-05
-0.1875,0.0875,0.649382,1.22321,194.039,5.457668e-05
-0.1875,0.1125,0.649382,1.29569,165.323,4.649981e-05
-0.1875,0.1375,0.649382,1.37246,165.031,4.641763e-05
-0.1875,0.1625,0.649382,1.45378,167.417,4.708884e-05
-0.1875,0.1875,0.649382,1.53993,183.407,5.158616e-05
-0.1875,0.2125,0.649382,1.63117,196.425,5.524789e-05
-0.1875,0.2375,0.649382,1.72783,183.117,5.150472e-05
-0.1875,0.2625,0.649382,1.83021,162.178,4.561523e-05
-0.1875,0.2875,0.649382,1.93865,165.031,4.641763e-05
-0.1875,0.3125,0.649382,2.05353,165.031,4.641763e-05
-0.1875,0.3375,0.649382,2.1752,163.145,4.588734e-05
-0.1875,0.3625,0.649382,2.30409,151.168,4.251865e-05
-0.1875,0.3875,0.649382,2.44062,138.133,3.885216e-05
-0.1875,0.4125,0.649382,2.58523,136.413,3.836846e-05
-0.1875,0.4375,0.649382,2.73842,141.167,3.970547e-05
-0.1875,0.4625,0.649382,2.90068,113.027,3.179072e-05
-0.1875,0.4875,0.649382,3.07256,109.677,3.084848e-05
-0.1875,0.5125,0.649382,3.25462,95.1003,2.674853e-05
-0.1875,0.5375,0.649382,3.44747,91.38,2.570215e-05
-0.1875,0.5625,0.649382,3.65174,70.9966,1.996897e-05
-0.1875,0.5875,0.649382,3.86812,82.7942,2.328726e-05
-0.1875,0.6125,0.649382,4.09732,69.431,1.952862e-05
-0.1875,0.6375,0.649382,4.3401,61.9549,1.742585e-05
-0.1875,0.6625,0.649382,4.59727,56.3107,1.583833e-05
-0.1875,0.6875,0.649382,4.86968,51.5841,1.450890e-05
-0.1875,0.7125,0.649382,5.15822,35.3353,9.938649e-06
-0.1875,0.7375,0.649382,5.46387,29.8944,8.408285e-06
-0.1875,0.7625,0.649382,5.78762,32.0078,9.002726e-06
-0.1875,0.7875,0.649382,6.13056,24.0199,6.755992e-06
-0.1875,0.8125,0.649382,6.49382,13.851,3.895813e-06
-0.1875,0.8375,0.649382,6.8786,16.3948,4.611313e-06
-0.1875,0.8625,0.649382,7.28618,8.50919,2.393353e-06
-0.1875,0.8875,0.649382,7.71792,5.79613,1.630258e-06
-0.1875,0.9125,0.649382,8.17523,8.01404,2.254083e-06
-0.1875,0.9375,0.649382,8.65964,6.80573,1.914224e-06
-0.1875,0.9625,0.649382,9.17276,2.6749,7.523593e-07
-0.1875,0.9875,0.649382,9.71628,1.24986,3.515441e-07
-0.1875,1.0125,0.649382,10.292,1.20286,3.383235e-07
-0.1625,-0.5625,0.68786,0.273842,0.109351,3.075668e-08
-0.1625,-0.5375,0.68786,0.290068,0.218701,6.151337e-08
-0.1625,-0.4625,0.68786,0.344747,0.433028,1.217965e-07
-0.1625,-0.3625,0.68786,0.43401,0.116405,3.274099e-08
-0.1625,-0.3375,0.68786,0.459727,0.424538,1.194083e-07
-0.1625,-0.3125,0.68786,0.486968,1.60296,4.508587e-07
-0.1625,-0.2875,0.68786,0.515822,1.47151,4.138855e-07
-0.1625,-0.2625,0.68786,0.546387,3.45079,9.705921e-07
-0.1625,-0.2375,0.68786,0.578762,4.98043,1.400828e-06
-0.1625,-0.2125,0.68786,0.613056,5.22502,1.469625e-06
-0.1625,-0.1875,0.68786,0.649382,6.89281,1.938717e-06
-0.1625,-0.1625,0.68786,0.68786,11.4007,3.206630e-06
-0.1625,-0.1375,0.68786,0.728618,14.757,4.150649e-06
-0.1625,-0.1125,0.68786,0.771792,25.1609,7.076925e-06
-0.1625,-0.0875,0.68786,0.817523,31.8229,8.950720e-06
-0.1625,-0.0625,0.68786,0.865964,59.4735,1.672791e-05
-0.1625,-0.0375,0.68786,0.917276,81.2927,2.286493e-05
-0.1625,-0.0125,0.68786,0.971628,100.309,2.821371e-05
-0.1625,0.0125,0.68786,1.0292,114.616,3.223771e-05
-0.1625,0.0375,0.68786,1.09018,118.105,3.321909e-05
-0.1625,0.0625,0.68786,1.15478,121.932,3.429555e-05
-0.1625,0.0875,0.68786,1.22321,120.393,3.386246e-05
-0.1625,0.1125,0.68786,1.29569,126.228,3.550375e-05
-0.1625,0.1375,0.68786,1.37246,127.208,3.577950e-05
-0.1625,0.1625,0.68786,1.45378,134.943,3.795510e-05
-0.1625,0.1875,0.68786,1.53993,142.391,4.004972e-05
-0.1625,0.2125,0.68786,1.63117,142.391,4.004972e-05
-0.1625,0.2375,0.68786,1.72783,120.784,3.397256e-05
-0.1625,0.2625,0.68786,1.83021,109.756,3.087057e-05
-0.1625,0.2875,0.68786,1.93865,127.208,3.577950e-05
-0.1625,0.3125,0.68786,2.05353,118.642,3.337008e-05
-0.1625,0.3375,0.68786,2.1752,112.379,3.160834e-05
-0.1625,0.3625,0.68786,2.30409,120.975,3.402619e-05
-0.1625,0.3875,0.68786,2.44062,116.082,3.265011e-05
-0.1625,0.4125,0.68786,2.58523,107.702,3.029285e-05
-0.1625,0.4375,0.68786,2.73842,105.439,2.965650e-05
-0.1625,0.4625,0.68786,2.90068,97.285,2.736304e-05
-0.1625,0.4875,0.68786,3.07256,80.685,2.269400e-05
-0.1625,0.5125,0.68786,3.25462,67.6152,1.901790e-05
-0.1625,0.5375,0.68786,3.44747,76.9155,2.163377e-05
-0.1625,0.5625,0.68786,3.65174,66.6724,1.875273e-05
-0.1625,0.5875,0.68786,3.86812,54.264,1.526267e-05
-0.1625,0.6125,0.68786,4.09732,50.6429,1.424417e-05
-0.1625,0.6375,0.68786,4.3401,40.9596,1.152058e-05
-0.1625,0.6625,0.68786,4.59727,38.0087,1.069059e-05
-0.1625,0.6875,0.68786,4.86968,34.4947,9.702213e-06
-0.1625,0.7125,0.68786,5.15822,30.849,8.676784e-06
-0.1625,0.7375,0.68786,5.46387,27.8271,7.826826e-06
-0.1625,0.7625,0.68786,5.78762,20.8261,5.857702e-06
-0.1625,0.7875,0.68786,6.13056,17.4905,4.919500e-06
-0.1625,0.8125,0.68786,6.49382,11.0374,3.104461e-06
-0.1625,0.8375,0.68786,6.8786,7.93598,2.232126e-06
-0.1625,0.8625,0.68786,7.28618,6.68714,1.880871e-06
-0.1625,0.8875,0.68786,7.71792,4.86193,1.367498e-06
-0.1625,0.9125,0.68786,8.17523,3.41071,9.593181e-07
-0.1625,0.9375,0.68786,8.65964,1.83268,5.154729e-07
-0.1625,0.9625,0.68786,9.17276,3.12589,8.792088e-07
-0.1625,0.9875,0.68786,9.71628,1.4697,4.133769e-07
-0.1625,1.0125,0.68786,10.292,0.172901,4.863133e-08
-0.1625,1.0625,0.68786,11.5478,0.218701,6.151337e-08
-0.1625,1.0875,0.68786,12.2321,0.171837,4.833193e-08
-0.1375,-0.5625,0.728618,0.273842,0.0364502,1.025223e-08
-0.1375,-0.5375,0.728618,0.290068,0.0751785,2.114522e-08
-0.1375,-0.3125,0.728618,0.486968,0.434468,1.222015e-07
-0.1375,-0.2875,0.728618,0.515822,0.125567,3.531777e-08
-0.1375,-0.2625,0.728618,0.546387,0.481143,1.353294e-07
-0.1375,-0.2375,0.728618,0.578762,1.62,4.556524e-07
-0.1375,-0.2125,0.728618,0.613056,4.06004,1.141954e-06
-0.1375,-0.1875,0.728618,0.649382,4.75682,1.337934e-06
-0.1375,-0.1625,0.728618,0.68786,2.2117,6.220780e-07
-0.1375,-0.1375,0.728618,0.728618,5.56456,1.565126e-06
-0.1375,-0.1125,0.728618,0.771792,14.7967,4.161809e-06
-0.1375,-0.0875,0.728618,0.817523,14.3551,4.037612e-06
-0.1375,-0.0625,0.728618,0.865964,21.6724,6.095710e-06
-0.1375,-0.0375,0.728618,0.917276,35.4622,9.974321e-06
-0.1375,-0.0125,0.728618,0.971628,42.7223,1.201636e-05
-0.1375,0.0125,0.728618,1.0292,65.0542,1.829757e-05
-0.1375,0.0375,0.728618,1.09018,70.3532,1.978802e-05
-0.1375,0.0625,0.728618,1.15478,83.4189,2.346295e-05
-0.1375,0.0875,0.728618,1.22321,79.5609,2.237783e-05
-0.1375,0.1125,0.728618,1.29569,74.7583,2.102703e-05
-0.1375,0.1375,0.728618,1.37246,83.6873,2.353845e-05
-0.1375,0.1625,0.728618,1.45378,85.1975,2.396322e-05
-0.1375,0.1875,0.728618,1.53993,92.8568,2.611753e-05
-0.1375,0.2125,0.728618,1.63117,112.152,3.154472e-05
-0.1375,0.2375,0.728618,1.72783,98.587,2.772924e-05
-0.1375,0.2625,0.728618,1.83021,92.738,2.608412e-05
-0.1375,0.2875,0.728618,1.93865,92.8568,2.611753e-05
-0.1375,0.3125,0.728618,2.05353,96.4066,2.711596e-05
-0.1375,0.3375,0.728618,2.1752,83.1608,2.339036e-05
-0.1375,0.3625,0.728618,2.30409,85.1975,2.396322e-05
-0.1375,0.3875,0.728618,2.44062,92.738,2.608412e-05
-0.1375,0.4125,0.728618,2.58523,77.1205,2.169143e-05
-0.1375,0.4375,0.728618,2.73842,76.7246,2.158008e-05
-0.1375,0.4625,0.728618,2.90068,73.2909,2.061428e-05
-0.1375,0.4875,0.728618,3.07256,79.1399,2.225943e-05
-0.1375,0.5125,0.728618,3.25462,61.0088,1.715974e-05
-0.1375,0.5375,0.728618,3.44747,57.7799,1.625155e-05
-0.1375,0.5625,0.728618,3.65174,59.0951,1.662147e-05
-0.1375,0.5875,0.728618,3.86812,42.3453,1.191033e-05
-0.1375,0.6125,0.728618,4.09732,48.5238,1.364814e-05
-0.1375,0.6375,0.728618,4.3401,36.9481,1.039226e-05
-0.1375,0.6625,0.728618,4.59727,37.7962,1.063082e-05
-0.1375,0.6875,0.728618,4.86968,37.7631,1.062150e-05
-0.1375,0.7125,0.728618,5.15822,35.8361,1.007950e-05
-0.1375,0.7375,0.728618,5.46387,31.5341,8.869502e-06
-0.1375,0.7625,0.728618,5.78762,18.474,5.196130e-06
-0.1375,0.7875,0.728618,6.13056,14.5638,4.096313e-06
-0.1375,0.8125,0.728618,6.49382,11.5904,3.259984e-06
-0.1375,0.8375,0.728618,6.8786,10.0611,2.829843e-06
-0.1375,0.8625,0.728618,7.28618,4.9038,1.379277e-06
-0.1375,0.8875,0.728618,7.71792,2.99199,8.415465e-07
-0.1375,0.9125,0.728618,8.17523,1.43603,4.039087e-07
-0.1375,0.9375,0.728618,8.65964,1.58561,4.459804e-07
-0.1375,0.9625,0.728618,9.17276,2.98001,8.381769e-07
-0.1375,0.9875,0.728618,9.71628,1.02332,2.878272e-07
-0.1375,1.0125,0.728618,10.292,0.0334127,9.397875e-09
-0.1375,1.0375,0.728618,10.9018,0.652979,1.836613e-07
-0.1375,1.0625,0.728618,11.5478,0.0751785,2.114522e-08
-0.1375,1.0875,0.728618,12.2321,0.882095,2.481039e-07
-0.1375,1.1125,0.728618,12.9569,0.309306,8.699747e-08
-0.1125,-0.2625,0.771792,0.546387,1.08645,3.055825e-07
-0.1125,-0.2375,0.771792,0.578762,1.03152,2.901318e-07
-0.1125,-0.2125,0.771792,0.613056,2.1715,6.107701e-07
-0.1125,-0.1875,0.771792,0.649382,3.72832,1.048652e-06
-0.1125,-0.1625,0.771792,0.68786,2.65974,7.480962e-07
-0.1125,-0.1375,0.771792,0.728618,5.86871,1.650674e-06
-0.1125,-0.1125,0.771792,0.771792,7.11521,2.001271e-06
-0.1125,-0.0875,0.771792,0.817523,6.36662,1.790719e-06
-0.1125,-0.0625,0.771792,0.865964,8.93497,2.513109e-06
-0.1125,-0.0375,0.771792,0.917276,16.5752,4.662043e-06
-0.1125,-0.0125,0.771792,0.971628,18.2599,5.135889e-06
-0.1125,0.0125,0.771792,1.0292,33.4172,9.399136e-06
-0.1125,0.0375,0.771792,1.09018,43.2534,1.216573e-05
-0.1125,0.0625,0.771792,1.15478,51.7796,1.456387e-05
-0.1125,0.0875,0.771792,1.22321,64.1091,1.803176e-05
-0.1125,0.1125,0.771792,1.29569,54.016,1.519291e-05
-0.1125,0.1375,0.771792,1.37246,57.7032,1.623000e-05
-0.1125,0.1625,0.771792,1.45378,60.2394,1.694334e-05
-0.1125,0.1875,0.771792,1.53993,58.5946,1.648072e-05
-0.1125,0.2125,0.771792,1.63117,63.6919,1.791440e-05
-0.1125,0.2375,0.771792,1.72783,72.2108,2.031050e-05
-0.1125,0.2625,0.771792,1.83021,68.3342,1.922014e-05
-0.1125,0.2875,0.771792,1.93865,76.4262,2.149616e-05
-0.1125,0.3125,0.771792,2.05353,68.946,1.939222e-05
-0.1125,0.3375,0.771792,2.1752,61.4875,1.729439e-05
-0.1125,0.3625,0.771792,2.30409,68.0106,1.912911e-05
-0.1125,0.3875,0.771792,2.44062,69.0935,1.943371e-05
-0.1125,0.4125,0.771792,2.58523,62.2517,1.750933e-05
-0.1125,0.4375,0.771792,2.73842,50.4721,1.419611e-05
-0.1125,0.4625,0.771792,2.90068,50.6741,1.425293e-05
-0.1125,0.4875,0.771792,3.07256,61.8308,1.739094e-05
-0.1125,0.5125,0.771792,3.25462,51.379,1.445121e-05
-0.1125,0.5375,0.771792,3.44747,50.7145,1.426429e-05
-0.1125,0.5625,0.771792,3.65174,48.4698,1.363293e-05
-0.1125,0.5875,0.771792,3.86812,35.1866,9.896812e-06
-0.1125,0.6125,0.771792,4.09732,40.7818,1.147055e-05
-0.1125,0.6375,0.771792,4.3401,35.1899,9.897734e-06
-0.1125,0.6625,0.771792,4.59727,29.3647,8.259321e-06
-0.1125,0.6875,0.771792,4.86968,28.0358,7.885535e-06
-0.1125,0.7125,0.771792,5.15822,24.8134,6.979196e-06
-0.1125,0.7375,0.771792,5.46387,25.9957,7.311732e-06
-0.1125,0.7625,0.771792,5.78762,17.8357,5.016589e-06
-0.1125,0.7875,0.771792,6.13056,12.9817,3.651326e-06
-0.1125,0.8125,0.771792,6.49382,10.8048,3.039024e-06
-0.1125,0.8375,0.771792,6.8786,7.6037,2.138668e-06
-0.1125,0.8625,0.771792,7.28618,2.72859,7.674619e-07
-0.1125,0.8875,0.771792,7.71792,2.63748,7.418350e-07
-0.1125,0.9125,0.771792,8.17523,1.13557,3.193989e-07
-0.1125,0.9375,0.771792,8.65964,1.64007,4.612981e-07
-0.1125,0.9625,0.771792,9.17276,1.6413,4.616440e-07
-0.1125,0.9875,0.771792,9.71628,0.826737,2.325336e-07
-0.1125,1.0125,0.771792,10.292,0.95399,2.683255e-07
-0.1125,1.0375,0.771792,10.9018,0.150357,4.229044e-08
-0.1125,1.0875,0.771792,12.2321,0.160381,4.510980e-08
-0.1125,1.1125,0.771792,12.9569,0.0707563,1.990138e-08
-0.0875,-0.2625,0.817523,0.546387,0.429592,1.208298e-07
-0.0875,-0.2375,0.817523,0.578762,1.20286,3.383235e-07
-0.0875,-0.2125,0.817523,0.613056,0.3733,1.049970e-07
-0.0875,-0.1875,0.817523,0.649382,1.49167,4.195569e-07
-0.0875,-0.1625,0.817523,0.68786,1.20286,3.383235e-07
-0.0875,-0.1375,0.817523,0.728618,0.620829,1.746186e-07
-0.0875,-0.1125,0.817523,0.771792,1.8335,5.157026e-07
-0.0875,-0.0875,0.817523,0.817523,2.75873,7.759400e-07
-0.0875,-0.0625,0.817523,0.865964,5.72248,1.609543e-06
-0.0875,-0.0375,0.817523,0.917276,8.05127,2.264555e-06
-0.0875,-0.0125,0.817523,0.971628,11.0454,3.106691e-06
-0.0875,0.0125,0.817523,1.0292,12.5719,3.536042e-06
-0.0875,0.0375,0.817523,1.09018,17.8721,5.026828e-06
-0.0875,0.0625,0.817523,1.15478,26.2216,7.375261e-06
-0.0875,0.0875,0.817523,1.22321,28.3198,7.965402e-06
-0.0875,0.1125,0.817523,1.29569,33.9092,9.537541e-06
-0.0875,0.1375,0.817523,1.37246,40.2439,1.131926e-05
-0.0875,0.1625,0.817523,1.45378,46.0769,1.295990e-05
-0.0875,0.1875,0.817523,1.53993,42.0394,1.182427e-05
-0.0875,0.2125,0.817523,1.63117,41.437,1.165483e-05
-0.0875,0.2375,0.817523,1.72783,35.7382,1.005195e-05
-0.0875,0.2625,0.817523,1.83021,38.3387,1.078341e-05
-0.0875,0.2875,0.817523,1.93865,45.1795,1.270750e-05
-0.0875,0.3125,0.817523,2.05353,49.5997,1.395074e-05
-0.0875,0.3375,0.817523,2.1752,55.5124,1.561378e-05
-0.0875,0.3625,0.817523,2.30409,44.3494,1.247402e-05
-0.0875,0.3875,0.817523,2.44062,46.0682,1.295744e-05
-0.0875,0.4125,0.817523,2.58523,44.034,1.238531e-05
-0.0875,0.4375,0.817523,2.73842,45.5962,1.282469e-05
-0.0875,0.4625,0.817523,2.90068,39.6381,1.114887e-05
-0.0875,0.4875,0.817523,3.07256,36.9863,1.040301e-05
-0.0875,0.5125,0.817523,3.25462,45.3022,1.274201e-05
-0.0875,0.5375,0.817523,3.44747,36.0206,1.013141e-05
-0.0875,0.5625,0.817523,3.65174,36.5771,1.028792e-05
-0.0875,0.5875,0.817523,3.86812,40.3214,1.134107e-05
-0.0875,0.6125,0.817523,4.09732,35.3909,9.954286e-06
-0.0875,0.6375,0.817523,4.3401,28.5745,8.037063e-06
-0.0875,0.6625,0.817523,4.59727,27.5334,7.744228e-06
-0.0875,0.6875,0.817523,4.86968,25.5244,7.179157e-06
-0.0875,0.7125,0.817523,5.15822,14.8117,4.166030e-06
-0.0875,0.7375,0.817523,5.46387,16.1319,4.537352e-06
-0.0875,0.7625,0.817523,5.78762,16.5044,4.642130e-06
-0.0875,0.7875,0.817523,6.13056,12.0055,3.376744e-06
-0.0875,0.8125,0.817523,6.49382,4.61915,1.299212e-06
-0.0875,0.8375,0.817523,6.8786,4.04209,1.136906e-06
-0.0875,0.8625,0.817523,7.28618,1.57226,4.422246e-07
-0.0875,0.8875,0.817523,7.71792,1.51008,4.247362e-07
-0.0875,0.9125,0.817523,8.17523,1.43252,4.029213e-07
-0.0875,0.9375,0.817523,8.65964,1.27696,3.591672e-07
-0.0875,0.9625,0.817523,9.17276,0.970046,2.728415e-07
-0.0625,-0.2125,0.865964,0.613056,0.51551,1.449958e-07
-0.0625,-0.1875,0.865964,0.649382,0.133651,3.759150e-08
-0.0625,-0.1625,0.865964,0.68786,0.721714,2.029941e-07
-0.0625,-0.1375,0.865964,0.728618,0.721714,2.029941e-07
-0.0625,-0.1125,0.865964,0.771792,0.116405,3.274099e-08
-0.0625,-0.0875,0.865964,0.817523,1.10763,3.115392e-07
-0.0625,-0.0625,0.865964,0.865964,4.57764,1.287539e-06
-0.0625,-0.0375,0.865964,0.917276,2.78859,7.843375e-07
-0.0625,-0.0125,0.865964,0.971628,2.90618,8.174104e-07
-0.0625,0.0125,0.865964,1.0292,5.45211,1.533497e-06
-0.0625,0.0375,0.865964,1.09018,7.07979,1.991308e-06
-0.0625,0.0625,0.865964,1.15478,11.8684,3.338195e-06
-0.0625,0.0875,0.865964,1.22321,12.2028,3.432247e-06
-0.0625,0.1125,0.865964,1.29569,14.4687,4.069569e-06
-0.0625,0.1375,0.865964,1.37246,16.6873,4.693567e-06
-0.0625,0.1625,0.865964,1.45378,21.0672,5.925495e-06
-0.0625,0.1875,0.865964,1.53993,25.8777,7.278546e-06
-0.0625,0.2125,0.865964,1.63117,21.6284,6.083358e-06
-0.0625,0.2375,0.865964,1.72783,24.1415,6.790201e-06
-0.0625,0.2625,0.865964,1.83021,21.7664,6.122171e-06
-0.0625,0.2875,0.865964,1.93865,23.7336,6.675481e-06
-0.0625,0.3125,0.865964,2.05353,29.2675,8.231959e-06
-0.0625,0.3375,0.865964,2.1752,28.6134,8.047992e-06
-0.0625,0.3625,0.865964,2.30409,26.4305,7.434015e-06
-0.0625,0.3875,0.865964,2.44062,25.3582,7.132427e-06
-0.0625,0.4125,0.865964,2.58523,27.0747,7.615201e-06
-0.0625,0.4375,0.865964,2.73842,31.6119,8.891363e-06
-0.0625,0.4625,0.865964,2.90068,31.704,8.917282e-06
-0.0625,0.4875,0.865964,3.07256,29.149,8.198652e-06
-0.0625,0.5125,0.865964,3.25462,23.606,6.639571e-06
-0.0625,0.5375,0.865964,3.44747,25.2451,7.100616e-06
-0.0625,0.5625,0.865964,3.65174,32.5392,9.152197e-06
-0.0625,0.5875,0.865964,3.86812,20.1513,5.667892e-06
-0.0625,0.6125,0.865964,4.09732,19.8875,5.593687e-06
-0.0625,0.6375,0.865964,4.3401,24.0417,6.762131e-06
-0.0625,0.6625,0.865964,4.59727,18.6241,5.238350e-06
-0.0625,0.6875,0.865964,4.86968,15.7775,4.437674e-06
-0.0625,0.7125,0.865964,5.15822,12.1281,3.411234e-06
-0.0625,0.7375,0.865964,5.46387,10.3558,2.912742e-06
-0.0625,0.7625,0.865964,5.78762,8.46489,2.380891e-06
-0.0625,0.7875,0.865964,6.13056,5.9455,1.672271e-06
-0.0625,0.8125,0.865964,6.49382,2.69538,7.581202e-07
-0.0625,0.8375,0.865964,6.8786,3.72096,1.046581e-06
-0.0625,0.8625,0.865964,7.28618,3.27819,9.220447e-07
-0.0625,0.8875,0.865964,7.71792,2.6539,7.464530e-07
-0.0625,0.9125,0.865964,8.17523,2.1753,6.118406e-07
-0.0625,0.9375,0.865964,8.65964,1.05427,2.965318e-07
-0.0375,-0.0875,0.917276,0.817523,0.51551,1.449958e-07
-0.0375,-0.0625,0.917276,0.865964,0.814838,2.291869e-07
-0.0375,-0.0375,0.917276,0.917276,1.45567,4.094325e-07
-0.0375,-0.0125,0.917276,0.971628,1.40127,3.941292e-07
-0.0375,0.0125,0.917276,1.0292,3.74116,1.052264e-06
-0.0375,0.0375,0.917276,1.09018,2.57747,7.249578e-07
-0.0375,0.0625,0.917276,1.15478,5.50236,1.547630e-06
-0.0375,0.0875,0.917276,1.22321,8.3759,2.355861e-06
-0.0375,0.1125,0.917276,1.29569,6.46363,1.818003e-06
-0.0375,0.1375,0.917276,1.37246,9.64735,2.713479e-06
-0.0375,0.1625,0.917276,1.45378,11.4006,3.206608e-06
-0.0375,0.1875,0.917276,1.53993,13.1627,3.702218e-06
-0.0375,0.2125,0.917276,1.63117,13.5689,3.816470e-06
-0.0375,0.2375,0.917276,1.72783,14.9806,4.213556e-06
-0.0375,0.2625,0.917276,1.83021,15.8206,4.449813e-06
-0.0375,0.2875,0.917276,1.93865,14.2009,3.994246e-06
-0.0375,0.3125,0.917276,2.05353,14.6424,4.118424e-06
-0.0375,0.3375,0.917276,2.1752,18.0621,5.080270e-06
-0.0375,0.3625,0.917276,2.30409,18.3599,5.164036e-06
-0.0375,0.3875,0.917276,2.44062,20.1934,5.679735e-06
-0.0375,0.4125,0.917276,2.58523,17.8406,5.017971e-06
-0.0375,0.4375,0.917276,2.73842,16.5547,4.656290e-06
-0.0375,0.4625,0.917276,2.90068,18.7462,5.272681e-06
-0.0375,0.4875,0.917276,3.07256,21.432,6.028104e-06
-0.0375,0.5125,0.917276,3.25462,13.9979,3.937150e-06
-0.0375,0.5375,0.917276,3.44747,13.3925,3.766859e-06
-0.0375,0.5625,0.917276,3.65174,18.6503,5.245721e-06
-0.0375,0.5875,0.917276,3.86812,13.5957,3.824004e-06
-0.0375,0.6125,0.917276,4.09732,14.3108,4.025144e-06
-0.0375,0.6375,0.917276,4.3401,20.0667,5.644087e-06
-0.0375,0.6625,0.917276,4.59727,12.4675,3.506686e-06
-0.0375,0.6875,0.917276,4.86968,11.069,3.113353e-06
-0.0375,0.7125,0.917276,5.15822,9.23267,2.596842e-06
-0.0375,0.7375,0.917276,5.46387,8.04892,2.263892e-06
-0.0375,0.7625,0.917276,5.78762,3.36776,9.472399e-07
-0.0375,0.7875,0.917276,6.13056,3.42838,9.642879e-07
-0.0375,0.8125,0.917276,6.49382,1.39214,3.915626e-07
-0.0375,0.8375,0.917276,6.8786,2.82796,7.954119e-07
-0.0375,0.8625,0.917276,7.28618,1.06746,3.002421e-07
-0.0375,0.8875,0.917276,7.71792,0.668254,1.879575e-07
-0.0375,0.9125,0.917276,8.17523,0.721714,2.029941e-07
-0.0125,-0.2375,0.971628,0.578762,0.331823,9.333062e-08
-0.0125,-0.2125,0.971628,0.613056,0.160381,4.510980e-08
-0.0125,-0.0625,0.971628,0.865964,0.0388018,1.091366e-08
-0.0125,-0.0375,0.971628,0.917276,1.23695,3.479117e-07
-0.0125,-0.0125,0.971628,0.971628,0.856983,2.410407e-07
-0.0125,0.0125,0.971628,1.0292,0.593797,1.670152e-07
-0.0125,0.0375,0.971628,1.09018,1.25961,3.542872e-07
-0.0125,0.0625,0.971628,1.15478,2.30551,6.484636e-07
-0.0125,0.0875,0.971628,1.22321,3.15038,8.860973e-07
-0.0125,0.1125,0.971628,1.29569,3.1571,8.879866e-07
-0.0125,0.1375,0.971628,1.37246,2.71885,7.647221e-07
-0.0125,0.1625,0.971628,1.45378,4.33763,1.220030e-06
-0.0125,0.1875,0.971628,1.53993,4.46269,1.255207e-06
-0.0125,0.2125,0.971628,1.63117,4.98119,1.401043e-06
-0.0125,0.2375,0.971628,1.72783,7.17581,2.018317e-06
-0.0125,0.2625,0.971628,1.83021,6.84389,1.924959e-06
-0.0125,0.2875,0.971628,1.93865,4.40941,1.240221e-06
-0.0125,0.3125,0.971628,2.05353,6.23478,1.753636e-06
-0.0125,0.3375,0.971628,2.1752,5.32238,1.497007e-06
-0.0125,0.3625,0.971628,2.30409,5.39537,1.517538e-06
-0.0125,0.3875,0.971628,2.44062,7.32362,2.059889e-06
-0.0125,0.4125,0.971628,2.58523,5.93552,1.669464e-06
-0.0125,0.4375,0.971628,2.73842,6.14196,1.727528e-06
-0.0125,0.4625,0.971628,2.90068,6.32156,1.778044e-06
-0.0125,0.4875,0.971628,3.07256,6.96256,1.958336e-06
-0.0125,0.5125,0.971628,3.25462,4.41995,1.243185e-06
-0.0125,0.5375,0.971628,3.44747,6.79344,1.910767e-06
-0.0125,0.5625,0.971628,3.65174,7.09859,1.996596e-06
-0.0125,0.5875,0.971628,3.86812,5.96606,1.678053e-06
-0.0125,0.6125,0.971628,4.09732,5.95902,1.676074e-06
-0.0125,0.6375,0.971628,4.3401,5.20053,1.462735e-06
-0.0125,0.6625,0.971628,4.59727,6.72352,1.891102e-06
-0.0125,0.6875,0.971628,4.86968,4.7274,1.329660e-06
-0.0125,0.7125,0.971628,5.15822,2.97808,8.376345e-07
-0.0125,0.7375,0.971628,5.46387,1.49366,4.201179e-07
-0.0125,0.7625,0.971628,5.78762,2.3814,6.698098e-07
-0.0125,0.7875,0.971628,6.13056,2.43434,6.846976e-07
-0.0125,0.8125,0.971628,6.49382,1.57268,4.423422e-07
-0.0125,0.8375,0.971628,6.8786,1.03968,2.924275e-07
-0.0125,0.8625,0.971628,7.28618,0.240571,6.766470e-08
-0.0125,0.8875,0.971628,7.71792,0.0751785,2.114522e-08
-0.0125,0.9125,0.971628,8.17523,0.925274,2.602489e-07
0.0125,-0.0125,1.0292,0.971628,0.353781,9.950692e-08
0.0125,0.0125,1.0292,1.0292,0.2105,5.920661e-08
0.0125,0.0375,1.0292,1.09018,0.240571,6.766470e-08
0.0125,0.1125,1.0292,1.29569,1.80395,5.073922e-07
0.0125,0.1375,1.0292,1.37246,2.08132,5.854046e-07
0.0125,0.1625,1.0292,1.45378,1.85651,5.221752e-07
0.0125,0.1875,1.0292,1.53993,1.59769,4.493756e-07
0.0125,0.2125,1.0292,1.63117,2.37417,6.677744e-07
0.0125,0.2375,1.0292,1.72783,2.07523,5.836934e-07
0.0125,0.2625,1.0292,1.83021,2.41578,6.794779e-07
0.0125,0.2875,1.0292,1.93865,2.38237,6.700804e-07
0.0125,0.3125,1.0292,2.05353,3.57806,1.006388e-06
0.0125,0.3375,1.0292,2.1752,2.10733,5.927209e-07
0.0125,0.3625,1.0292,2.30409,1.13955,3.205170e-07
0.0125,0.3875,1.0292,2.44062,2.51437,7.072094e-07
0.0125,0.4125,1.0292,2.58523,1.97033,5.541876e-07
0.0125,0.4375,1.0292,2.73842,3.3648,9.464069e-07
0.0125,0.4625,1.0292,2.90068,1.31945,3.711180e-07
0.0125,0.4875,1.0292,3.07256,3.98371,1.120485e-06
0.0125,0.5125,1.0292,3.25462,4.05139,1.139521e-06
0.0125,0.5375,1.0292,3.44747,4.67306,1.314377e-06
0.0125,0.5625,1.0292,3.65174,1.70783,4.803571e-07
0.0125,0.5875,1.0292,3.86812,1.84031,5.176168e-07
0.0125,0.6125,1.0292,4.09732,1.14816,3.229404e-07
0.0125,0.6375,1.0292,4.3401,1.37852,3.877317e-07
0.0125,0.6625,1.0292,4.59727,1.35875,3.821708e-07
0.0125,0.6875,1.0292,4.86968,0.697636,1.962218e-07
0.0125,0.7125,1.0292,5.15822,0.240571,6.766470e-08
0.0125,0.7375,1.0292,5.46387,0.962285,2.706588e-07
0.0125,0.7625,1.0292,5.78762,0.546753,1.537834e-07
0.0125,0.7875,1.0292,6.13056,0.353781,9.950692e-08
0.0125,0.8375,1.0292,6.8786,0.310426,8.731255e-08
0.0375,0.0125,1.09018,1.0292,0.0633082,1.780650e-08
0.0375,0.0375,1.09018,1.09018,0.331823,9.333062e-08
0.0375,0.1125,1.09018,1.29569,0.429592,1.208298e-07
0.0375,0.2375,1.09018,1.72783,0.240571,6.766470e-08
0.0375,0.2625,1.09018,1.83021,0.962285,2.706588e-07
0.0375,0.2875,1.09018,1.93865,0.472557,1.329146e-07
0.0375,0.3125,1.09018,2.05353,0.49741,1.399048e-07
0.0375,0.3375,1.09018,2.1752,0.687347,1.933277e-07
0.0375,0.3625,1.09018,2.30409,0.240571,6.766470e-08
0.0375,0.3875,1.09018,2.44062,1.47371,4.145060e-07
0.0375,0.4125,1.09018,2.58523,2.34651,6.599952e-07
0.0375,0.4375,1.09018,2.73842,1.56151,4.392005e-07
0.0375,0.4625,1.09018,2.90068,0.680709,1.914608e-07
0.0375,0.4875,1.09018,3.07256,0.481143,1.353294e-07
0.0375,0.5125,1.09018,3.25462,0.680709,1.914608e-07
0.0375,0.5375,1.09018,3.44747,0.200476,5.638725e-08
0.0375,0.5625,1.09018,3.65174,1.42018,3.994505e-07
0.0375,0.5875,1.09018,3.86812,0.624533,1.756604e-07
0.0375,0.6125,1.09018,4.09732,0.274246,7.713638e-08
0.0375,0.6375,1.09018,4.3401,0.786641,2.212560e-07
0.0375,0.7125,1.09018,5.15822,0.0751785,2.114522e-08
0.0375,0.7375,1.09018,5.46387,0.331823,9.333062e-08
0.0375,0.8375,1.09018,6.8786,0.565405,1.590295e-07
0.0625,0.2375,1.15478,1.72783,0.0751785,2.114522e-08
0.0625,0.2625,1.15478,1.83021,0.555165,1.561493e-07
0.0625,0.2875,1.15478,1.93865,0.300714,8.458088e-08
0.0625,0.3125,1.15478,2.05353,0.751785,2.114522e-07
0.0625,0.3375,1.15478,2.1752,0.240571,6.766470e-08
0.0625,0.3625,1.15478,2.30409,0.300714,8.458088e-08
0.0625,0.3875,1.15478,2.44062,0.555165,1.561493e-07
0.0625,0.4125,1.15478,2.58523,1.53273,4.311065e-07
0.0625,0.4375,1.15478,2.73842,0.721714,2.029941e-07
0.0625,0.5125,1.15478,3.25462,0.51551,1.449958e-07
0.0625,0.5375,1.15478,3.44747,0.0687347,1.933277e-08
0.0625,0.5625,1.15478,3.65174,0.472557,1.329146e-07
0.0875,0.3875,1.22321,2.44062,0.995468,2.799919e-07
0.0875,0.4125,1.22321,2.58523,0.277582,7.807466e-08
0.0875,0.7125,1.22321,5.15822,0.902143,2.537426e-07
