# In situ Chl-a and CDOM shared by Raphe Kudela (UCSC), expressed in
# the units of Dutkiewicz et al. (2018) Fig. 10a.
# source: field  = CDOM_TChla.csv (789 Pacific/Arctic samples, 2010-2017;
#                  distinct near-surface samples, Chl-a by HPLC --
#                  R. Kudela via Q&A in claude_prompts/dutkiewicz_priors.md)
#         GLORIA = GLORIA_meta_and_lab.csv (Lehmann et al. 2023), rows with
#                  both Chla and aCDOM440
# Chl in mg m-3 (as reported);
# CDOM (mmol C m-3) = aCDOM440 * exp(-0.021*10) / 0.18
#   (shift to 450 nm with the Darwin spectral slope, then invert ccdom(450))
# QC: rows with non-positive Chl or aCDOM440 dropped.
# Written by robust/dutkiewicz2018_fig10.py.
source,Chl,aCDOM440,CDOM
field,0.181,0.015,0.0675487
field,0.181,0.015,0.0675487
field,0.181,0.015,0.0675487
field,0.385,0.015,0.0675487
field,44.196,2.146,9.66397
field,44.196,2.146,9.66397
field,44.196,2.146,9.66397
field,44.196,2.146,9.66397
field,44.196,2.146,9.66397
field,44.196,2.146,9.66397
field,15.231,0.089,0.400789
field,15.231,0.089,0.400789
field,15.231,0.089,0.400789
field,15.231,0.089,0.400789
field,15.231,0.089,0.400789
field,16.534,1.975,8.89391
field,16.534,1.975,8.89391
field,16.534,1.975,8.89391
field,16.534,1.975,8.89391
field,16.534,1.975,8.89391
field,16.534,1.975,8.89391
field,18.642,1.983,8.92994
field,18.642,1.983,8.92994
field,18.642,1.983,8.92994
field,8.682,0.648,2.9181
field,8.682,0.648,2.9181
field,8.682,0.648,2.9181
field,1.765,0.277,1.2474
field,1.765,0.277,1.2474
field,1.765,0.277,1.2474
field,2.137,0.32,1.44104
field,2.137,0.32,1.44104
field,2.137,0.32,1.44104
field,2.137,0.32,1.44104
field,16.986,0.453,2.03997
field,16.986,0.453,2.03997
field,16.986,0.453,2.03997
field,16.986,0.453,2.03997
field,0.706,0.492,2.2156
field,0.706,0.492,2.2156
field,0.706,0.492,2.2156
field,0.706,0.492,2.2156
field,0.706,0.492,2.2156
field,1.925,0.305,1.37349
field,1.925,0.305,1.37349
field,1.925,0.305,1.37349
field,1.843,0.484,2.17957
field,1.843,0.484,2.17957
field,1.843,0.484,2.17957
field,1.843,0.484,2.17957
field,1.843,0.484,2.17957
field,1.417,0.263,1.18435
field,1.417,0.263,1.18435
field,1.417,0.263,1.18435
field,1.417,0.263,1.18435
field,1.417,0.263,1.18435
field,5.144,0.414,1.86434
field,5.144,0.414,1.86434
field,5.144,0.414,1.86434
field,5.144,0.414,1.86434
field,5.144,0.414,1.86434
field,5.25,0.514,2.31467
field,5.25,0.514,2.31467
field,5.25,0.514,2.31467
field,5.25,0.514,2.31467
field,5.25,0.514,2.31467
field,4.148,0.112,0.504364
field,4.148,0.112,0.504364
field,4.148,0.112,0.504364
field,4.148,0.112,0.504364
field,4.148,0.112,0.504364
field,0.858,0.103,0.463834
field,0.858,0.103,0.463834
field,0.858,0.103,0.463834
field,0.858,0.103,0.463834
field,0.858,0.103,0.463834
field,3.548,0.078,0.351253
field,2.223,0.047,0.211653
field,2.223,0.047,0.211653
field,2.223,0.047,0.211653
field,2.223,0.047,0.211653
field,11.315,0.08,0.36026
field,11.315,0.08,0.36026
field,11.315,0.08,0.36026
field,8.307,0.074,0.33324
field,8.307,0.074,0.33324
field,8.307,0.074,0.33324
field,10.703,0.109,0.490854
field,10.703,0.109,0.490854
field,37.911,1.583,7.12864
field,37.911,1.583,7.12864
field,37.911,1.583,7.12864
field,63.183,1.497,6.74136
field,63.183,1.497,6.74136
field,63.183,1.497,6.74136
field,11.892,0.379,1.70673
field,11.892,0.379,1.70673
field,18.628,0.44,1.98143
field,18.628,0.44,1.98143
field,18.628,0.44,1.98143
field,2.494,0.477,2.14805
field,2.494,0.477,2.14805
field,2.494,0.477,2.14805
field,3.159,0.615,2.7695
field,3.159,0.615,2.7695
field,3.159,0.615,2.7695
field,5.158,1.341,6.03885
field,5.158,1.341,6.03885
field,5.158,1.341,6.03885
field,5.158,1.341,6.03885
field,3.033,0.248,1.1168
field,3.033,0.248,1.1168
field,3.033,0.248,1.1168
field,3.033,0.248,1.1168
field,1.936,0.249,1.12131
field,1.936,0.249,1.12131
field,1.936,0.249,1.12131
field,10.899,0.983,4.42669
field,10.899,0.983,4.42669
field,10.899,0.983,4.42669
field,12.297,0.971,4.37265
field,12.297,0.971,4.37265
field,12.297,0.971,4.37265
field,1.765,0.291,1.31044
field,1.765,0.291,1.31044
field,1.765,0.291,1.31044
field,1.765,0.312,1.40501
field,1.73,0.312,1.40501
field,1.73,0.312,1.40501
field,1.73,0.312,1.40501
field,2.699,0.237,1.06727
field,2.699,0.237,1.06727
field,2.699,0.237,1.06727
field,2.184,0.099,0.445821
field,2.184,0.099,0.445821
field,2.184,0.099,0.445821
field,2.234,0.115,0.517873
field,2.234,0.115,0.517873
field,2.234,0.115,0.517873
field,2.204,0.15,0.675487
field,2.204,0.15,0.675487
field,2.204,0.15,0.675487
field,0.871,0.082,0.369266
field,0.871,0.082,0.369266
field,0.871,0.082,0.369266
field,2.248,0.203,0.914159
field,2.248,0.203,0.914159
field,2.248,0.203,0.914159
field,1.815,0.236,1.06277
field,1.815,0.236,1.06277
field,1.815,0.236,1.06277
field,1.815,0.236,1.06277
field,1.304,0.166,0.747539
field,1.304,0.166,0.747539
field,1.304,0.166,0.747539
field,67.484,1.726,7.7726
field,67.484,1.726,7.7726
field,0.135,0.005,0.0225162
field,0.135,0.005,0.0225162
field,0.135,0.005,0.0225162
field,0.135,0.005,0.0225162
field,0.135,0.005,0.0225162
field,0.135,0.005,0.0225162
field,0.135,0.005,0.0225162
field,0.135,0.005,0.0225162
field,0.135,0.005,0.0225162
field,0.141,0.009,0.0405292
field,0.141,0.009,0.0405292
field,8.133,0.213,0.959191
field,8.133,0.213,0.959191
field,8.133,0.213,0.959191
field,3.644,0.186,0.837604
field,3.644,0.186,0.837604
field,3.644,0.186,0.837604
field,7.714,0.377,1.69772
field,7.714,0.377,1.69772
field,7.714,0.377,1.69772
field,5.791,0.554,2.4948
field,5.847,0.096,0.432312
field,5.847,0.096,0.432312
field,2.444,0.3,1.35097
field,2.444,0.3,1.35097
field,0.176,0.02,0.0900649
field,0.176,0.02,0.0900649
field,0.176,0.02,0.0900649
field,0.225,0.015,0.0675487
field,0.302,0.11,0.495357
field,0.302,0.11,0.495357
field,0.302,0.11,0.495357
field,0.302,0.11,0.495357
field,0.481,0.121,0.544893
field,2.045,1.432,6.44865
field,2.045,1.432,6.44865
field,2.558,0.645,2.90459
field,2.558,0.645,2.90459
field,2.558,0.645,2.90459
field,2.558,0.645,2.90459
field,2.558,0.645,2.90459
field,2.558,0.645,2.90459
field,2.558,0.645,2.90459
field,0.42,0.241,1.08528
field,0.42,0.241,1.08528
field,0.42,0.241,1.08528
field,0.42,0.241,1.08528
field,0.42,0.241,1.08528
field,0.42,0.241,1.08528
field,0.832,0.207,0.932172
field,0.671,0.166,0.747539
field,0.671,0.166,0.747539
field,0.581,0.152,0.684493
field,0.593,0.161,0.725023
field,0.937,0.468,2.10752
field,0.937,0.468,2.10752
field,0.937,0.468,2.10752
field,0.937,0.468,2.10752
field,8.027,0.607,2.73347
field,8.027,0.607,2.73347
field,8.027,0.607,2.73347
field,16.446,1.801,8.11035
field,16.446,1.801,8.11035
field,16.446,1.801,8.11035
field,16.446,1.801,8.11035
field,3.95,0.03,0.135097
field,3.95,0.117,0.52688
field,3.95,0.117,0.52688
field,3.95,0.117,0.52688
field,17.34,0.149,0.670984
field,17.34,0.149,0.670984
field,17.34,0.149,0.670984
field,17.34,0.158,0.711513
field,17.34,0.158,0.711513
field,17.34,0.158,0.711513
field,8.45,0.282,1.26992
field,8.45,0.282,1.26992
field,8.45,0.282,1.26992
field,8.45,0.282,1.26992
field,5.182,0.275,1.23839
field,5.182,0.275,1.23839
field,1.565,0.257,1.15733
field,1.565,0.257,1.15733
field,1.565,0.257,1.15733
field,2.331,0.489,2.20209
field,2.331,0.489,2.20209
field,7.866,0.361,1.62567
field,7.866,0.361,1.62567
field,7.866,0.361,1.62567
field,0.825,0.389,1.75176
field,0.825,0.389,1.75176
field,0.825,0.389,1.75176
field,1.38,0.423,1.90487
field,1.38,0.423,1.90487
field,1.38,0.423,1.90487
field,1.38,0.423,1.90487
field,3.049,1.756,7.9077
field,3.049,1.756,7.9077
field,3.049,1.756,7.9077
field,7.655,0.623,2.80552
field,7.655,0.623,2.80552
field,7.655,0.623,2.80552
field,4.397,0.398,1.79229
field,7.171,0.103,0.463834
field,7.171,0.103,0.463834
field,7.171,0.103,0.463834
field,3.287,0.254,1.14382
field,3.287,0.254,1.14382
field,3.287,0.254,1.14382
field,2.558,0.189,0.851113
field,2.558,0.189,0.851113
field,2.558,0.189,0.851113
field,2.992,0.214,0.963695
field,2.992,0.214,0.963695
field,2.992,0.214,0.963695
field,9.37,0.112,0.504364
field,9.37,0.112,0.504364
field,9.37,0.112,0.504364
field,9.37,0.112,0.504364
field,2.557,0.223,1.00422
field,2.557,0.223,1.00422
field,2.557,0.223,1.00422
field,2.353,0.228,1.02674
field,2.353,0.228,1.02674
field,2.353,0.228,1.02674
field,2.353,0.228,1.02674
field,4.607,0.691,3.11174
field,4.607,0.691,3.11174
field,4.607,0.691,3.11174
field,4.607,0.691,3.11174
field,4.607,0.691,3.11174
field,2.681,0.861,3.87729
field,2.681,0.861,3.87729
field,2.681,0.861,3.87729
field,2.681,0.861,3.87729
field,2.681,0.861,3.87729
field,1.001,1.143,5.14721
field,1.001,1.143,5.14721
field,1.001,1.143,5.14721
field,2.663,0.778,3.50353
field,2.663,0.778,3.50353
field,2.663,0.778,3.50353
field,2.918,0.646,2.9091
field,2.918,0.646,2.9091
field,2.918,0.646,2.9091
field,2.441,0.529,2.38222
field,2.441,0.529,2.38222
field,2.441,0.529,2.38222
field,2.481,0.559,2.51731
field,2.481,0.559,2.51731
field,2.481,0.559,2.51731
field,2.224,0.554,2.4948
field,2.327,0.559,2.51731
field,2.327,0.559,2.51731
field,2.327,0.559,2.51731
field,3.336,0.54,2.43175
field,3.336,0.54,2.43175
field,0.48,0.027,0.121588
field,0.48,0.027,0.121588
field,0.48,0.027,0.121588
field,0.442,0.029,0.130594
field,0.442,0.029,0.130594
field,0.442,0.029,0.130594
field,0.437,0.021,0.0945682
field,0.437,0.021,0.0945682
field,0.437,0.021,0.0945682
field,0.418,0.023,0.103575
field,0.418,0.023,0.103575
field,0.418,0.023,0.103575
field,5.639,0.054,0.243175
field,5.639,0.054,0.243175
field,6.788,0.049,0.220659
field,6.788,0.049,0.220659
field,6.788,0.049,0.220659
field,6.788,0.049,0.220659
field,0.629,0.038,0.171123
field,0.629,0.038,0.171123
field,0.629,0.038,0.171123
field,0.421,0.041,0.184633
field,0.421,0.041,0.184633
field,0.421,0.041,0.184633
field,0.421,0.041,0.184633
field,0.626,0.038,0.171123
field,0.626,0.038,0.171123
field,0.626,0.038,0.171123
field,0.626,0.038,0.171123
field,0.837,0.021,0.0945682
field,0.837,0.021,0.0945682
field,0.837,0.021,0.0945682
field,0.837,0.021,0.0945682
field,0.837,0.021,0.0945682
field,0.351,0.04,0.18013
field,0.351,0.04,0.18013
field,0.351,0.04,0.18013
field,0.351,0.04,0.18013
field,0.758,0.033,0.148607
field,0.758,0.033,0.148607
field,0.758,0.033,0.148607
field,0.758,0.033,0.148607
field,0.758,0.033,0.148607
field,0.636,0.024,0.108078
field,0.636,0.024,0.108078
field,0.636,0.024,0.108078
field,0.636,0.024,0.108078
field,0.395,0.032,0.144104
field,0.395,0.032,0.144104
field,0.395,0.032,0.144104
field,0.395,0.032,0.144104
field,1.547,0.038,0.171123
field,1.547,0.038,0.171123
field,1.547,0.038,0.171123
field,1.547,0.038,0.171123
field,1.606,0.044,0.198143
field,1.606,0.044,0.198143
field,1.606,0.044,0.198143
field,1.606,0.044,0.198143
field,0.521,0.036,0.162117
field,0.521,0.036,0.162117
field,0.521,0.036,0.162117
field,0.799,0.031,0.139601
field,0.799,0.031,0.139601
field,0.799,0.031,0.139601
field,0.799,0.031,0.139601
field,0.799,0.031,0.139601
field,0.522,0.054,0.243175
field,0.522,0.054,0.243175
field,0.522,0.054,0.243175
field,0.522,0.054,0.243175
field,0.522,0.054,0.243175
field,0.845,0.026,0.117084
field,0.845,0.026,0.117084
field,0.845,0.026,0.117084
field,0.845,0.026,0.117084
field,0.845,0.026,0.117084
field,0.082,0.014,0.0630454
field,0.082,0.014,0.0630454
field,0.061,0.007,0.0315227
field,0.292,0.018,0.0810584
field,0.292,0.018,0.0810584
field,0.292,0.018,0.0810584
field,0.292,0.018,0.0810584
field,0.287,0.017,0.0765552
field,0.287,0.017,0.0765552
field,0.287,0.017,0.0765552
field,0.287,0.017,0.0765552
field,0.924,0.045,0.202646
field,0.924,0.045,0.202646
field,0.924,0.045,0.202646
field,1.053,0.053,0.238672
field,1.053,0.053,0.238672
field,1.053,0.053,0.238672
field,1.053,0.053,0.238672
field,1.053,0.053,0.238672
field,0.484,0.093,0.418802
field,0.484,0.093,0.418802
field,0.484,0.093,0.418802
field,0.484,0.093,0.418802
field,0.484,0.093,0.418802
field,0.48,0.048,0.216156
field,0.48,0.048,0.216156
field,0.154,0.05,0.225162
field,0.154,0.05,0.225162
field,0.154,0.05,0.225162
field,0.154,0.05,0.225162
field,1.48,0.319,1.43654
field,1.48,0.319,1.43654
field,1.48,0.319,1.43654
field,1.48,0.319,1.43654
field,1.48,0.319,1.43654
field,1.48,0.319,1.43654
field,1.48,0.319,1.43654
field,1.48,0.319,1.43654
field,1.48,0.319,1.43654
field,1.48,0.319,1.43654
field,1.738,0.109,0.490854
field,1.738,0.109,0.490854
field,1.738,0.109,0.490854
field,1.738,0.109,0.490854
field,0.381,0.043,0.19364
field,0.381,0.043,0.19364
field,0.381,0.043,0.19364
field,0.406,0.039,0.175627
field,0.406,0.039,0.175627
field,0.406,0.039,0.175627
field,0.406,0.039,0.175627
field,3.177,0.051,0.229666
field,3.177,0.051,0.229666
field,3.177,0.051,0.229666
field,3.177,0.051,0.229666
field,3.177,0.051,0.229666
field,0.852,0.056,0.252182
field,0.852,0.056,0.252182
field,0.852,0.056,0.252182
field,0.852,0.056,0.252182
field,0.852,0.056,0.252182
field,0.83,0.065,0.292711
field,0.83,0.065,0.292711
field,0.54,0.05,0.225162
field,0.54,0.05,0.225162
field,0.4,0.032,0.144104
field,0.4,0.032,0.144104
field,0.4,0.032,0.144104
field,0.848,0.048,0.216156
field,0.848,0.048,0.216156
field,0.848,0.048,0.216156
field,0.848,0.048,0.216156
field,0.315,0.039,0.175627
field,0.315,0.039,0.175627
field,0.315,0.039,0.175627
field,0.73,0.058,0.261188
field,0.73,0.058,0.261188
field,0.73,0.058,0.261188
field,0.909,0.047,0.211653
field,0.909,0.047,0.211653
field,0.909,0.047,0.211653
field,0.909,0.047,0.211653
field,1.175,0.044,0.198143
field,1.175,0.044,0.198143
field,1.175,0.044,0.198143
field,2.745,0.046,0.207149
field,2.745,0.046,0.207149
field,2.745,0.046,0.207149
field,0.575,0.032,0.144104
field,0.575,0.032,0.144104
field,0.575,0.032,0.144104
field,0.575,0.032,0.144104
field,0.575,0.032,0.144104
field,4.086,0.056,0.252182
field,4.086,0.056,0.252182
field,4.086,0.056,0.252182
field,0.183,0.01,0.0450325
field,0.183,0.01,0.0450325
field,0.183,0.01,0.0450325
field,0.418,0.018,0.0810584
field,0.418,0.018,0.0810584
field,0.418,0.018,0.0810584
field,0.418,0.018,0.0810584
field,0.418,0.018,0.0810584
field,0.505,0.015,0.0675487
field,0.505,0.015,0.0675487
field,0.505,0.015,0.0675487
field,0.633,0.019,0.0855617
field,0.633,0.019,0.0855617
field,0.633,0.019,0.0855617
field,0.466,0.011,0.0495357
field,0.466,0.011,0.0495357
field,0.16,0.015,0.0675487
field,0.16,0.015,0.0675487
field,0.16,0.015,0.0675487
field,0.387,0.016,0.0720519
field,0.387,0.016,0.0720519
field,0.387,0.016,0.0720519
field,0.429,0.015,0.0675487
field,0.429,0.015,0.0675487
field,0.429,0.015,0.0675487
field,0.885,0.018,0.0810584
field,0.885,0.018,0.0810584
field,0.885,0.018,0.0810584
field,0.366,0.014,0.0630454
field,0.366,0.014,0.0630454
field,0.072,0.007,0.0315227
field,0.072,0.007,0.0315227
field,0.072,0.007,0.0315227
field,0.072,0.007,0.0315227
field,0.072,0.007,0.0315227
field,0.111,0.006,0.0270195
field,0.111,0.006,0.0270195
field,0.111,0.006,0.0270195
field,0.111,0.006,0.0270195
field,0.314,0.009,0.0405292
field,0.314,0.009,0.0405292
field,0.3,0.01,0.0450325
field,0.3,0.01,0.0450325
field,0.3,0.01,0.0450325
field,0.3,0.01,0.0450325
field,0.281,0.006,0.0270195
field,0.281,0.006,0.0270195
field,0.281,0.006,0.0270195
field,1.41,0.036,0.162117
field,1.41,0.036,0.162117
field,1.41,0.036,0.162117
field,0.791,0.038,0.171123
field,0.791,0.038,0.171123
field,0.791,0.038,0.171123
field,1.068,0.039,0.175627
field,1.068,0.039,0.175627
field,1.068,0.039,0.175627
field,1.068,0.039,0.175627
field,0.974,0.036,0.162117
field,0.492,0.027,0.121588
field,0.539,0.031,0.139601
field,0.539,0.031,0.139601
field,0.539,0.031,0.139601
field,0.859,0.026,0.117084
field,0.859,0.026,0.117084
field,0.199,0.016,0.0720519
field,0.199,0.016,0.0720519
field,0.142,0.007,0.0315227
field,0.142,0.007,0.0315227
field,10.107,0.059,0.265692
field,10.107,0.059,0.265692
field,10.107,0.059,0.265692
field,2.202,1.119,5.03913
field,2.202,1.119,5.03913
field,2.036,0.804,3.62061
field,2.036,0.804,3.62061
field,0.225,0.051,0.229666
field,0.225,0.051,0.229666
field,0.225,0.051,0.229666
field,0.225,0.051,0.229666
field,0.225,0.051,0.229666
field,6.5,0.064,0.288208
field,6.828,0.064,0.288208
field,6.828,0.064,0.288208
field,6.828,0.064,0.288208
field,6.828,0.064,0.288208
field,6.828,0.064,0.288208
field,6.828,0.064,0.288208
field,0.25,0.048,0.216156
field,0.25,0.048,0.216156
field,0.25,0.048,0.216156
field,0.391,0.049,0.220659
field,0.391,0.049,0.220659
field,0.391,0.049,0.220659
field,0.153,0.048,0.216156
field,0.153,0.048,0.216156
field,0.153,0.048,0.216156
field,1.58,0.049,0.220659
field,1.58,0.049,0.220659
field,1.58,0.049,0.220659
field,1.701,0.053,0.238672
field,1.701,0.053,0.238672
field,1.701,0.053,0.238672
field,1.701,0.053,0.238672
field,0.79,0.129,0.580919
field,0.79,0.129,0.580919
field,0.708,0.111,0.49986
field,0.708,0.111,0.49986
field,7.96,0.066,0.297214
field,7.96,0.066,0.297214
field,7.524,0.064,0.288208
field,7.524,0.064,0.288208
field,0.177,0.057,0.256685
field,0.177,0.057,0.256685
field,0.177,0.057,0.256685
field,0.17,0.055,0.247679
field,0.17,0.055,0.247679
field,0.17,0.055,0.247679
field,0.17,0.055,0.247679
field,0.529,0.062,0.279201
field,0.515,0.062,0.279201
field,0.529,0.062,0.279201
field,0.529,0.062,0.279201
field,0.515,0.056,0.252182
field,0.515,0.056,0.252182
field,0.515,0.056,0.252182
field,0.056,0.051,0.229666
field,0.056,0.051,0.229666
field,0.056,0.051,0.229666
field,0.084,0.044,0.198143
field,0.084,0.044,0.198143
field,0.084,0.044,0.198143
field,0.647,0.077,0.34675
field,0.713,0.07,0.315227
field,0.713,0.07,0.315227
field,0.713,0.07,0.315227
field,0.107,0.045,0.202646
field,0.107,0.045,0.202646
field,0.107,0.045,0.202646
field,0.106,0.033,0.148607
field,0.106,0.033,0.148607
field,0.144,0.049,0.220659
field,0.144,0.049,0.220659
field,0.144,0.049,0.220659
field,0.144,0.049,0.220659
field,0.144,0.049,0.220659
field,0.144,0.049,0.220659
field,0.178,0.049,0.220659
field,0.178,0.049,0.220659
field,0.178,0.049,0.220659
field,0.132,0.05,0.225162
field,0.132,0.05,0.225162
field,0.132,0.05,0.225162
field,0.137,0.041,0.184633
field,0.137,0.041,0.184633
field,0.137,0.041,0.184633
field,0.137,0.041,0.184633
field,0.26,0.055,0.247679
field,0.26,0.055,0.247679
field,0.26,0.055,0.247679
field,0.26,0.055,0.247679
field,0.26,0.055,0.247679
field,0.26,0.055,0.247679
field,0.227,0.059,0.265692
field,0.227,0.059,0.265692
field,0.144,0.049,0.220659
field,0.144,0.049,0.220659
field,0.144,0.049,0.220659
field,0.26,0.055,0.247679
field,0.059,0.033,0.148607
field,0.059,0.033,0.148607
field,0.059,0.033,0.148607
field,0.059,0.033,0.148607
field,0.059,0.033,0.148607
field,0.074,0.028,0.126091
field,0.074,0.028,0.126091
field,0.074,0.028,0.126091
field,0.293,0.071,0.31973
field,0.293,0.071,0.31973
field,0.293,0.071,0.31973
field,0.798,0.038,0.171123
field,0.798,0.038,0.171123
field,0.183,0.05,0.225162
field,0.183,0.05,0.225162
field,0.213,0.06,0.270195
field,0.177,0.05,0.225162
field,0.177,0.05,0.225162
field,0.177,0.05,0.225162
field,0.151,0.032,0.144104
field,0.186,0.036,0.162117
field,0.186,0.036,0.162117
field,0.186,0.036,0.162117
field,0.155,0.039,0.175627
field,3.455,0.05,0.225162
field,0.181,0.061,0.274698
field,0.181,0.061,0.274698
field,0.181,0.061,0.274698
field,0.181,0.061,0.274698
field,0.243,0.072,0.324234
field,0.243,0.072,0.324234
field,0.243,0.072,0.324234
field,6.327,0.108,0.486351
field,6.327,0.108,0.486351
field,6.327,0.108,0.486351
field,6.327,0.108,0.486351
field,2.709,0.077,0.34675
field,2.709,0.077,0.34675
field,2.709,0.077,0.34675
field,2.709,0.077,0.34675
field,22.542,0.086,0.387279
field,22.542,0.086,0.387279
field,22.542,0.086,0.387279
field,22.542,0.086,0.387279
field,22.542,0.086,0.387279
field,0.265,0.079,0.355756
field,0.265,0.079,0.355756
field,0.265,0.079,0.355756
field,0.13,0.048,0.216156
field,0.13,0.048,0.216156
field,0.13,0.048,0.216156
field,0.403,0.06,0.270195
field,0.403,0.06,0.270195
field,24.436,0.072,0.324234
field,24.436,0.072,0.324234
field,24.436,0.072,0.324234
field,24.436,0.072,0.324234
field,0.257,0.046,0.207149
field,0.257,0.046,0.207149
field,0.385,0.042,0.189136
field,0.385,0.042,0.189136
field,0.069,0.004,0.018013
field,0.069,0.004,0.018013
field,0.069,0.004,0.018013
field,0.108,0.002,0.00900649
field,0.108,0.002,0.00900649
field,0.108,0.002,0.00900649
field,0.108,0.002,0.00900649
field,0.12,0.005,0.0225162
field,0.12,0.005,0.0225162
field,0.12,0.005,0.0225162
field,0.065,0.005,0.0225162
field,0.065,0.005,0.0225162
field,0.065,0.005,0.0225162
field,0.065,0.005,0.0225162
field,0.061,0.003,0.0135097
field,0.061,0.003,0.0135097
field,0.061,0.003,0.0135097
field,0.063,0.002,0.00900649
field,0.063,0.002,0.00900649
field,0.151,0.001,0.00450325
field,0.12,0.005,0.0225162
field,0.12,0.005,0.0225162
field,0.12,0.005,0.0225162
field,0.12,0.005,0.0225162
field,0.12,0.005,0.0225162
field,0.12,0.005,0.0225162
field,0.101,0.003,0.0135097
field,0.101,0.003,0.0135097
field,0.101,0.003,0.0135097
field,0.101,0.003,0.0135097
field,0.065,0.005,0.0225162
field,0.065,0.005,0.0225162
field,0.065,0.005,0.0225162
field,0.065,0.005,0.0225162
field,0.061,0.003,0.0135097
field,0.061,0.003,0.0135097
field,0.061,0.003,0.0135097
field,0.061,0.003,0.0135097
field,0.063,0.002,0.00900649
field,0.063,0.002,0.00900649
field,0.063,0.002,0.00900649
field,0.1,0.007,0.0315227
field,0.1,0.007,0.0315227
field,0.1,0.006,0.0270195
field,0.1,0.006,0.0270195
field,0.1,0.006,0.0270195
field,0.3,0.022,0.0990714
field,0.3,0.022,0.0990714
field,0.3,0.022,0.0990714
field,4.9,0.083,0.373769
field,4.9,0.083,0.373769
field,4.9,0.083,0.373769
field,4.9,0.083,0.373769
field,0.1,0.013,0.0585422
field,0.1,0.013,0.0585422
field,0.1,0.013,0.0585422
field,5.4,0.209,0.941178
field,5.4,0.209,0.941178
field,0.5,0.006,0.0270195
field,0.6,0.089,0.400789
field,0.6,0.089,0.400789
field,0.6,0.089,0.400789
field,0.8,0.034,0.15311
field,0.8,0.034,0.15311
field,0.8,0.034,0.15311
field,0.8,0.034,0.15311
field,0.1,0.015,0.0675487
field,0.1,0.015,0.0675487
field,0.1,0.015,0.0675487
field,0.1,0.016,0.0720519
field,0.1,0.016,0.0720519
field,0.1,0.016,0.0720519
GLORIA,1.243,0.2702,1.21678
GLORIA,8.414,0.2992,1.34737
GLORIA,4.975,0.2584,1.16364
GLORIA,3.008,0.334,1.50408
GLORIA,3.4,0.3318,1.49418
GLORIA,23.283,0.7481,3.36888
GLORIA,15.355,0.5012,2.25703
GLORIA,21.724,0.4592,2.06789
GLORIA,14.3,0.4051,1.82426
GLORIA,24.541,0.4566,2.05618
GLORIA,7.325,0.5589,2.51686
GLORIA,0.293,1.0113,4.55413
GLORIA,9.707,1.8373,8.27381
GLORIA,6.908,1.3855,6.23925
GLORIA,7.058,1.9713,8.87725
GLORIA,8.799,1.463,6.58825
GLORIA,2.777,1.005,4.52576
GLORIA,6.741,1.4253,6.41848
GLORIA,13.304,1.2251,5.51693
GLORIA,27.229,1.4179,6.38515
GLORIA,8.043,1.2747,5.74029
GLORIA,8.499,1.382,6.22349
GLORIA,1.575,0.4148,1.86795
GLORIA,1.573,0.3574,1.60946
GLORIA,1.078,0.337,1.51759
GLORIA,1.038,0.4445,2.00169
GLORIA,9.272,0.7261,3.26981
GLORIA,7.683,0.6177,2.78165
GLORIA,5.357,0.4883,2.19893
GLORIA,4.798,0.5154,2.32097
GLORIA,2.287,0.4718,2.12463
GLORIA,17.958,0.3797,1.70988
GLORIA,21.849,0.4542,2.04537
GLORIA,5.691,0.8312,3.7431
GLORIA,10.125,0.7574,3.41076
GLORIA,11.541,0.8559,3.85433
GLORIA,9.778,0.6198,2.79111
GLORIA,4.311,0.597,2.68844
GLORIA,5.116,0.5531,2.49075
GLORIA,7.695,0.2694,1.21317
GLORIA,30.406,0.575,2.58937
GLORIA,4.992,0.999,4.49874
GLORIA,10.789,0.7011,3.15723
GLORIA,7.19,0.6152,2.7704
GLORIA,11.659,0.5367,2.41689
GLORIA,4.24,0.5591,2.51776
GLORIA,1.517,0.4566,2.05618
GLORIA,16.017,0.3634,1.63648
GLORIA,25.081,0.2944,1.32576
GLORIA,4.058,0.9635,4.33888
GLORIA,2.697,0.688,3.09823
GLORIA,8.782,0.6326,2.84875
GLORIA,7.632,0.549,2.47228
GLORIA,12.307,0.4799,2.16111
GLORIA,4.152,0.5744,2.58666
GLORIA,3.796,0.4377,1.97107
GLORIA,14.322,0.5374,2.42004
GLORIA,6.546,0.8521,3.83722
GLORIA,11.198,0.8489,3.82281
GLORIA,10.943,0.8587,3.86694
GLORIA,10.729,0.6851,3.08517
GLORIA,4.594,0.4924,2.2174
GLORIA,3.997,0.5794,2.60918
GLORIA,22.853,0.3231,1.455
GLORIA,14.155,0.4236,1.90757
GLORIA,2.839,0.8279,3.72824
GLORIA,5.392,0.5704,2.56865
GLORIA,1.095,0.5971,2.68889
GLORIA,5.825,0.5138,2.31377
GLORIA,1.26,0.5952,2.68033
GLORIA,3.339,0.5294,2.38402
GLORIA,4.402,0.6804,3.06401
GLORIA,1.61,0.5311,2.39167
GLORIA,4.754,0.5486,2.47048
GLORIA,2.639,0.5703,2.5682
GLORIA,43.941,2.1415,9.6437
GLORIA,12.117,2.0085,9.04477
GLORIA,57.276,3.0607,13.7831
GLORIA,33.443,2.707,12.1903
GLORIA,4.897,2.5099,11.3027
GLORIA,9.839,5.5076,24.8021
GLORIA,24.392,3.3354,15.0201
GLORIA,43.288,4.9426,22.2577
GLORIA,16.805,4.9083,22.1033
GLORIA,20.15,2.642,11.8976
GLORIA,39.841,2.5927,11.6756
GLORIA,1.643,2.3375,10.5263
GLORIA,0.563,2.5892,11.6598
GLORIA,6.617,1.2954,5.8335
GLORIA,2.369,2.4592,11.0744
GLORIA,7.769,1.2585,5.66733
GLORIA,4.357,1.8794,8.4634
GLORIA,8.433,1.3017,5.86188
GLORIA,7.943,0.9363,4.21639
GLORIA,8.587,0.6516,2.93431
GLORIA,8.303,1.1022,4.96348
GLORIA,7.487,0.468,2.10752
GLORIA,20.351,1.1639,5.24133
GLORIA,19.281,1.2293,5.53584
GLORIA,10.63,5.27,23.7321
GLORIA,5.51,4.83,21.7507
GLORIA,13.15,4.55,20.4898
GLORIA,8.6,4.87,21.9308
GLORIA,8.45,4.88,21.9758
GLORIA,172.564,0.78573,3.53834
GLORIA,180.398,0.9942,4.47713
GLORIA,40.3718,0.91232,4.1084
GLORIA,8.77072,0.94242,4.24395
GLORIA,15.7691,0.80876,3.64205
GLORIA,17.2903,0.80605,3.62984
GLORIA,43.4629,0.84037,3.78439
GLORIA,32.2779,1.6866,7.59517
GLORIA,3.715,0.81102,3.65222
GLORIA,19.505,0.86701,3.90436
GLORIA,12.71,0.80063,3.60543
GLORIA,9.895,0.97178,4.37616
GLORIA,40.215,0.76586,3.44886
GLORIA,32.21,0.7332,3.30178
GLORIA,21.495,0.80575,3.62849
GLORIA,19.795,0.82502,3.71527
GLORIA,120.705,0.97584,4.39445
GLORIA,258.83,0.92963,4.18635
GLORIA,253.035,1.1453,5.15757
GLORIA,54.165,0.76812,3.45903
GLORIA,46.495,0.5934,2.67223
GLORIA,59.19,0.6438,2.89919
GLORIA,38.975,0.6102,2.74788
GLORIA,21.965,0.5753,2.59072
GLORIA,42.86,0.6412,2.88748
GLORIA,20.96,0.6661,2.99961
GLORIA,16.315,0.6105,2.74923
GLORIA,14.96,0.648,2.9181
GLORIA,26.925,1.515,6.82242
GLORIA,21.995,1.781,8.02028
GLORIA,37.48,1.8433,8.30083
GLORIA,10.745,1.8982,8.54806
GLORIA,9.335,1.671,7.52492
GLORIA,11.965,1.7453,7.85951
GLORIA,11.67,1.6568,7.46098
GLORIA,17.6365,0.90873,4.09223
GLORIA,12.0555,1.36,6.12441
GLORIA,25.8906,1.44,6.48467
GLORIA,6.46184,1.5,6.75487
GLORIA,20.7075,1.57,7.0701
GLORIA,2.75024,2.05,9.23165
GLORIA,2.38979,2.47,11.123
GLORIA,3.2,2.137,9.62345
GLORIA,2,2.33938,10.5348
GLORIA,1.3,1.14832,5.17115
GLORIA,1.4,1.81183,8.15911
GLORIA,2,2.29186,10.3208
GLORIA,2,1.89668,8.5412
GLORIA,2,3.12875,14.0895
GLORIA,2.8,2.07071,9.32491
GLORIA,2.6,2.10021,9.45774
GLORIA,1.4,3.88892,17.5128
GLORIA,8.8,2.13106,9.5967
GLORIA,8.6,1.67801,7.55648
GLORIA,14.8,1.57272,7.08234
GLORIA,193,1.77268,7.9828
GLORIA,36.3,1.88922,8.50762
GLORIA,29.9,1.41733,6.38259
GLORIA,21.1,2.44689,11.0189
GLORIA,7.8,1.82705,8.22766
GLORIA,4.2,0.261512,1.17765
GLORIA,5,0.367269,1.6539
GLORIA,3.5,0.23896,1.07609
GLORIA,2.8,0.53896,2.42707
GLORIA,31,0.88588,3.98934
GLORIA,2.5,0.351469,1.58275
GLORIA,3.1,0.184829,0.832331
GLORIA,2.6,0.141585,0.63759
GLORIA,2.8,0.126347,0.568974
GLORIA,3.2,0.128044,0.576614
GLORIA,6.7,0.218011,0.981757
GLORIA,3.2,0.172728,0.777836
GLORIA,2,0.0950067,0.427839
GLORIA,1.4,0.859888,3.87229
GLORIA,3.2,0.224786,1.01227
GLORIA,1,0.871022,3.92242
GLORIA,11.3,0.922204,4.15291
GLORIA,26.1,0.722331,3.25283
GLORIA,41.9,1.34724,6.06697
GLORIA,4.8,0.110313,0.496768
GLORIA,11.6,0.325,1.46355
GLORIA,14.5,0.265,1.19336
GLORIA,2.2,0.651045,2.93181
GLORIA,2.6,0.720251,3.24347
GLORIA,2.2,0.755837,3.40372
GLORIA,2.7,0.638074,2.8734
GLORIA,2.9,0.089,0.400789
GLORIA,2.9,0.063,0.283704
GLORIA,1.5,0.109,0.490854
GLORIA,10,0.512,2.30566
GLORIA,1.7,0.705945,3.17904
GLORIA,37.8,1.56523,7.04862
GLORIA,2.5,1.28232,5.77461
GLORIA,1.8,0.972363,4.37879
GLORIA,2.8,1.90156,8.56318
GLORIA,1.4,2.14403,9.6551
GLORIA,1.4,2.17752,9.8059
GLORIA,1.4,5.54363,24.9643
GLORIA,2.9,2.16049,9.72921
GLORIA,2.1,1.92372,8.66296
GLORIA,2.8,2.1483,9.67433
GLORIA,3.6,2.0307,9.14475
GLORIA,2.1,2.53717,11.4255
GLORIA,1.7,1.9306,8.69397
GLORIA,2.9,2.09576,9.43772
GLORIA,2.9,2.05057,9.23421
GLORIA,2.1,2.28351,10.2832
GLORIA,2.9,2.32896,10.4879
GLORIA,2.1,2.1022,9.46674
GLORIA,3.5,4.37971,19.7229
GLORIA,4.3,2.57463,11.5942
GLORIA,2.1,0.072,0.324234
GLORIA,2.5,0.123,0.553899
GLORIA,1.8,0.079,0.355756
GLORIA,2.9,0.094,0.423305
GLORIA,2.9,0.117,0.52688
GLORIA,10.8,0.317,1.42753
GLORIA,5,0.148,0.66648
GLORIA,6.5,0.126,0.567409
GLORIA,11.5,0.165,0.743036
GLORIA,11.5,0.232,1.04475
GLORIA,9.4,0.275,1.23839
GLORIA,42.9,0.672,3.02618
GLORIA,5.1,0.164,0.738532
GLORIA,56.8,0.994862,4.48011
GLORIA,9.4,0.239912,1.08038
GLORIA,11.6,0.203311,0.91556
GLORIA,12.3,0.41739,1.87961
GLORIA,16.8,0.315237,1.41959
GLORIA,1.4,0.0842809,0.379538
GLORIA,6.9,0.177262,0.798253
GLORIA,18.2,0.238278,1.07302
GLORIA,39.4,1.15955,5.22172
GLORIA,36.5,0.676691,3.0473
GLORIA,32.8,1.28879,5.80375
GLORIA,1.54809,0.137298,0.618289
GLORIA,1.33692,0.0769385,0.346473
GLORIA,0.592743,0.0876615,0.394761
GLORIA,1.85261,0.0821249,0.369829
GLORIA,1.22493,0.0856335,0.385629
GLORIA,1.08055,0.0947474,0.426671
GLORIA,1.21711,0.150233,0.676537
GLORIA,1.12961,0.148825,0.670196
GLORIA,0.966313,0.13233,0.595915
GLORIA,2.47221,0.082582,0.371887
GLORIA,1.35542,0.0759687,0.342106
GLORIA,1.50055,0.0691456,0.311379
GLORIA,0.651369,0.125062,0.563187
GLORIA,1.20832,0.104612,0.471094
GLORIA,0.852123,0.0535299,0.241058
GLORIA,0.887577,0.0418241,0.188344
GLORIA,0.877049,0.0897951,0.404369
GLORIA,1.09785,0.0820947,0.369693
GLORIA,4.4038,0.0543221,0.244626
GLORIA,4.5087,0.0437213,0.196888
GLORIA,2.626,0.050569,0.227725
GLORIA,6,1.41766,6.38409
GLORIA,60,2.61727,11.7862
GLORIA,69,2.89661,13.0441
GLORIA,69,2.6989,12.1538
GLORIA,96,2.44915,11.0291
GLORIA,97,2.85484,12.856
GLORIA,91,2.44991,11.0326
GLORIA,33,1.02719,4.62569
GLORIA,10,2.73794,12.3296
GLORIA,9,1.95102,8.78594
GLORIA,4,1.96108,8.83123
GLORIA,70,3.0151,13.5778
GLORIA,12,1.11122,5.00409
GLORIA,10,2.64354,11.9045
GLORIA,113,1.8162,8.17879
GLORIA,125,2.14588,9.66345
GLORIA,9,1.02111,4.5983
GLORIA,5,0.900014,4.05299
GLORIA,5,1.04372,4.70012
GLORIA,2,1.19051,5.36118
GLORIA,3.1,0.022,0.0990714
GLORIA,3.2,0.027,0.121588
GLORIA,3,0.046,0.207149
GLORIA,2.5,0.042,0.189136
GLORIA,2.7,0.041,0.184633
GLORIA,0.9,0.054,0.243175
GLORIA,2.3,0.12,0.540389
GLORIA,3.8,0.129,0.580919
GLORIA,2.56,0.08,0.36026
GLORIA,2.52,0.096,0.432312
GLORIA,2.89,0.078,0.351253
GLORIA,2.36,0.081,0.364763
GLORIA,2.68,0.071,0.31973
GLORIA,1.79,0.018,0.0810584
GLORIA,1.21,0.017,0.0765552
GLORIA,1.59,0.046,0.207149
GLORIA,1.49,0.06,0.270195
GLORIA,2.58,0.102,0.459331
GLORIA,1.3,0.028,0.126091
GLORIA,0.7,0.056,0.252182
GLORIA,1.4,0.045,0.202646
GLORIA,1.56,0.035,0.157614
GLORIA,1.52,0.065,0.292711
GLORIA,1.64,0.07,0.315227
GLORIA,0.4,0.0415,0.186885
GLORIA,1.3,0.03206,0.144374
GLORIA,1.3,0.08034,0.361791
GLORIA,1.9,0.03221,0.14505
GLORIA,36.65,0.27,1.21588
GLORIA,36.65,0.27,1.21588
GLORIA,35.19,0.23,1.03575
GLORIA,10.01,0.35,1.57614
GLORIA,5.38,0.22,0.990714
GLORIA,6.11,0.29,1.30594
GLORIA,5.94,0.19,0.855617
GLORIA,10.31,0.18,0.810584
GLORIA,28.67,0.16,0.720519
GLORIA,32.49,0.15,0.675487
GLORIA,13.8,0.15,0.675487
GLORIA,31,0.49,2.20659
GLORIA,36.3,0.38,1.71123
GLORIA,2.93,0.06,0.270195
GLORIA,2.78,0.05,0.225162
GLORIA,4.5,0.087,0.391782
GLORIA,4,0.071,0.31973
GLORIA,3.3,0.093,0.418802
GLORIA,5,0.086,0.387279
GLORIA,3.1,0.109,0.490854
GLORIA,3.3,0.095,0.427808
GLORIA,3.2,0.045,0.202646
GLORIA,40.7,0.22,0.990714
GLORIA,38.11,0.19,0.855617
GLORIA,35.47,0.22,0.990714
GLORIA,43.13,0.28,1.26091
GLORIA,6.37,0.27,1.21588
GLORIA,18.19,0.22,0.990714
GLORIA,46.03,0.25,1.12581
GLORIA,71.24,0.23,1.03575
GLORIA,31.96,0.29,1.30594
GLORIA,1.88,0.09,0.405292
GLORIA,1.45,0.14,0.630454
GLORIA,3.15,0.09,0.405292
GLORIA,3.24,0.08,0.36026
GLORIA,3.96,0.09,0.405292
GLORIA,1.42961,0.0352917,0.158927
GLORIA,1.8754,0.0322116,0.145057
GLORIA,1.29219,0.0803396,0.361789
GLORIA,1.30455,0.0320594,0.144371
GLORIA,1.30455,0.0320594,0.144371
GLORIA,0.440607,0.041496,0.186867
GLORIA,1.55577,0.0295203,0.132937
GLORIA,1.37328,0.105344,0.474389
GLORIA,1.50107,0.0439044,0.197712
GLORIA,1.22285,0.0499693,0.225024
GLORIA,1.04187,0.0471144,0.212168
GLORIA,0.874185,0.0537208,0.241918
GLORIA,0.604975,0.0614234,0.276605
GLORIA,1.19058,0.0376761,0.169665
GLORIA,0.46252,0.0353303,0.159101
GLORIA,1.00661,0.0333274,0.150081
GLORIA,1.58691,0.0135528,0.0610318
GLORIA,1.48856,0.00965906,0.0434971
GLORIA,1.45694,0.0255578,0.115093
GLORIA,1.22221,0.011209,0.0504767
GLORIA,1.33333,0.00806661,0.0363259
GLORIA,1.02446,0.0171555,0.0772555
GLORIA,1.48823,0.0355729,0.160194
GLORIA,1.37058,0.0382135,0.172085
GLORIA,2.0809,0.0281566,0.126796
GLORIA,1.63247,0.085686,0.385865
GLORIA,4.67935,0.08526,0.383947
GLORIA,5.91515,0.0663391,0.298741
GLORIA,4.07979,0.0688182,0.309905
GLORIA,1.46173,0.0329583,0.148419
GLORIA,1.51851,0.03808,0.171484
GLORIA,1.71129,0.0669974,0.301706
GLORIA,0.89,0.078,0.351253
GLORIA,1.25,0.047,0.211653
GLORIA,1.08,0.039,0.175627
GLORIA,1.37,0.044,0.198143
GLORIA,0.5659,0.160512,0.722827
GLORIA,0.549567,0.111705,0.503035
GLORIA,0.750483,0.136309,0.613831
GLORIA,2.75298,0.01603,0.072187
GLORIA,2.40996,0.037386,0.168358
GLORIA,2.35478,0.0452533,0.203787
GLORIA,6.1,0.200895,0.904679
GLORIA,14,0.185037,0.833268
GLORIA,28.1,0.169251,0.762179
GLORIA,0.27,0.057,0.256685
GLORIA,4.18,0.074,0.33324
GLORIA,1.09,0.11284,0.508148
GLORIA,1.44,0.167333,0.75354
GLORIA,0.86,0.0743104,0.334638
GLORIA,1.43,0.133343,0.600477
GLORIA,1.47,0.143763,0.647399
GLORIA,1.59,0.161313,0.726431
GLORIA,1.43,0.127216,0.572883
GLORIA,2.09,0.13808,0.621806
GLORIA,1.77,0.139115,0.62647
GLORIA,1.65,0.127381,0.57363
GLORIA,1.3,0.119682,0.538959
GLORIA,0.50244,0.141194,0.635833
GLORIA,0.21156,0.105846,0.476649
GLORIA,0.32256,0.110494,0.497583
GLORIA,0.95002,0.0668114,0.300868
GLORIA,0.317867,0.0738874,0.332733
GLORIA,0.50058,0.0946748,0.426344
GLORIA,0.35925,0.103011,0.463882
GLORIA,2.10672,0.134683,0.606511
GLORIA,12.7,0.743516,3.34823
GLORIA,23.8,0.937664,4.22253
GLORIA,17.1,1.45245,6.54076
GLORIA,2.68,1.21646,5.47801
GLORIA,17,1.07588,4.84495
GLORIA,4.56,0.615187,2.77034
GLORIA,20.8,1.16366,5.24026
GLORIA,7.16,0.712311,3.20771
GLORIA,14.1,1.19934,5.4009
GLORIA,13.6,0.695038,3.12993
GLORIA,24.1,0.821438,3.69914
GLORIA,17.7,1.06024,4.77454
GLORIA,7.26,1.00928,4.54505
GLORIA,18,0.929983,4.18794
GLORIA,9.46,0.712292,3.20762
GLORIA,23.3,1.15607,5.20606
GLORIA,7.63,0.58081,2.61553
GLORIA,17.5,1.10373,4.97035
GLORIA,12.5,0.622417,2.8029
GLORIA,18.3,0.650938,2.93134
GLORIA,33,0.94134,4.23909
GLORIA,120,1.11442,5.01851
GLORIA,32.4,1.0083,4.54063
GLORIA,45.1,0.696303,3.13562
GLORIA,28.9,0.929019,4.1836
GLORIA,14.5,0.55225,2.48692
GLORIA,24.4,0.613677,2.76354
GLORIA,23.2,0.646213,2.91006
GLORIA,30.1,0.89232,4.01834
GLORIA,47.1,0.933286,4.20282
GLORIA,53.1,0.982231,4.42323
GLORIA,53.7,0.791892,3.56609
GLORIA,28.6,0.885392,3.98714
GLORIA,27.8,0.456864,2.05737
GLORIA,62.1,1.05436,4.74805
GLORIA,12.6,0.642971,2.89546
GLORIA,39.2,0.644725,2.90335
GLORIA,30.4,1.15658,5.20836
GLORIA,30,0.910085,4.09834
GLORIA,79.6,1.04835,4.72097
GLORIA,36.4,0.729897,3.28691
GLORIA,37.7,0.934308,4.20742
GLORIA,16.9,0.455265,2.05017
GLORIA,50.4,1.26377,5.69105
GLORIA,9.81,0.621758,2.79993
GLORIA,47,0.620682,2.79508
GLORIA,11.9,1.20607,5.43124
GLORIA,35.9,0.879882,3.96233
GLORIA,79.5,0.92329,4.1578
GLORIA,36,0.755383,3.40167
GLORIA,41.8,0.989629,4.45654
GLORIA,26.3,0.466842,2.10231
GLORIA,40.4,1.18243,5.32479
GLORIA,25.1,0.613795,2.76407
GLORIA,39.9,0.56835,2.55942
GLORIA,23.2,0.979106,4.40916
GLORIA,67.6,0.985322,4.43715
GLORIA,41.1,0.872046,3.92704
GLORIA,37.9,0.692068,3.11655
GLORIA,46.2,0.850206,3.82869
GLORIA,34.6,0.524134,2.36031
GLORIA,68.7,1.3685,6.16267
GLORIA,10.9,0.657081,2.959
GLORIA,20.6,0.535739,2.41256
GLORIA,132,1.17723,5.30135
GLORIA,34.8,1.06329,4.78824
GLORIA,80.2,0.90248,4.06409
GLORIA,27.8,1.18686,5.34473
GLORIA,29,0.717195,3.22971
GLORIA,49.7,0.830902,3.74176
GLORIA,33.5,0.717195,3.22971
GLORIA,4.42,0.698621,3.14606
GLORIA,19.1,0.691478,3.1139
GLORIA,201,1.45086,6.53358
GLORIA,2.27,1.34589,6.06089
GLORIA,81.2,0.958667,4.31711
GLORIA,58.1,1.27943,5.76161
GLORIA,13.3,0.896839,4.03869
GLORIA,25.2,0.917584,4.1321
GLORIA,31.3,0.577584,2.601
GLORIA,12.6,0.401866,1.8097
GLORIA,18.5,0.726378,3.27106
GLORIA,11.5,0.524787,2.36325
GLORIA,8.89,0.480816,2.16523
GLORIA,14.9,0.558457,2.51487
GLORIA,196,1.34892,6.07451
GLORIA,35.8,1.17384,5.28607
GLORIA,49,0.755208,3.40089
GLORIA,8.34,0.721651,3.24977
GLORIA,10.2,0.464241,2.09059
GLORIA,6.31,0.769056,3.46325
GLORIA,10.2,0.561172,2.52709
GLORIA,7.19,0.550999,2.48128
GLORIA,4.76,0.514147,2.31533
GLORIA,6.77,1.15208,5.18808
GLORIA,4.05,0.857001,3.85928
GLORIA,49.7,0.821634,3.70002
GLORIA,12.8,0.834138,3.75633
GLORIA,5.49,0.455139,2.0496
GLORIA,15.1,0.763001,3.43598
GLORIA,9.05,0.592941,2.67016
GLORIA,3.97,0.517986,2.33262
GLORIA,14.7,0.556405,2.50563
GLORIA,10.5,0.884876,3.98481
GLORIA,9.78,0.933673,4.20456
GLORIA,36,0.690057,3.1075
GLORIA,6.8,0.757128,3.40953
GLORIA,4.11,0.462374,2.08218
GLORIA,36.9,0.90754,4.08688
GLORIA,14.9,0.613163,2.76122
GLORIA,7.63,0.52837,2.37938
GLORIA,52.3,0.572263,2.57704
GLORIA,33,0.853944,3.84552
GLORIA,12.1,1.1767,5.29895
GLORIA,95.5,0.900264,4.05411
GLORIA,21,0.844507,3.80302
GLORIA,8.54,0.352967,1.5895
GLORIA,53,0.420074,1.8917
GLORIA,22.6,0.654054,2.94536
GLORIA,21.3,0.461409,2.07784
GLORIA,7.89,0.445294,2.00527
GLORIA,13.8,0.474997,2.13903
GLORIA,16.1,0.647476,2.91574
GLORIA,102,1.04053,4.68576
GLORIA,34.4,0.685522,3.08707
GLORIA,8.91,0.39519,1.77964
GLORIA,83.2,0.527041,2.3734
GLORIA,28.4,0.71883,3.23707
GLORIA,21.4,0.522322,2.35215
GLORIA,15.2,0.478521,2.1549
GLORIA,24.2,0.4661,2.09896
GLORIA,27.5,0.864252,3.89194
GLORIA,103,0.839091,3.77863
GLORIA,30.1,0.742347,3.34297
GLORIA,7.39,0.415993,1.87332
GLORIA,129,0.632296,2.84738
GLORIA,23.7,0.800483,3.60477
GLORIA,28.1,0.602393,2.71272
GLORIA,23,0.493985,2.22454
GLORIA,28.9,0.552458,2.48785
GLORIA,27.8,0.983763,4.43013
GLORIA,102,0.864281,3.89207
GLORIA,42,0.856824,3.85849
GLORIA,117,0.670514,3.01949
GLORIA,117,0.686272,3.09045
GLORIA,133,0.617692,2.78162
GLORIA,87.8,0.667351,3.00524
GLORIA,95.4,0.64525,2.90572
GLORIA,146,0.737342,3.32043
GLORIA,147,0.823447,3.70819
GLORIA,150,0.735534,3.31229
GLORIA,132,0.672341,3.02772
GLORIA,129,0.755621,3.40275
GLORIA,101,0.714412,3.21717
GLORIA,84.4,0.657055,2.95888
GLORIA,70.8,0.825127,3.71575
GLORIA,121,0.781647,3.51995
GLORIA,111,0.705915,3.17891
GLORIA,123,0.752269,3.38765
GLORIA,125,0.760951,3.42675
GLORIA,132,0.710527,3.19968
GLORIA,152,0.8322,3.7476
GLORIA,131,0.811037,3.6523
GLORIA,160,0.859191,3.86915
GLORIA,128,0.853051,3.8415
GLORIA,122,0.854982,3.85019
GLORIA,121,0.88622,3.99087
GLORIA,98,0.803622,3.61891
GLORIA,152,0.696704,3.13743
GLORIA,102,0.637403,2.87038
GLORIA,109,0.658592,2.9658
GLORIA,147,0.670874,3.02111
GLORIA,142,0.727097,3.2743
GLORIA,90.1,0.614816,2.76867
GLORIA,94.8,0.604876,2.72391
GLORIA,83.6,0.595343,2.68098
GLORIA,92,0.598776,2.69644
GLORIA,87.8,0.605057,2.72472
GLORIA,86.7,0.653881,2.94459
GLORIA,112,0.675697,3.04283
GLORIA,111,0.674452,3.03722
GLORIA,131,0.739868,3.33181
GLORIA,124,0.726308,3.27074
GLORIA,48.4,1.78538,8.04002
GLORIA,41.4,1.38135,6.22057
GLORIA,55.1,1.51615,6.82759
GLORIA,60.5,1.64582,7.41153
GLORIA,62.6,1.57756,7.10413
GLORIA,24.5,1.93411,8.70977
GLORIA,0.633,0.224248,1.00984
GLORIA,0.267,0.096218,0.433293
GLORIA,0.514,0.0791007,0.35621
GLORIA,0.115,0.0570906,0.257093
GLORIA,0.253,0.0550601,0.247949
GLORIA,0.358,0.050432,0.227108
GLORIA,7.73,0.759789,3.42151
GLORIA,6.44,0.660586,2.97478
GLORIA,3.65,0.591485,2.6636
GLORIA,4.37,0.62698,2.82345
GLORIA,11,0.726193,3.27023
GLORIA,5.91,0.746059,3.35969
GLORIA,9.06,0.735501,3.31214
GLORIA,1.89,0.253585,1.14196
GLORIA,1.6,0.249952,1.12559
GLORIA,1.28,0.252758,1.13823
GLORIA,2.31,0.192743,0.867971
GLORIA,2.85,0.181179,0.815895
GLORIA,2.42,0.263007,1.18439
GLORIA,6.3,0.726092,3.26977
GLORIA,5.71,0.719391,3.23959
GLORIA,6.11,0.729063,3.28315
GLORIA,10,5.70139,25.6747
GLORIA,1.41,0.205991,0.927629
GLORIA,1.4,0.221607,0.99795
GLORIA,1.67,0.2124,0.956487
GLORIA,4.47,0.855872,3.8542
GLORIA,3.68,0.872083,3.9272
GLORIA,5.07,0.827021,3.72428
GLORIA,42,2.24889,10.1273
GLORIA,14.4,2.27701,10.2539
GLORIA,53.7,2.041,9.19111
GLORIA,1.62,0.309276,1.39275
GLORIA,1.99,0.30933,1.39299
GLORIA,2.45,0.279101,1.25686
GLORIA,5.61,1.19069,5.36197
GLORIA,5.68,1.22468,5.51502
GLORIA,6.98,1.19045,5.36087
GLORIA,52.1,1.19355,5.37486
GLORIA,46.6,1.24291,5.59711
GLORIA,58.8,1.17921,5.31029
GLORIA,4.72,0.429053,1.93213
GLORIA,3.83,0.427104,1.92336
GLORIA,4.18,0.47145,2.12305
GLORIA,17.3,8.57535,38.6169
GLORIA,17.4,5.22107,23.5117
GLORIA,13.1,2.04986,9.23104
GLORIA,3.29,0.834333,3.75721
GLORIA,3.18,0.823179,3.70698
GLORIA,3.24,0.886224,3.99088
GLORIA,1.97,0.217667,0.980206
GLORIA,2.02,0.237867,1.07117
GLORIA,1.97,0.250494,1.12804
GLORIA,7.87,0.445504,2.00621
GLORIA,7.65,0.47794,2.15228
GLORIA,7.7,0.478789,2.15611
GLORIA,36.7,1.95633,8.80982
GLORIA,40,1.98942,8.95883
GLORIA,25.6,1.92049,8.64843
GLORIA,111,1.94632,8.76474
GLORIA,69.3,1.95032,8.78276
GLORIA,150,2.74572,12.3646
GLORIA,71.3,11.2971,50.8734
GLORIA,159,11.2488,50.6562
GLORIA,41.1,11.1493,50.208
GLORIA,18.5,5.3371,24.0343
GLORIA,1290,5.68911,25.6195
GLORIA,414,6.37065,28.6886
GLORIA,7.85,0.594358,2.67654
GLORIA,7.81,0.56777,2.55681
GLORIA,12.2,0.594163,2.67566
GLORIA,53.4,0.898047,4.04413
GLORIA,37.4,0.898853,4.04775
GLORIA,47.1,0.901866,4.06133
GLORIA,35.3,0.860849,3.87661
GLORIA,29,0.883579,3.97897
GLORIA,40,0.837293,3.77054
GLORIA,11.3,0.514871,2.31859
GLORIA,4.82,0.508187,2.28849
GLORIA,9.19,0.526982,2.37313
GLORIA,79.8,1.64456,7.40588
GLORIA,8.46,1.03136,4.64447
GLORIA,7.89,0.918762,4.13741
GLORIA,12.8,1.33943,6.0318
GLORIA,8.3,0.691978,3.11615
GLORIA,7.71,0.670338,3.0187
GLORIA,5.49,0.685702,3.08788
GLORIA,2.1,0.22819,1.0276
GLORIA,1.27,0.221883,0.999192
GLORIA,0.808,0.239224,1.07728
GLORIA,24.5,0.526389,2.37046
GLORIA,24.4,0.692296,3.11758
GLORIA,23.1,0.52038,2.3434
GLORIA,10.1,0.511032,2.3013
GLORIA,7.81,0.506614,2.28141
GLORIA,8.8,0.521412,2.34805
GLORIA,4.75,0.750716,3.38066
GLORIA,5,0.575995,2.59385
GLORIA,4.83,0.543289,2.44656
GLORIA,437,3.28433,14.7901
GLORIA,138,2.9583,13.3219
GLORIA,164,3.14859,14.1789
GLORIA,3.19,0.140624,0.633266
GLORIA,2.75,0.154521,0.695845
GLORIA,3.25,0.158844,0.715312
GLORIA,5.92,0.346785,1.56166
GLORIA,4.07,1.14857,5.1723
GLORIA,3.3,0.359516,1.61899
GLORIA,61.9,3.77378,16.9943
GLORIA,55.9,3.77542,17.0016
GLORIA,69.6,3.59543,16.1911
GLORIA,56.4,10.0907,45.441
GLORIA,59.9,10.8853,49.019
GLORIA,46.7,11.3074,50.92
GLORIA,1.51,0.257194,1.15821
GLORIA,1.4,0.234492,1.05598
GLORIA,1.42,0.267548,1.20483
GLORIA,6.06,0.623883,2.8095
GLORIA,5.83,0.638311,2.87447
GLORIA,5.21,0.615793,2.77307
GLORIA,17.9,4.02977,18.1471
GLORIA,10.4,3.45543,15.5607
GLORIA,17.1,3.90995,17.6075
GLORIA,8.67,0.355298,1.59999
GLORIA,8.88,0.339067,1.5269
GLORIA,8.75,0.33589,1.51259
GLORIA,2.09,0.133212,0.599887
GLORIA,2.05,0.165214,0.743998
GLORIA,1.79,0.154337,0.695015
GLORIA,3.05,0.290943,1.31019
GLORIA,4.27,0.284646,1.28183
GLORIA,3.05,0.273178,1.23019
GLORIA,15.4,1.33356,6.00536
GLORIA,18.6,1.31823,5.93629
GLORIA,15,1.30001,5.85424
GLORIA,11.7,0.565363,2.54597
GLORIA,8.05,0.292566,1.31749
GLORIA,6.81,0.310492,1.39822
GLORIA,1.46,0.12699,0.571868
GLORIA,0.802,0.151281,0.681257
GLORIA,1.4,0.19256,0.867143
GLORIA,11.2,4.85384,21.858
GLORIA,4.94,3.49682,15.747
GLORIA,32.4,1.55401,6.99807
GLORIA,13.5,0.508624,2.29046
GLORIA,15.3,0.49754,2.24055
GLORIA,14.4,0.485458,2.18614
GLORIA,88.2,0.736654,3.31733
GLORIA,90.3,0.68922,3.10373
GLORIA,111,0.684529,3.0826
GLORIA,9.7,0.433915,1.95403
GLORIA,10.2,0.429554,1.93439
GLORIA,11.1,0.430045,1.9366
GLORIA,29.5,0.612989,2.76044
GLORIA,24.7,0.668933,3.01237
GLORIA,29.8,0.636065,2.86436
GLORIA,56.7,5.39873,24.3118
GLORIA,3.04,5.33746,24.0359
GLORIA,40.3,5.3232,23.9717
GLORIA,48.8,3.38833,15.2585
GLORIA,136,3.62024,16.3028
GLORIA,71.9,3.49452,15.7367
GLORIA,95.1,1.27442,5.73903
GLORIA,66.4,1.5814,7.12143
GLORIA,54.5,1.5216,6.85212
GLORIA,37,3.27133,14.7316
GLORIA,26.9,6.65116,29.9518
GLORIA,42.5,2.41713,10.8849
GLORIA,8.51,0.903498,4.06867
GLORIA,8.89,0.846651,3.81268
GLORIA,9.91,1.08845,4.90155
GLORIA,39.2,2.10432,9.47629
GLORIA,32.6,2.15389,9.69951
GLORIA,38.9,2.09133,9.41778
GLORIA,3.37,0.373429,1.68164
GLORIA,1.14,0.339018,1.52668
GLORIA,2.76,0.375679,1.69177
GLORIA,11.6,1.37198,6.17837
GLORIA,13.9,1.40022,6.30552
GLORIA,12.1,1.38685,6.24531
GLORIA,7.72,0.40363,1.81764
GLORIA,4.95,0.81786,3.68303
GLORIA,5.64,0.34816,1.56785
GLORIA,14.6,0.416893,1.87737
GLORIA,14.3,0.465243,2.0951
GLORIA,16.2,0.402057,1.81056
GLORIA,16,0.624071,2.81034
GLORIA,19.5,0.668073,3.0085
GLORIA,14.1,0.640966,2.88643
GLORIA,7.88,0.519307,2.33857
GLORIA,8.28,0.543072,2.44559
GLORIA,8.83,0.520118,2.34222
GLORIA,26.3,1.31508,5.92212
GLORIA,41,1.52362,6.86126
GLORIA,68.4,1.45317,6.544
GLORIA,54.4,1.44342,6.50007
GLORIA,25.5,1.7252,7.76899
GLORIA,33.8,1.46801,6.61083
GLORIA,129,3.75564,16.9126
GLORIA,71.5,3.40907,15.3519
GLORIA,95.3,4.10361,18.4795
GLORIA,165,2.81125,12.6598
GLORIA,102,2.69483,12.1355
GLORIA,129,2.76077,12.4324
GLORIA,72.2,4.57747,20.6135
GLORIA,46.5,6.82731,30.745
GLORIA,57.4,6.7044,30.1916
GLORIA,24.1,5.56182,25.0462
GLORIA,22.2,6.49221,29.236
GLORIA,12.7,8.85701,39.8853
GLORIA,0.78982,0.254231,1.14486
GLORIA,1.32556,0.152229,0.685526
GLORIA,1.41694,0.345724,1.55688
GLORIA,1.37584,0.184273,0.829827
GLORIA,1.03344,0.175827,0.791791
GLORIA,5.07752,0.0900324,0.405438
GLORIA,5.38289,0.048765,0.219601
GLORIA,6.05625,0.0398786,0.179583
GLORIA,5.77389,0.0211764,0.0953626
GLORIA,12.1824,0.171472,0.772183
GLORIA,11.0106,0.0726975,0.327375
GLORIA,2.66157,0.0614188,0.276584
GLORIA,10.4029,0.0514507,0.231695
GLORIA,10.9909,0.192484,0.866805
GLORIA,10.0245,0.216974,0.977087
GLORIA,10.1473,0.172747,0.77792
GLORIA,19.9835,0.268659,1.20984
GLORIA,11.6594,0.54248,2.44292
GLORIA,4.91184,0.307933,1.3867
GLORIA,11.1869,0.265901,1.19742
GLORIA,6.13592,0.110422,0.497258
GLORIA,8.39508,0.0342199,0.1541
GLORIA,3.86654,0.661282,2.97792
GLORIA,3.89625,0.127388,0.573659
GLORIA,3.65265,0.227365,1.02388
GLORIA,6.70706,0.120635,0.54325
GLORIA,11.5228,0.17572,0.791309
GLORIA,1.295,0.120401,0.542195
GLORIA,2.37505,0.0435485,0.19611
GLORIA,30.3445,0.268736,1.21018
GLORIA,29.932,0.081647,0.367676
GLORIA,22.6236,0.153674,0.692031
GLORIA,20.0205,0.0873952,0.393562
GLORIA,33.3335,0.200581,0.903264
GLORIA,17.1632,0.0945755,0.425896
GLORIA,17.5651,0.11013,0.495941
GLORIA,9.3068,0.0746919,0.336356
GLORIA,13.4155,0.0933273,0.420276
GLORIA,9.37194,0.0751555,0.338444
GLORIA,11.1362,0.161451,0.727051
GLORIA,1.58501,0.0326094,0.146848
GLORIA,2.60862,0.0161356,0.0726625
GLORIA,1.03577,0.083812,0.377426
GLORIA,2.44065,0.0250305,0.112718
GLORIA,5.57227,0.0283145,0.127507
GLORIA,7.87426,0.112488,0.506563
GLORIA,8.7216,0.0804375,0.36223
GLORIA,6.42519,0.00561893,0.0253034
GLORIA,7.71779,0.0194316,0.0875051
GLORIA,5.65035,0.0499213,0.224808
GLORIA,8.61032,0.175049,0.788287
GLORIA,4.11494,0.17477,0.787033
GLORIA,4.7357,0.228301,1.02809
GLORIA,7.31887,0.0470958,0.212084
GLORIA,3.73982,0.289167,1.30219
GLORIA,3.9933,0.187774,0.845592
GLORIA,3.73543,0.0153737,0.0692315
GLORIA,2.99004,0.261544,1.17779
GLORIA,7.45832,0.335146,1.50924
GLORIA,6.58198,0.095709,0.431001
GLORIA,5.10828,0.12321,0.554843
GLORIA,4.90391,0.0334905,0.150816
GLORIA,4.01693,0.107758,0.48526
GLORIA,5.60037,0.239938,1.0805
GLORIA,6.98968,0.135336,0.609451
GLORIA,1.26,0.0892605,0.401962
GLORIA,0.67,0.168445,0.758549
GLORIA,0.45,0.0387288,0.174405
GLORIA,0.42,0.0816414,0.367651
GLORIA,1.44,0.0890877,0.401184
GLORIA,1.19,0.0815262,0.367133
GLORIA,1.16,0.0600315,0.270337
GLORIA,0.83,0.057671,0.259707
GLORIA,0.28,0.0562892,0.253484
GLORIA,0.5,0.034238,0.154182
GLORIA,0.09,0.0844817,0.380442
GLORIA,2.23,0.145089,0.65337
GLORIA,0.63,0.107473,0.483979
GLORIA,11.75,0.273124,1.22994
GLORIA,6.24,0.538459,2.42481
GLORIA,7.48,0.337127,1.51816
GLORIA,2.72,0.228105,1.02721
GLORIA,0.57,0.127067,0.572214
GLORIA,0.49,0.126005,0.567432
GLORIA,1.19,0.159329,0.7175
GLORIA,2.02,0.188793,0.85018
GLORIA,3.35,0.220988,0.995163
GLORIA,1.32,0.682006,3.07124
GLORIA,0.37,0.109892,0.494873
GLORIA,0.96,0.0825808,0.371881
GLORIA,2.41,0.1714,0.771855
GLORIA,3.06,0.206693,0.930789
GLORIA,5.6,0.277126,1.24797
GLORIA,2.4,0.356964,1.6075
GLORIA,3.5,0.252906,1.1389
GLORIA,6.1,0.234127,1.05433
GLORIA,2.71,0.171225,0.771067
GLORIA,4.5,0.295882,1.33243
GLORIA,1.6,0.139618,0.628736
GLORIA,0.81,0.140455,0.632502
GLORIA,0.06,0.18104,0.815269
GLORIA,1.5,0.175703,0.791235
GLORIA,0.06,0.257858,1.1612
GLORIA,4.2,0.28785,1.29626
GLORIA,6.2,0.263417,1.18623
GLORIA,1.83799,0.198434,0.893596
GLORIA,2.60542,0.402286,1.81159
GLORIA,5.84982,0.0274268,0.12351
GLORIA,13.3875,0.448091,2.01786
GLORIA,9.8437,0.161968,0.729383
GLORIA,8.85042,0.110742,0.498698
GLORIA,4.71209,0.063876,0.287649
GLORIA,3.42479,0.0767834,0.345775
GLORIA,7.83772,0.320932,1.44524
GLORIA,8.24895,0.394087,1.77467
GLORIA,7.7252,0.164122,0.739082
GLORIA,17.2182,0.0281575,0.1268
GLORIA,15.0003,0.106747,0.480709
GLORIA,4.01195,0.0388568,0.174982
GLORIA,8.40033,0.139031,0.626091
GLORIA,6.64953,0.0821367,0.369882
GLORIA,0.52,0.325298,1.4649
GLORIA,5.2,0.1999,0.900199
GLORIA,1.6,0.178406,0.803406
GLORIA,0.56,0.136625,0.615258
GLORIA,0.53,0.150136,0.676101
GLORIA,1.6,0.18305,0.824319
GLORIA,2.2,0.2303,1.0371
GLORIA,3,0.189825,0.854829
GLORIA,5.6,0.656528,2.95651
GLORIA,6.6,0.338138,1.52272
GLORIA,2.21,0.141992,0.639423
GLORIA,1.82,0.137625,0.619759
GLORIA,1.62,0.00534968,0.0240909
GLORIA,2.2,0.101017,0.454903
GLORIA,2.33,0.13735,0.618521
GLORIA,2.1,0.0803167,0.361686
GLORIA,2.67,0.0905083,0.407581
GLORIA,2.17,0.0953583,0.429422
GLORIA,2.64,0.131825,0.59364
GLORIA,3.21,0.166658,0.750503
GLORIA,4.21,0.163042,0.734217
GLORIA,1.81,0.0530917,0.239085
GLORIA,1.46,0.0955417,0.430248
GLORIA,5.66,0.118025,0.531496
GLORIA,8.86,0.123642,0.556789
GLORIA,11.94,0.103125,0.464397
GLORIA,7.01,0.172475,0.776697
GLORIA,6.04,0.292658,1.31791
GLORIA,7.05,0.169033,0.761199
GLORIA,10.51,0.170117,0.766077
GLORIA,3.08,0.0805599,0.362781
GLORIA,12.23,0.226808,1.02137
GLORIA,9.21,0.392105,1.76575
GLORIA,7.12,0.641692,2.8897
GLORIA,3,0.487967,2.19744
GLORIA,5.75,0.848464,3.82084
GLORIA,2.67,0.198768,0.8951
GLORIA,2.79,7.98868,35.975
GLORIA,2.41,1.18509,5.33673
GLORIA,2.73,0.675335,3.0412
GLORIA,2.18,0.997871,4.49366
GLORIA,3.98,1.50676,6.78532
GLORIA,1.48,2.70269,12.1709
GLORIA,3.39,0.539785,2.43078
GLORIA,2.73,0.389091,1.75217
GLORIA,4.76,0.427667,1.92589
GLORIA,2.15,0.801636,3.60996
GLORIA,2.53,0.438146,1.97308
GLORIA,4.29,0.707424,3.18571
GLORIA,1.31,0.498906,2.2467
GLORIA,2.23,0.389456,1.75382
GLORIA,1.63,0.596842,2.68773
GLORIA,2.22,0.378402,1.70404
GLORIA,3.1,0.547672,2.4663
GLORIA,5.69,1.07688,4.84947
GLORIA,1.96,1.04249,4.6946
GLORIA,0.12,2.45228,11.0432
GLORIA,3.08,0.085,0.382776
GLORIA,1.44,0.0875,0.394034
GLORIA,1.58,0.0957,0.430961
GLORIA,1.63,0.0747,0.336392
GLORIA,1.99,0.1106,0.498059
GLORIA,2,0.0749,0.337293
GLORIA,2.15,0.0527,0.237321
GLORIA,3.09,0.0946,0.426007
GLORIA,2.12,0.0817,0.367915
GLORIA,2.73,0.072,0.324234
GLORIA,2.65,0.0795,0.358008
GLORIA,2.16,0.0573,0.258036
GLORIA,1.43,0.216992,0.97717
GLORIA,1.12,0.228928,1.03092
GLORIA,1.24,0.172622,0.777361
GLORIA,1.85,0.363742,1.63802
GLORIA,2.31,0.389739,1.75509
GLORIA,2.96,0.160395,0.7223
GLORIA,1.29,0.143343,0.645508
GLORIA,0.99,0.227221,1.02323
GLORIA,2.69,0.303727,1.36776
GLORIA,2.78,0.271122,1.22093
GLORIA,4.04,0.5527,2.48894
GLORIA,7.93,1.2068,5.43452
GLORIA,4.92,0.6057,2.72762
GLORIA,4.66,0.509,2.29215
GLORIA,6.15,0.5988,2.69654
GLORIA,3.11,0.5067,2.28179
GLORIA,7.3,0.9442,4.25196
GLORIA,20.99,0.3708,1.6698
GLORIA,4,0.4191,1.88731
GLORIA,4.73,0.6448,2.90369
GLORIA,4.8,0.5412,2.43716
GLORIA,3.64,0.5274,2.37501
GLORIA,6.93,0.3938,1.77338
GLORIA,4.86,0.5665,2.55109
GLORIA,7.94,0.4606,2.0742
GLORIA,4.83,0.3915,1.76302
GLORIA,1.97,0.3454,1.55542
GLORIA,3.05,0.3869,1.74231
GLORIA,3.36,0.3454,1.55542
GLORIA,4.75,0.3478,1.56623
GLORIA,9.83,0.6955,3.13201
GLORIA,11.23,0.3017,1.35863
GLORIA,5.81,0.5596,2.52002
GLORIA,0.703413,0.383135,1.72535
GLORIA,0.673093,2.10201,9.46587
GLORIA,1.27342,0.362199,1.63107
GLORIA,0.128555,2.60239,11.7192
GLORIA,0.280908,0.27636,1.24452
GLORIA,0.360802,0.36848,1.65936
GLORIA,0.867138,0.16121,0.725968
GLORIA,1.58874,0.43757,1.97049
GLORIA,4.329,0.469167,2.11278
GLORIA,2.428,0.775397,3.4918
GLORIA,1.497,0.535263,2.41042
GLORIA,1.30824,0.80605,3.62984
GLORIA,0.757401,7.02206,31.622
GLORIA,1.14471,0.13818,0.622259
GLORIA,1.41152,0.353825,1.59336
GLORIA,1.943,0.171597,0.772741
GLORIA,1.93,0.136545,0.614895
GLORIA,2.636,0.176709,0.795765
GLORIA,5.223,0.108425,0.488266
GLORIA,2.38,0.0565156,0.254504
GLORIA,3.467,0.22574,1.01656
GLORIA,2.501,0.0612137,0.275661
GLORIA,0.299087,0.13818,0.622259
GLORIA,2.06564,0.224019,1.00881
GLORIA,3.87307,0.27636,1.24452
GLORIA,2.09146,0.32242,1.45194
GLORIA,3.63208,0.27636,1.24452
GLORIA,2.22056,6.417,28.8973
GLORIA,3.30502,0.96726,4.35581
GLORIA,2.2722,0.55272,2.48903
GLORIA,3.36957,0.13818,0.622259
GLORIA,1.97957,0.0293109,0.131994
GLORIA,1.075,0.0596707,0.268712
GLORIA,1.143,0.103658,0.466798
GLORIA,1.255,0.0857407,0.386111
GLORIA,1.327,0.0610986,0.275142
GLORIA,2.106,0.140253,0.631592
GLORIA,2.2,0.0724754,0.326375
GLORIA,1.617,0.0864546,0.389326
GLORIA,1.275,0.0785093,0.353547
GLORIA,2.447,0.0833225,0.375222
GLORIA,3.122,0.156765,0.705952
GLORIA,7.114,0.114735,0.516682
GLORIA,0.622,0.0308832,0.139075
GLORIA,0.476,0.0335087,0.150898
GLORIA,0.502,0.0322881,0.145401
GLORIA,2.876,0.0645761,0.290802
GLORIA,3.002,0.164918,0.742666
GLORIA,3.575,0.097509,0.439107
GLORIA,1.165,0.0700342,0.315381
GLORIA,0.924,0.0390128,0.175684
GLORIA,0.726,0.0549265,0.247348
GLORIA,0.3,0.0181707,0.081827
GLORIA,0.345,0.0321499,0.144779
GLORIA,0.31,0.031459,0.141668
GLORIA,1.333,0.494132,2.2252
GLORIA,4.167,0.453253,2.04111
GLORIA,6.741,0.487914,2.19719
GLORIA,23.726,0.422693,1.90349
GLORIA,33.37,0.361202,1.62658
GLORIA,6.329,0.421219,1.89685
GLORIA,7.52,0.19207,0.864939
GLORIA,0.866,0.0915673,0.41235
GLORIA,0.656,0.0623192,0.280639
GLORIA,1.028,0.0740345,0.333396
GLORIA,17.454,0.253192,1.14019
GLORIA,12.027,0.101493,0.457049
GLORIA,0.368,0.0835528,0.376259
GLORIA,0.452,0.116923,0.526534
GLORIA,2.244,0.107205,0.482769
GLORIA,1.571,0.121391,0.546654
GLORIA,2.174,0.136222,0.613443
GLORIA,3.528,0.124592,0.56107
GLORIA,10.004,0.448809,2.0211
GLORIA,16.0087,0.41454,1.86678
GLORIA,1.19635,0.39151,1.76307
GLORIA,1.05172,0.20727,0.933388
GLORIA,4.35506,4.79652,21.5999
GLORIA,0.710064,0.462694,2.08362
GLORIA,0.520713,0.27636,1.24452
GLORIA,0.955088,0.13818,0.622259
GLORIA,2.94392,0.09212,0.414839
GLORIA,0.646947,2.21297,9.96556
GLORIA,1.73571,0.87514,3.94097
GLORIA,0.852076,0.43757,1.97049
GLORIA,4.56162,0.190521,0.857962
GLORIA,2.67,0.431289,1.9422
GLORIA,6.54,0.753709,3.39414
GLORIA,9.46,0.6909,3.11129
GLORIA,0.329,0.150363,0.677121
GLORIA,0.485,0.151768,0.683447
GLORIA,0.477,0.146402,0.659283
GLORIA,0.577,0.0969793,0.436722
GLORIA,0.723,0.0695736,0.313307
GLORIA,0.684,0.0442176,0.199123
GLORIA,0.579,0.123257,0.555055
GLORIA,0.737,0.0561241,0.252741
GLORIA,0.98,4.03444,18.1681
GLORIA,3.74,3.12161,14.0574
GLORIA,3.65,0.96726,4.35581
GLORIA,1.68,0.48363,2.1779
GLORIA,4.47,0.165397,0.744825
GLORIA,3.51,1.98058,8.91904
GLORIA,10.83,0.75999,3.42242
GLORIA,3.04,0.25333,1.14081
GLORIA,2.58,0.157023,0.707112
GLORIA,2.88,0.04606,0.20742
GLORIA,3.21,0.06909,0.311129
GLORIA,4.11,0.13818,0.622259
GLORIA,4.74,1.59494,7.18242
GLORIA,7.49,0.812775,3.66012
GLORIA,48.32,0.30243,1.36192
GLORIA,20.09,0.100204,0.451241
GLORIA,14.15,0.164572,0.74111
GLORIA,5.01,0.25006,1.12608
GLORIA,1.43756,0.779579,3.51064
GLORIA,2.63946,0.837446,3.77123
GLORIA,0.0785554,2.74791,12.3745
GLORIA,0.1,2.30847,10.3956
GLORIA,0.41,2.21311,9.96619
GLORIA,7.62,0.628058,2.8283
GLORIA,7.68271,0.818385,3.68539
GLORIA,10.5,0.882894,3.97589
GLORIA,9.67017,0.999884,4.50272
GLORIA,0.243522,2.60991,11.7531
GLORIA,13.07,0.401899,1.80985
GLORIA,15.9,0.527446,2.37522
GLORIA,3.3,1.62779,7.33032
GLORIA,3.04,1.08428,4.88277
GLORIA,5.68,0.223569,1.00679
GLORIA,9,0.678141,3.05384
GLORIA,9.04,0.391828,1.7645
GLORIA,1.79,0.544628,2.45259
GLORIA,1.28,0.170883,0.769526
GLORIA,2.09,0.235691,1.06138
GLORIA,1.87,0.171511,0.772355
GLORIA,12.63,0.475946,2.1433
GLORIA,13.24,0.365287,1.64498
GLORIA,22.65,0.37877,1.7057
GLORIA,2.39,0.255748,1.1517
GLORIA,9.45,0.290722,1.30919
GLORIA,17.15,0.401915,1.80992
GLORIA,14.69,0.365319,1.64512
GLORIA,15.73,0.496192,2.23447
GLORIA,14.49,0.529303,2.38358
GLORIA,4.24,0.136484,0.614622
GLORIA,16.67,0.391091,1.76118
GLORIA,16.37,0.435016,1.95898
GLORIA,16.96,0.364293,1.6405
GLORIA,20.24,0.494915,2.22872
GLORIA,13.27,0.471236,2.12209
GLORIA,17.16,0.340132,1.5317
GLORIA,8.11,0.357614,1.61042
GLORIA,11.26,0.347355,1.56423
GLORIA,13.83,0.402543,1.81275
GLORIA,12.6,0.516395,2.32546
GLORIA,1.45,0.03,0.135097
GLORIA,1.393,0.08,0.36026
GLORIA,25.566,0.325,1.46355
GLORIA,50.079,0.298,1.34197
GLORIA,16.934,0.09,0.405292
GLORIA,15.355,0.08,0.36026
GLORIA,6.366,0.39151,1.76307
GLORIA,5.84,0.493288,2.2214
GLORIA,1.995,0.11515,0.518549
GLORIA,3.105,0.09212,0.414839
GLORIA,0.908,0.0928629,0.418184
GLORIA,7.024,0.323163,1.45528
GLORIA,6.695,0.323163,1.45528
GLORIA,1.748,0.11515,0.518549
GLORIA,2.891,0.184983,0.833023
GLORIA,0.75,0.0468029,0.210765
GLORIA,0.71,0.09212,0.414839
GLORIA,10.36,0.320934,1.44525
GLORIA,10.67,0.381109,1.71623
GLORIA,2.78,0.167896,0.756078
GLORIA,7.01,0.277846,1.25121
GLORIA,0.123307,0.127036,0.572076
GLORIA,0.267842,0.593827,2.67415
GLORIA,0.303314,0.537614,2.42101
GLORIA,0.241525,0.532166,2.39648
GLORIA,0.487624,0.642611,2.89384
GLORIA,0.268267,0.595065,2.67973
GLORIA,0.229946,0.82388,3.71013
GLORIA,0.56843,0.89297,4.02126
GLORIA,0.803366,1.27755,5.7531
GLORIA,1.41678,1.30974,5.89807
GLORIA,2.92125,1.75523,7.90424
GLORIA,4.72118,0.676537,3.04661
GLORIA,2.46108,1.31865,5.93822
GLORIA,2.13453,1.28597,5.79102
GLORIA,2.73225,1.29092,5.81332
GLORIA,0.0518039,0.165172,0.743811
GLORIA,0.079158,0.204546,0.921121
GLORIA,0.120639,0.196374,0.884321
GLORIA,3.27,0.16121,0.725968
GLORIA,15.27,0.277103,1.24786
GLORIA,17.08,0.320934,1.44525
GLORIA,1.85,0.0430884,0.194038
GLORIA,1.45,0.0906342,0.408148
GLORIA,5.62,0.36848,1.65936
GLORIA,5.37,0.18424,0.829678
GLORIA,9.12,0.184983,0.833023
GLORIA,11.2,0.2303,1.0371
GLORIA,5.37,4.68029,21.0765
GLORIA,27.18,2.61502,11.7761
GLORIA,81.03,2.51473,11.3244
GLORIA,18.3,3.7316,16.8043
GLORIA,44.06,5.75676,25.9241
GLORIA,173.62,17.3342,78.06
GLORIA,40.93,5.37788,24.2179
GLORIA,59.16,15.8617,71.4293
GLORIA,131.9,2.381,10.7223
GLORIA,3.5,22.0219,99.1699
GLORIA,1.35,0.11515,0.518549
GLORIA,2.4,0.13818,0.622259
GLORIA,20.96,0.29939,1.34823
GLORIA,8.23,0.2303,1.0371
GLORIA,2.78,0.0668613,0.301093
GLORIA,3.6,0.138923,0.625604
GLORIA,7.94,0.41454,1.86678
GLORIA,9.26,0.352879,1.5891
GLORIA,0.65,0.0334306,0.150546
GLORIA,1.19,0.0312019,0.14051
GLORIA,1.69,0.06909,0.311129
GLORIA,12.81,0.25333,1.14081
GLORIA,11.67,0.2303,1.0371
GLORIA,10.3,0.20727,0.933388
GLORIA,10.65,0.223614,1.00699
GLORIA,65.3434,0.611428,2.75341
GLORIA,40.2313,0.485819,2.18776
GLORIA,31.5761,0.582671,2.62391
GLORIA,38.2921,0.697416,3.14064
GLORIA,52.1608,0.564251,2.54096
GLORIA,43.0532,0.538985,2.42718
GLORIA,48.774,0.741934,3.34111
GLORIA,50.0134,0.476501,2.1458
GLORIA,74.5129,0.556741,2.50714
GLORIA,94.9627,0.795698,3.58322
GLORIA,64.7062,0.595086,2.67982
GLORIA,53.4753,0.542064,2.44105
GLORIA,91.9691,0.551634,2.48414
GLORIA,99.0498,0.65447,2.94724
GLORIA,87.7702,0.532695,2.39886
GLORIA,116.808,0.574788,2.58841
GLORIA,84.3063,0.519282,2.33846
GLORIA,122.573,0.549492,2.4745
GLORIA,98.977,0.606413,2.73083
GLORIA,107.926,0.490216,2.20756
GLORIA,39.387,1.17274,5.28115
GLORIA,128.036,1.43477,6.46112
GLORIA,94.1261,1.66707,7.50724
GLORIA,66.1046,1.3198,5.94338
GLORIA,104.955,1.74761,7.86994
GLORIA,53.8219,1.60801,7.24127
GLORIA,78.5812,1.96963,8.86971
GLORIA,52.2121,1.99488,8.98345
GLORIA,58.7658,1.48627,6.69303
GLORIA,55.8673,1.48742,6.69822
GLORIA,28.3242,1.29395,5.82697
GLORIA,31.7674,1.43915,6.48083
GLORIA,40.9363,1.54844,6.97301
GLORIA,27.1575,1.38308,6.22836
GLORIA,35.7438,1.36689,6.15546
GLORIA,30.3119,1.54123,6.94055
GLORIA,36.4918,1.16281,5.2364
GLORIA,36.3997,1.48545,6.68933
GLORIA,21.6196,1.38119,6.21985
GLORIA,28.3545,1.48108,6.66966
GLORIA,31.4705,0.970346,4.36971
GLORIA,37.187,0.820709,3.69585
GLORIA,41.632,1.07902,4.85908
GLORIA,32.2498,0.95361,4.29434
GLORIA,37.9517,1.07693,4.84967
GLORIA,32.1227,0.917588,4.13212
GLORIA,34.186,1.22211,5.50345
GLORIA,36.4667,1.34674,6.0647
GLORIA,33.908,1.08223,4.87353
GLORIA,33.3038,1.16464,5.24468
GLORIA,31.7791,1.26299,5.68756
GLORIA,33.4095,1.088,4.89951
GLORIA,32.8498,0.965079,4.34599
GLORIA,27.9653,0.980482,4.41535
GLORIA,62.1979,1.10735,4.98665
GLORIA,52.8158,1.28497,5.78654
GLORIA,68.4938,1.39858,6.29816
GLORIA,51.6521,1.20138,5.41009
GLORIA,52.2738,1.41605,6.37681
GLORIA,56.6165,1.20582,5.4301
GLORIA,27.2998,1.64793,7.42104
GLORIA,27.9977,1.68425,7.5846
GLORIA,22.0286,1.62016,7.29597
GLORIA,42.6005,1.69617,7.63828
GLORIA,31.4838,1.62644,7.32428
GLORIA,31.5294,1.50645,6.7839
GLORIA,32.2584,1.51272,6.81217
GLORIA,33.7394,1.84082,8.28966
GLORIA,36.9404,1.41778,6.38462
GLORIA,40.141,1.74024,7.83673
GLORIA,40.5102,1.87591,8.44766
GLORIA,45.0829,1.35114,6.0845
GLORIA,42.0809,1.84329,8.30077
GLORIA,74.5474,2.11364,9.51824
GLORIA,79.7325,2.12592,9.57352
GLORIA,71.7172,2.27939,10.2647
GLORIA,90.3911,2.60153,11.7153
GLORIA,83.7064,2.59795,11.6992
GLORIA,87.4229,2.77951,12.5168
GLORIA,83.3884,2.74971,12.3826
GLORIA,8.31279,0.748375,3.37012
GLORIA,14.0734,0.727423,3.27576
GLORIA,16.0678,0.722298,3.25269
GLORIA,18.6763,0.640655,2.88503
GLORIA,24.7131,0.729637,3.28573
GLORIA,19.4015,0.678597,3.05589
GLORIA,16.4477,0.517478,2.33033
GLORIA,22.7967,0.645821,2.90829
GLORIA,17.753,0.875748,3.94371
GLORIA,34.6478,0.755024,3.40006
GLORIA,31.5468,0.697878,3.14272
GLORIA,28.4148,0.884221,3.98186
GLORIA,32.7468,0.7745,3.48777
GLORIA,39.3227,0.704139,3.17091
GLORIA,31.4421,0.714909,3.21941
GLORIA,40.3929,0.732344,3.29792
GLORIA,34.6067,0.698925,3.14743
GLORIA,32.1577,0.753691,3.39406
GLORIA,34.9677,0.7417,3.34006
GLORIA,23.2959,1.4985,6.74811
GLORIA,22.1691,1.43905,6.48041
GLORIA,51.5072,1.51365,6.81635
GLORIA,35.7896,1.47503,6.64242
GLORIA,28.8753,1.49592,6.73649
GLORIA,29.2187,1.49797,6.74573
GLORIA,52.3796,1.67067,7.52346
GLORIA,41.1037,1.55604,7.00724
GLORIA,54.4737,1.85533,8.35499
GLORIA,62.1212,1.97327,8.88612
GLORIA,55.247,2.06844,9.3147
GLORIA,30.6183,1.69486,7.63239
GLORIA,54.5003,1.91403,8.61936
GLORIA,48.3316,1.75,7.8807
GLORIA,37.8021,1.64527,7.40906
GLORIA,51.0111,1.9831,8.9304
GLORIA,47.1791,1.84988,8.33048
GLORIA,42.9257,1.82763,8.23028
GLORIA,48.8756,1.85084,8.3348
GLORIA,45.7549,2.1856,9.84231
GLORIA,53.0201,1.85188,8.33949
GLORIA,52.8128,1.44275,6.49706
GLORIA,58.8605,1.42773,6.42941
GLORIA,43.4226,1.21127,5.45467
GLORIA,34.666,1.16287,5.23671
GLORIA,34.9853,1.33295,6.0026
GLORIA,36.2938,1.54771,6.96972
GLORIA,27.5823,1.26986,5.71851
GLORIA,25.6335,1.49772,6.74459
GLORIA,24.2912,1.78878,8.05532
GLORIA,23.3749,1.45021,6.53065
GLORIA,28.4354,1.30015,5.85488
GLORIA,24.8134,1.35746,6.11297
GLORIA,28.2422,1.40298,6.31798
GLORIA,19.8352,1.2853,5.78804
GLORIA,30.7958,1.40225,6.31468
GLORIA,21.5459,1.38913,6.25561
GLORIA,2.94514,2.89542,13.0388
GLORIA,3.8024,2.97272,13.3869
GLORIA,5.03944,3.209,14.4509
GLORIA,3.35748,3.23717,14.5778
GLORIA,7.03192,2.98745,13.4532
GLORIA,1.85026,3.62719,16.3341
GLORIA,17.2015,3.76161,16.9394
GLORIA,35.8734,3.69424,16.6361
GLORIA,52.4755,3.20203,14.4195
GLORIA,13.1323,3.15613,14.2128
GLORIA,20.6944,3.10902,14.0007
GLORIA,22.6972,3.19864,14.4043
GLORIA,40.7911,2.37376,10.6896
GLORIA,57.4079,2.57903,11.614
GLORIA,30.736,2.85615,12.8619
GLORIA,27.0249,2.91739,13.1377
GLORIA,47.7801,3.10485,13.9819
GLORIA,30.5565,2.72903,12.2895
GLORIA,28.3756,2.51515,11.3264
GLORIA,21.3744,2.90565,13.0848
GLORIA,95.059,2.05068,9.23471
GLORIA,107.911,1.72246,7.75665
GLORIA,129.389,2.1948,9.88371
GLORIA,104.474,2.04391,9.20423
GLORIA,100.949,2.03702,9.1732
GLORIA,92.553,2.03419,9.16048
GLORIA,78.4614,1.87528,8.44485
GLORIA,79.6217,1.9397,8.73495
GLORIA,78.0087,1.94947,8.77895
GLORIA,84.4371,1.72504,7.7683
GLORIA,76.2013,1.70876,7.69495
GLORIA,55.5999,1.73324,7.8052
GLORIA,58.8608,1.59702,7.19178
GLORIA,45.7891,1.56023,7.02611
GLORIA,95.1558,2.63175,11.8514
GLORIA,110.074,2.55386,11.5007
GLORIA,111.112,2.26146,10.1839
GLORIA,93.2431,3.04016,13.6906
GLORIA,88.7242,2.42462,10.9186
GLORIA,93.6506,1.92449,8.66646
GLORIA,101.973,2.02818,9.13341
GLORIA,70.343,1.86081,8.3797
GLORIA,65.6962,1.45271,6.54191
GLORIA,73.6039,1.24501,5.60657
GLORIA,65.094,2.06422,9.29569
GLORIA,70.3305,1.82597,8.22281
GLORIA,72.0197,1.43588,6.4661
GLORIA,79.0458,1.61368,7.26679
GLORIA,79.7402,1.77631,7.99916
GLORIA,83.7285,1.83524,8.26452
GLORIA,57.8579,1.58145,7.12168
GLORIA,62.5745,1.85548,8.35568
GLORIA,55.5473,1.65279,7.44293
GLORIA,64.3273,1.8521,8.34048
GLORIA,24.9493,1.26857,5.71269
GLORIA,108.899,1.02478,4.61484
GLORIA,27.2118,0.975601,4.39337
GLORIA,38.5913,1.095,4.93104
GLORIA,35.0982,1.26277,5.68658
GLORIA,23.2965,1.36186,6.13281
GLORIA,31.4452,1.08367,4.88004
GLORIA,51.429,1.15002,5.17884
GLORIA,148.298,1.25774,5.66392
GLORIA,47.7834,1.24375,5.6009
GLORIA,31.4452,1.48211,6.67433
GLORIA,19.0985,1.10189,4.96208
GLORIA,20.0731,0.844703,3.80391
GLORIA,15.7542,1.66755,7.5094
GLORIA,17.1585,0.605725,2.72773
GLORIA,36.2347,0.622628,2.80385
GLORIA,24.9593,0.849242,3.82435
GLORIA,24.087,0.966328,4.35161
GLORIA,42.8358,1.49652,6.73919
GLORIA,40.6224,0.761196,3.42785
GLORIA,23.2212,0.4048,1.82291
GLORIA,38.5913,1.1001,4.954
GLORIA,24.4999,0.900615,4.05569
GLORIA,10.323,0.861387,3.87904
GLORIA,18.5814,0.73695,3.31867
GLORIA,18.3322,0.700088,3.15267
GLORIA,11.4167,1.27996,5.76399
GLORIA,22.7776,1.14674,5.16406
GLORIA,36.9954,0.97891,4.40827
GLORIA,49.2826,1.44579,6.51076
GLORIA,125.487,1.16618,5.25157
GLORIA,73.2245,1.03663,4.6682
GLORIA,20.1419,0.77578,3.49353
GLORIA,22.4316,1.61326,7.2649
GLORIA,86.3003,1.057,4.75994
GLORIA,144.001,0.863076,3.88664
GLORIA,183.205,0.864137,3.89142
GLORIA,18.3396,0.817105,3.67963
GLORIA,6.07104,0.741509,3.3392
GLORIA,3.71628,1.08712,4.89556
GLORIA,5.0127,0.488169,2.19835
GLORIA,3.348,0.86971,3.91652
GLORIA,4.15896,0.692248,3.11736
GLORIA,1.62564,0.518073,2.33301
GLORIA,6.42816,0.923325,4.15796
GLORIA,5.9148,0.512807,2.30929
GLORIA,5.99664,0.485815,2.18774
GLORIA,4.07898,0.529626,2.38504
GLORIA,3.74976,0.64575,2.90797
GLORIA,2.6784,0.482222,2.17156
GLORIA,1.4136,0.457715,2.0612
GLORIA,1.2276,0.55565,2.50223
GLORIA,2.046,0.469795,2.1156
GLORIA,4.28544,0.646743,2.91244
GLORIA,0.4557,0.448654,2.0204
GLORIA,2.94624,0.412759,1.85875
GLORIA,1.88232,0.469823,2.11573
GLORIA,3.43728,0.478875,2.15649
GLORIA,7.61484,0.476914,2.14766
GLORIA,7.33212,0.470342,2.11806
GLORIA,2.6784,1.40068,6.30759
GLORIA,3.33312,0.757975,3.41335
GLORIA,5.62464,0.717526,3.2312
GLORIA,8.463,0.415155,1.86955
GLORIA,12.648,0.411825,1.85455
GLORIA,9.26652,0.459936,2.07121
GLORIA,15.1404,0.740273,3.33363
GLORIA,18.7302,0.646034,2.90925
GLORIA,4.557,0.845394,3.80702
GLORIA,3.92832,0.628938,2.83226
GLORIA,2.63376,0.530437,2.38869
GLORIA,6.7518,1.04763,4.71776
GLORIA,4.04104,0.883749,3.97974
GLORIA,3.53549,0.844819,3.80443
GLORIA,4.15822,0.622676,2.80406
GLORIA,9.90338,0.719172,3.23861
GLORIA,8.96929,0.697406,3.14059
GLORIA,8.9838,0.51119,2.30202
GLORIA,14.6866,1.06781,4.80859
GLORIA,14.8079,0.656126,2.9547
GLORIA,10.6383,1.2961,5.83665
GLORIA,17.603,0.737096,3.31932
GLORIA,36.6048,0.857417,3.86116
GLORIA,31.2368,0.762212,3.43243
GLORIA,493.797,1.88164,8.47348
GLORIA,46.9557,0.579853,2.61122
GLORIA,685.14,1.23608,5.56639
GLORIA,212.215,0.925636,4.16837
GLORIA,27.98,0.560958,2.52613
GLORIA,259.693,0.904631,4.07377
GLORIA,196.159,0.909861,4.09733
GLORIA,195.077,0.814207,3.66657
GLORIA,26.226,0.79046,3.55964
GLORIA,63.3414,0.554361,2.49642
GLORIA,117.624,0.793476,3.57322
GLORIA,29.6298,0.768439,3.46047
GLORIA,147.647,0.707643,3.18669
GLORIA,35.1428,0.812553,3.65913
GLORIA,71.7169,0.470632,2.11937
GLORIA,30.3217,0.734635,3.30824
GLORIA,31.4266,0.911675,4.1055
GLORIA,9.14004,0.557404,2.51013
GLORIA,7.71826,0.55565,2.50223
GLORIA,15.5682,0.530124,2.38728
GLORIA,18.5014,0.748373,3.37011
GLORIA,12.7057,0.663795,2.98923
GLORIA,22.7162,0.852931,3.84096
GLORIA,11.3118,0.832637,3.74957
GLORIA,80.0507,0.986503,4.44247
GLORIA,49.655,1.15103,5.18338
GLORIA,18.9664,1.15831,5.21616
GLORIA,22.6185,1.10246,4.96467
GLORIA,25.9269,1.2253,5.51781
GLORIA,43.5597,1.12389,5.06113
GLORIA,34.3728,1.18057,5.3164
GLORIA,15.9097,1.0158,4.57441
GLORIA,19.6137,1.27963,5.76247
GLORIA,18.1596,0.983726,4.42996
GLORIA,16.9911,1.18908,5.3547
GLORIA,17.7235,1.0597,4.77211
GLORIA,23.4597,1.09521,4.93202
GLORIA,24.8087,1.02139,4.59957
GLORIA,19.0585,1.08755,4.89751
GLORIA,31.3373,0.880158,3.96357
GLORIA,12.9054,0.889466,4.00548
GLORIA,16.1865,0.917095,4.1299
GLORIA,19.7197,0.815352,3.67173
GLORIA,12.8831,0.93816,4.22476
GLORIA,13.3987,0.834841,3.75949
GLORIA,10.8564,1.00396,4.52108
GLORIA,15.7936,0.978377,4.40587
GLORIA,22.7463,0.968569,4.36171
GLORIA,40.9795,0.936223,4.21604
GLORIA,15.557,0.817771,3.68263
GLORIA,12.2983,0.910662,4.10094
GLORIA,20.7118,0.831154,3.74289
GLORIA,19.4519,0.718344,3.23488
GLORIA,31.7971,0.634437,2.85703
GLORIA,37.6929,0.667553,3.00616
GLORIA,24.7216,0.636682,2.86713
GLORIA,47.8192,0.733083,3.30125
GLORIA,38.1538,0.888463,4.00097
GLORIA,17.4364,0.750901,3.38149
GLORIA,97.3905,0.772292,3.47782
GLORIA,6.95448,0.479024,2.15716
GLORIA,10.1756,0.991606,4.46545
GLORIA,18.9492,0.725116,3.26538
GLORIA,6.0782,1.03767,4.67287
GLORIA,23.2672,0.499422,2.24902
GLORIA,37.064,0.441518,1.98826
GLORIA,5.2792,0.553378,2.492
GLORIA,12.7493,0.471786,2.12457
GLORIA,27.3238,0.476392,2.14531
GLORIA,18.6158,0.399406,1.79862
GLORIA,27.6054,0.466522,2.10086
GLORIA,26.2732,0.497448,2.24013
GLORIA,35.2142,0.633654,2.8535
GLORIA,16.422,0.751436,3.3839
GLORIA,10.8649,0.941598,4.24025
GLORIA,14.1622,2.76228,12.4392
GLORIA,16.8482,2.83664,12.7741
GLORIA,22.269,1.12255,5.05511
GLORIA,29.0213,1.316,5.92627
GLORIA,6.23595,1.29363,5.82552
GLORIA,7.99155,1.34627,6.06258
GLORIA,8.3133,2.26549,10.2021
GLORIA,17.3006,1.25349,5.64477
GLORIA,20.3104,1.05214,4.73805
GLORIA,8.71096,0.71722,3.22982
GLORIA,14.5222,1.51406,6.81818
GLORIA,25.2448,1.29758,5.8433
GLORIA,2.47156,1.13308,5.10252
GLORIA,3.4826,0.989632,4.45656
GLORIA,4.94884,0.62839,2.82979
GLORIA,7.71256,0.796838,3.58836
GLORIA,4.57548,0.571802,2.57496
GLORIA,13.1016,0.619836,2.79127
GLORIA,4.6518,0.563248,2.53644
GLORIA,6.7252,2.455,11.0555
GLORIA,5.5181,2.50237,11.2688
GLORIA,4.12264,2.33985,10.5369
GLORIA,2.51928,2.2122,9.96206
GLORIA,1.75204,2.47869,11.1621
GLORIA,4.24432,0.453362,2.0416
GLORIA,6.5692,2.26747,10.211
GLORIA,9.6743,2.69583,12.14
GLORIA,12.5167,0.508634,2.2905
GLORIA,7.25187,0.469812,2.11568
GLORIA,4.49267,2.47408,11.1414
GLORIA,4.93587,2.31879,10.4421
GLORIA,5.1754,0.513898,2.31421
GLORIA,9.66427,2.44973,11.0318
GLORIA,13.0236,2.42736,10.931
GLORIA,46.7007,2.07994,9.36647
GLORIA,471.631,4.35399,19.6071
GLORIA,42.1174,4.11382,18.5255
GLORIA,15.3303,4.16185,18.7418
GLORIA,10.672,0.298113,1.34248
GLORIA,23.8573,0.325749,1.46693
GLORIA,17.512,0.393023,1.76988
GLORIA,20.6093,0.414698,1.86749
GLORIA,29.3653,0.215594,0.970871
GLORIA,22.7933,0.501534,2.25853
GLORIA,14.044,0.5593,2.51867
GLORIA,19.9773,0.66052,2.97448
GLORIA,11.8533,0.51803,2.33282
GLORIA,12.636,0.396892,1.7873
GLORIA,16.2347,0.531342,2.39276
GLORIA,12.3547,0.49808,2.24298
GLORIA,11.2147,0.534829,2.40847
GLORIA,13.34,0.243045,1.09449
GLORIA,12.758,0.345661,1.55659
GLORIA,216.116,0.84857,3.82132
GLORIA,2491.29,0.683708,3.07891
GLORIA,1352.1,0.714627,3.21814
GLORIA,410.94,0.76709,3.45439
GLORIA,233.896,0.636043,2.86426
GLORIA,137.756,1.34199,6.04332
GLORIA,147.81,0.727116,3.27438
GLORIA,313.636,0.825849,3.719
GLORIA,319.26,0.46439,2.09126
GLORIA,115.32,0.439412,1.97878
GLORIA,1102.51,0.567874,2.55728
GLORIA,558.976,0.606841,2.73275
GLORIA,2587.74,0.664896,2.99419
GLORIA,838.236,0.873811,3.93499
GLORIA,1612.37,0.74275,3.34479
GLORIA,808.054,0.733749,3.30425
GLORIA,727.16,0.818394,3.68543
GLORIA,63.856,0.581053,2.61663
GLORIA,58.232,0.506022,2.27874
GLORIA,86.292,0.723603,3.25856
GLORIA,161.788,0.846701,3.8129
GLORIA,485.282,0.744034,3.35057
GLORIA,716.314,0.713969,3.21518
GLORIA,228.508,1.00916,4.5445
GLORIA,178.208,0.818677,3.6867
GLORIA,91.7,1.01885,4.58812
GLORIA,81.7,1.02284,4.6061
GLORIA,90.6,1.00933,4.54525
GLORIA,80.7,0.907689,4.08755
GLORIA,82.4,0.907689,4.08755
GLORIA,80.4,0.89817,4.04468
GLORIA,82.7,0.894178,4.0267
GLORIA,52.2,0.71393,3.215
GLORIA,41.6,0.59878,2.69645
GLORIA,36.6,0.566231,2.54988
GLORIA,37,0.50666,2.28161
GLORIA,38.6,0.543201,2.44617
GLORIA,44.8,0.62181,2.80016
GLORIA,62.5,0.94423,4.2521
GLORIA,68.2,0.999809,4.50239
GLORIA,83.4,0.930719,4.19126
GLORIA,55.9,0.848118,3.81928
GLORIA,60.3,0.82908,3.73355
GLORIA,61.5,0.80605,3.62984
GLORIA,42.7,0.631329,2.84303
GLORIA,44.9,0.635321,2.86101
GLORIA,40.6,0.608299,2.73932
GLORIA,40.7,0.566231,2.54988
GLORIA,40.3,0.562239,2.5319
GLORIA,40.6,0.589261,2.65359
GLORIA,39.9,0.562239,2.5319
GLORIA,24.9323,0.808353,3.64021
GLORIA,38.9072,0.73696,3.31871
GLORIA,62.3331,1.31271,5.91146
GLORIA,34.8956,0.877443,3.95134
GLORIA,63.8018,0.962654,4.33507
GLORIA,49.9824,0.845201,3.80615
GLORIA,75.036,0.822171,3.70244
GLORIA,65.043,0.94423,4.2521
GLORIA,93.5007,1.09853,4.94696
GLORIA,72.845,1.52228,6.85521
GLORIA,64.8869,0.916594,4.12765
GLORIA,87.2172,1.45319,6.54409
GLORIA,42.8525,1.34265,6.04628
GLORIA,14.0251,0.711627,3.20463
GLORIA,12.6078,0.743869,3.34982
GLORIA,22.3587,0.743869,3.34982
GLORIA,13.143,1.09162,4.91584
GLORIA,15.8859,0.971866,4.37655
GLORIA,28.6997,0.660961,2.97647
GLORIA,34.2458,0.704718,3.17352
GLORIA,33.2808,0.720839,3.24612
GLORIA,20.069,0.911988,4.10691
GLORIA,16.7923,0.978775,4.40766
GLORIA,54.1927,0.969563,4.36618
GLORIA,27.0608,1.10083,4.95733
GLORIA,39.172,0.999502,4.501
GLORIA,24.4062,0.962654,4.33507
GLORIA,30.9426,1.05477,4.74991
GLORIA,38.392,0.951139,4.28321
GLORIA,40.952,0.720839,3.24612
GLORIA,12.9168,0.647143,2.91424
GLORIA,10.2116,0.561932,2.53052
GLORIA,35.6147,0.73696,3.31871
GLORIA,36.0123,0.702415,3.16315
GLORIA,26.7467,0.663264,2.98684
GLORIA,16.1393,0.603386,2.7172
GLORIA,16.4629,0.584962,2.63423
GLORIA,25.395,0.73696,3.31871
GLORIA,27.3916,0.702415,3.16315
GLORIA,59.8918,0.663264,2.98684
GLORIA,31.2906,0.603386,2.7172
GLORIA,36.9557,0.584962,2.63423
GLORIA,37.0722,0.589338,2.65393
GLORIA,43.6801,0.60661,2.73171
GLORIA,131.67,0.779105,3.5085
GLORIA,99.9078,0.719227,3.23886
GLORIA,35.8836,0.0895867,0.403431
GLORIA,28.0299,0.15361,0.691744
GLORIA,41.7319,0.0824474,0.371281
GLORIA,90.6208,0.106168,0.478102
GLORIA,16.5827,0.541205,2.43718
GLORIA,41.6576,1.04096,4.68768
GLORIA,25.7076,1.10544,4.97807
GLORIA,30.5004,0.985684,4.43878
GLORIA,83.1027,1.00411,4.52175
GLORIA,28.0533,0.842898,3.79578
GLORIA,30.9927,0.773808,3.48465
GLORIA,24.1552,0.792232,3.56762
GLORIA,28.7697,0.635628,2.86239
GLORIA,72.4277,0.877443,3.95134
GLORIA,45.6316,0.750778,3.38094
GLORIA,59.8253,0.863625,3.88912
GLORIA,46.5964,0.835989,3.76466
GLORIA,24.7003,0.566538,2.55126
GLORIA,24.7003,0.566538,2.55126
GLORIA,26.8275,0.640234,2.88313
GLORIA,29.3596,0.902776,4.06542
GLORIA,27.0892,0.656355,2.95573
GLORIA,23.674,0.628719,2.83128
GLORIA,13.5028,0.43757,1.97049
GLORIA,15.5257,0.405328,1.82529
GLORIA,16.3089,0.412237,1.8564
GLORIA,2.08348,0.244118,1.09932
GLORIA,1.93716,0.227997,1.02673
GLORIA,1.69404,0.193452,0.871162
GLORIA,2.28697,0.225694,1.01636
GLORIA,2.20884,0.327026,1.47268
GLORIA,2.94592,0.285572,1.286
GLORIA,17.2931,0.467509,2.10531
GLORIA,26.8892,0.635628,2.86239
GLORIA,85.9,0.913523,4.11382
GLORIA,69.6,0.767667,3.45699
GLORIA,70.1,1.021,4.5978
GLORIA,68.3863,0.96726,4.35581
GLORIA,57.1325,0.85211,3.83726
GLORIA,153.917,0.89817,4.04468
GLORIA,774.82,1.12847,5.08178
GLORIA,55.564,5.9855,26.9542
GLORIA,62.239,5.20939,23.4591
GLORIA,23.667,4.06249,18.2944
GLORIA,26.958,3.92892,17.6929
GLORIA,66.679,5.52259,24.8696
GLORIA,62.229,0.999502,4.501
GLORIA,74.786,2.73366,12.3103
GLORIA,47.828,3.98419,17.9418
GLORIA,96.228,3.98419,17.9418
GLORIA,80.498,0.960351,4.3247
GLORIA,87.755,1.73416,7.80934
GLORIA,82.517,0.964957,4.34544
GLORIA,88.981,3.57886,16.1165
GLORIA,58.943,1.67428,7.5397
GLORIA,75.476,3.37159,15.1831
GLORIA,44.645,1.85622,8.35901
GLORIA,119.369,1.21598,5.47587
GLORIA,128.274,0.937321,4.22099
GLORIA,35.956,0.893564,4.02394
GLORIA,53.545,1.00641,4.53212
GLORIA,47.447,0.918897,4.13802
GLORIA,52.479,0.964957,4.34544
GLORIA,90.66,1.26435,5.69367
GLORIA,80.235,0.96726,4.35581
GLORIA,64.186,1.31732,5.9322
GLORIA,115.676,0.87514,3.94097
GLORIA,103.325,1.40483,6.32629
GLORIA,117.412,1.88616,8.49383
GLORIA,135.789,0.819868,3.69207
GLORIA,48.611,0.882049,3.97208
GLORIA,40.885,3.81147,17.164
GLORIA,45.438,0.939624,4.23136
GLORIA,49.193,0.85211,3.83726
GLORIA,69.589,0.776111,3.49502
GLORIA,111.947,0.794535,3.57799
GLORIA,124.772,1.04326,4.69805
GLORIA,86.22,0.928109,4.1795
GLORIA,20.6183,0.367825,1.65641
GLORIA,20.954,0.396048,1.7835
GLORIA,20.5213,0.394897,1.77832
GLORIA,18.553,0.362203,1.63109
GLORIA,15.491,0.328019,1.47715
GLORIA,21.1308,0.352946,1.5894
GLORIA,19.9222,0.392413,1.76713
GLORIA,19.5333,0.351682,1.58371
GLORIA,15.8267,0.370625,1.66902
GLORIA,17.0705,0.367983,1.65712
GLORIA,18.826,0.42093,1.89555
GLORIA,18.6337,0.477308,2.14944
GLORIA,16.0198,0.381372,1.71741
GLORIA,20.239,0.5557,2.50246
GLORIA,24.9963,0.439896,1.98096
GLORIA,25.4462,0.440483,1.9836
GLORIA,13.5069,0.0202647,0.091257
GLORIA,11.1096,0.0233843,0.105305
GLORIA,9.67648,0.0212049,0.0954909
GLORIA,12.457,0.0214088,0.0964092
GLORIA,17.9306,0.0186765,0.0841047
GLORIA,15.3899,0.0189196,0.0851996
GLORIA,16.0088,0.0210402,0.0947492
GLORIA,16.2296,0.0200961,0.0904976
GLORIA,16.364,0.0209951,0.0945461
GLORIA,17.5845,0.0204931,0.0922856
GLORIA,10.4824,0.0180618,0.0813366
GLORIA,12.3466,0.0185657,0.0836058
GLORIA,20.2034,0.0217755,0.0980604
GLORIA,15.5654,0.0191667,0.0863122
GLORIA,21.2088,0.0189676,0.085416
GLORIA,16.4689,0.0212029,0.0954821
GLORIA,29.6741,0.0206216,0.092864
GLORIA,36.0789,0.0217225,0.097822
GLORIA,32.9086,0.0235775,0.106175
GLORIA,32.1216,0.0221676,0.0998264
GLORIA,28.0563,0.0203833,0.0917912
GLORIA,332.377,1.18798,5.34977
GLORIA,747.078,1.572,7.07908
GLORIA,507.696,1.90155,8.56317
GLORIA,360.011,1.34874,6.07372
GLORIA,539.732,1.79052,8.06314
GLORIA,831.353,1.64665,7.41529
GLORIA,205.602,1.13207,5.09801
GLORIA,228.259,1.27635,5.74772
GLORIA,1376.57,1.43688,6.47063
GLORIA,94.0309,1.09444,4.92851
GLORIA,130.435,1.07328,4.83327
GLORIA,131.052,1.0715,4.82524
GLORIA,155.54,0.963436,4.33859
GLORIA,117.402,1.06699,4.80494
GLORIA,117.418,1.1152,5.02202
GLORIA,229.252,0.888991,4.00334
GLORIA,198.499,0.948738,4.2724
GLORIA,210.829,1.24904,5.62471
GLORIA,109.26,1.17013,5.2694
GLORIA,164.304,1.27786,5.7545
GLORIA,59.7919,0.866309,3.9012
GLORIA,101.395,0.89357,4.02397
GLORIA,168.216,1.2491,5.62499
GLORIA,149.611,1.20162,5.4112
GLORIA,152.504,0.946566,4.26262
GLORIA,17.472,0.402138,1.81093
GLORIA,22.4832,0.35091,1.58024
GLORIA,13.5936,0.262343,1.1814
GLORIA,24.0768,0.254057,1.14408
GLORIA,26.0544,0.436948,1.96769
GLORIA,5.808,0.0879119,0.395889
GLORIA,16.4736,0.104825,0.472051
GLORIA,2.2608,0.111611,0.502613
GLORIA,27.264,0.442117,1.99096
GLORIA,100.992,1.24635,5.61264
GLORIA,58.5216,1.05312,4.74247
GLORIA,135.475,0.891205,4.01331
GLORIA,42.28,0.36888,1.66116
GLORIA,55.07,0.63466,2.85803
GLORIA,31.73,0.44149,1.98814
GLORIA,6.21,0.08287,0.373184
GLORIA,6.87,0.09738,0.438526
GLORIA,43.97,0.33757,1.52016
GLORIA,4.71,0.06551,0.295008
GLORIA,4.81,0.10303,0.463969
GLORIA,2,0.0742,0.334141
GLORIA,1.54,0.07813,0.351839
GLORIA,22.03,0.16781,0.75569
GLORIA,17.45,0.15459,0.696157
GLORIA,22.66,0.18722,0.843098
GLORIA,7.75,0.13953,0.628338
GLORIA,19.89,0.20586,0.927038
GLORIA,143.67,0.19969,0.899253
GLORIA,5.83,0.1166,0.525078
GLORIA,41.09,0.24883,1.12054
GLORIA,60.45,0.32426,1.46022
GLORIA,106.26,0.22478,1.01224
GLORIA,7.71,0.181705,0.81826
GLORIA,5.87,0.388331,1.74875
GLORIA,7.42,0.301142,1.35612
GLORIA,5.26,0.717144,3.22948
GLORIA,7.79,1.34309,6.04824
GLORIA,5.79,0.356065,1.60345
GLORIA,5.77,0.383677,1.72779
GLORIA,25.14,0.460866,2.07539
GLORIA,17.55,0.572181,2.57667
GLORIA,6.3,0.597702,2.6916
GLORIA,5,0.603079,2.71581
GLORIA,3,0.590179,2.65772
GLORIA,2.5,0.654211,2.94607
GLORIA,5.3,0.730614,3.29014
GLORIA,11.9,0.4717,2.12418
GLORIA,17,0.523617,2.35798
GLORIA,5.9,0.579382,2.6091
GLORIA,12.5,0.748051,3.36866
GLORIA,0.7,0.0577559,0.260089
GLORIA,0.5,0.048978,0.22056
GLORIA,0.5,0.0455488,0.205117
GLORIA,0.3,0.0581363,0.261802
GLORIA,0.7,0.171881,0.774022
GLORIA,0.5,0.0376974,0.169761
GLORIA,0.4,0.0371111,0.16712
GLORIA,2.5,0.113015,0.508933
GLORIA,2.1,0.308528,1.38938
GLORIA,1.7,0.329537,1.48399
GLORIA,1.8,0.285,1.28343
GLORIA,0.9,0.161496,0.727256
GLORIA,3.2,0.719128,3.23841
GLORIA,3.9,0.113015,0.508933
GLORIA,1.8,0.113015,0.508933
GLORIA,2.5,0.113015,0.508933
GLORIA,8.3,0.901501,4.05968
GLORIA,2.8,1.13685,5.11954
GLORIA,3.2,0.954356,4.2977
GLORIA,3.7,0.849483,3.82543
GLORIA,3.3,0.889356,4.00499
GLORIA,8.6,0.591139,2.66204
GLORIA,6.3,1.57183,7.07834
GLORIA,5.9,0.851989,3.83672
GLORIA,5.7,0.299674,1.34951
GLORIA,4.7,0.274709,1.23708
GLORIA,8,0.322011,1.4501
GLORIA,3.8,0.328122,1.47762
GLORIA,31.1,0.825119,3.71571
GLORIA,1.2,0.114072,0.513696
GLORIA,1.5,0.143478,0.646117
GLORIA,1.8,0.0864986,0.389525
GLORIA,1.9,0.118718,0.534614
GLORIA,1.2,0.0980796,0.441676
GLORIA,0.5,0.111056,0.500114
GLORIA,82.3081,1.61947,7.29287
GLORIA,46.8875,1.87787,8.45649
GLORIA,9.95285,0.371244,1.6718
GLORIA,171.996,1.81615,8.17855
GLORIA,10.1865,0.832304,3.74807
GLORIA,92.6931,1.8272,8.22833
GLORIA,121.471,0.685833,3.08848
GLORIA,101.175,1.07965,4.86191
GLORIA,149.816,1.14689,5.16475
GLORIA,57.6403,0.550878,2.48074
GLORIA,36.6086,0.48363,2.1779
GLORIA,69.8006,0.691361,3.11337
GLORIA,1.1,1.33,5.98932
GLORIA,1.3,1.4,6.30454
GLORIA,1.5,1.39,6.25951
GLORIA,1.4,1.34,6.03435
GLORIA,19.3,0.94,4.23305
GLORIA,46.4,0.94,4.23305
GLORIA,4.8,0.95,4.27808
GLORIA,1.1,1.19,5.35886
GLORIA,1.5,1.25,5.62906
GLORIA,0.7,1.18,5.31383
GLORIA,14.5,1.4,6.30454
GLORIA,13.2,1.2,5.40389
GLORIA,20.6,1.4,6.30454
GLORIA,17.8,1.21,5.44893
GLORIA,17.4,1.17,5.2688
GLORIA,5.6,1.25,5.62906
GLORIA,4.9,1.16,5.22377
GLORIA,6.3,1.15,5.17873
GLORIA,4.5,1.08,4.86351
GLORIA,5.4,1.07,4.81847
GLORIA,1.7,1.28,5.76415
GLORIA,0.9,0.97,4.36815
GLORIA,2.4,0.99,4.45821
GLORIA,3.1,0.95,4.27808
GLORIA,2.5,1.02,4.59331
GLORIA,2,1.05,4.72841
GLORIA,4.08365,0.961996,4.3321
GLORIA,4.71431,1.00203,4.51239
GLORIA,4.58256,0.817693,3.68227
GLORIA,4.70024,0.807936,3.63834
GLORIA,3.35233,0.854502,3.84803
GLORIA,1.136,0.0696107,0.313474
GLORIA,1.30613,0.079828,0.359485
GLORIA,1.15908,0.189533,0.853513
GLORIA,1.99863,0.135837,0.611706
GLORIA,1.42127,0.135168,0.608693
GLORIA,1.6593,0.0536186,0.241458
GLORIA,59.48,0.309534,1.39391
GLORIA,46.295,0.401004,1.80582
GLORIA,42.0784,0.511795,2.30474
GLORIA,42.0866,0.747324,3.36538
GLORIA,36.6545,0.41971,1.89006
GLORIA,37.4828,0.413938,1.86406
GLORIA,349.65,0.528874,2.38165
GLORIA,704.974,1.00061,4.50597
GLORIA,83.4949,0.80447,3.62273
GLORIA,199.662,0.395184,1.77961
GLORIA,58.6886,0.612763,2.75942
GLORIA,55.8424,1.5947,7.18131
GLORIA,55.3903,1.778,8.00678
GLORIA,19.09,0.357617,1.61044
GLORIA,40.99,0.513746,2.31352
GLORIA,16,0.336777,1.51659
GLORIA,2.96,0.339697,1.52974
GLORIA,4.37,0.340797,1.53469
GLORIA,6.88,0.361791,1.62923
GLORIA,3.79,0.2908,1.30954
GLORIA,12.6,0.42677,1.92185
GLORIA,9.42,0.374149,1.68488
GLORIA,7.68,0.293913,1.32356
GLORIA,9.7,0.184457,0.830657
GLORIA,5.71,0.206402,0.929477
GLORIA,5.9,0.151797,0.68358
GLORIA,6.06,0.156811,0.706158
GLORIA,2.9,0.218664,0.984699
GLORIA,5.34,0.15916,0.716737
GLORIA,10.5,0.13914,0.626583
GLORIA,8.57,0.139399,0.62775
GLORIA,44.8,0.255647,1.15124
GLORIA,5.98,0.143893,0.647987
GLORIA,17,0.0573319,0.258179
GLORIA,42.6,0.465707,2.09719
GLORIA,32.6,0.408502,1.83958
GLORIA,42.3,0.438813,1.97608
GLORIA,32.8,0.392161,1.766
GLORIA,69,0.419582,1.88948
GLORIA,13.2,0.271395,1.22216
GLORIA,50.1,0.329419,1.48345
GLORIA,19.9,0.286375,1.28962
GLORIA,97.3224,0.240495,1.08301
GLORIA,49.5216,0.183044,0.824293
GLORIA,58.356,0.190317,0.857044
GLORIA,37.7712,0.173414,0.780928
GLORIA,2.8196,0.164134,0.739135
GLORIA,2.43747,0.149627,0.673808
GLORIA,0.99057,0.0824113,0.371118
GLORIA,2.37811,0.100847,0.454137
GLORIA,0.93121,0.0710205,0.319823
GLORIA,2.47086,0.1282,0.577318
GLORIA,2.18148,0.153409,0.690839
GLORIA,0.56392,0.0708156,0.3189
GLORIA,7.8281,0.282924,1.27408
GLORIA,14.2835,0.237551,1.06975
GLORIA,12.2801,0.202383,0.911382
GLORIA,0.56392,0.0921426,0.414941
GLORIA,0.99799,0.112275,0.505602
GLORIA,1.25769,0.112584,0.506992
GLORIA,0.7049,0.0940091,0.423346
GLORIA,0.47117,0.0847895,0.381828
GLORIA,0.51569,0.0943778,0.425007
GLORIA,0.67151,0.0522884,0.235468
GLORIA,0.58618,0.0436344,0.196497
GLORIA,0.41181,0.0778881,0.350749
GLORIA,0.97944,0.0930307,0.41894
GLORIA,0.61586,0.048063,0.21644
GLORIA,0.61215,0.0436764,0.196685
GLORIA,0.40068,0.0470416,0.21184
GLORIA,5.0456,0.101349,0.456399
GLORIA,1.03509,0.0490742,0.220993
GLORIA,0.53795,0.0367408,0.165453
GLORIA,3.0793,0.0830435,0.373965
GLORIA,3.4503,0.107648,0.484767
GLORIA,0.56763,0.0538834,0.24265
GLORIA,0.93492,0.0524779,0.236321
GLORIA,0.94976,0.0525916,0.236833
GLORIA,1.73628,0.0808844,0.364242
GLORIA,1.06106,0.0656016,0.29542
GLORIA,1.23914,0.0665302,0.299602
GLORIA,2.32988,0.0865262,0.389649
GLORIA,2.26681,0.101335,0.456336
GLORIA,1.32447,0.0666007,0.299919
GLORIA,2.61184,0.0735577,0.331248
GLORIA,0.95718,0.0570369,0.256851
GLORIA,0.86072,0.0600436,0.270391
GLORIA,1.19833,0.0581056,0.261664
GLORIA,2.50054,0.073925,0.332902
GLORIA,0.90153,0.051395,0.231444
GLORIA,1.21688,0.0502746,0.226399
GLORIA,1.91065,0.0730283,0.328864
GLORIA,2.21116,0.0790374,0.355925
GLORIA,1.14639,0.068074,0.306554
GLORIA,1.42464,0.0757893,0.341298
GLORIA,1.18349,0.0672579,0.302879
GLORIA,1.39496,0.058354,0.262782
GLORIA,9.861,0.368538,1.65962
GLORIA,9.832,0.341726,1.53887
GLORIA,9.512,0.347672,1.56565
GLORIA,8.977,0.347546,1.56508
GLORIA,17.5,0.347463,1.56471
GLORIA,16.819,0.349789,1.57519
GLORIA,36.938,0.515015,2.31924
GLORIA,24.182,0.470117,2.11705
GLORIA,19.121,0.506004,2.27866
GLORIA,4.746,0.384454,1.73129
GLORIA,3.713,0.337061,1.51787
GLORIA,3.174,0.404892,1.82333
GLORIA,4.152,0.325907,1.46764
GLORIA,4.405,0.405233,1.82487
GLORIA,5.498,0.397747,1.79115
GLORIA,5.079,0.398714,1.79551
GLORIA,7.672,0.421361,1.89749
GLORIA,8.553,0.345238,1.55469
GLORIA,6.491,0.323067,1.45485
GLORIA,6.864,0.331608,1.49331
GLORIA,9.592,0.321744,1.44889
GLORIA,10.495,0.390358,1.75788
GLORIA,10.347,0.319949,1.44081
GLORIA,11.065,0.345943,1.55787
GLORIA,10.078,0.349063,1.57191
GLORIA,9.104,0.395175,1.77957
GLORIA,16.545,0.327686,1.47565
GLORIA,18.957,0.357253,1.6088
GLORIA,12.778,0.340372,1.53278
GLORIA,16.138,0.38064,1.71411
GLORIA,0.68482,0.289871,1.30536
GLORIA,1.20107,0.318033,1.43218
GLORIA,3.187,0.52635,2.37028
GLORIA,3.74606,0.655176,2.95042
GLORIA,0.56348,0.282091,1.27033
GLORIA,1.16405,0.397849,1.79161
GLORIA,0.83347,0.207939,0.9364
GLORIA,0.90041,0.279911,1.26051
GLORIA,0.45169,0.092762,0.41773
GLORIA,0.65438,0.120659,0.543357
GLORIA,0.70763,0.164428,0.74046
GLORIA,0.78508,0.256232,1.15388
GLORIA,0.84299,0.263463,1.18644
GLORIA,0.66422,0.237877,1.07122
GLORIA,0.47208,0.205775,0.926655
GLORIA,0.4624,0.246189,1.10865
GLORIA,0.829,0.327312,1.47397
GLORIA,6.07353,1.07325,4.83311
GLORIA,1.34852,0.98515,4.43637
GLORIA,0.31236,0.56041,2.52366
GLORIA,0.77599,0.080376,0.361953
GLORIA,0.48478,0.146972,0.661851
GLORIA,0.5792,0.071516,0.322054
GLORIA,0.91349,0.106033,0.477493
GLORIA,1.07244,0.235202,1.05917
GLORIA,0.8066,7.47257,33.6508
GLORIA,0.44486,0.599338,2.69897
GLORIA,0.32597,0.202489,0.911858
GLORIA,0.29905,0.15879,0.71507
GLORIA,0.60449,0.303628,1.36731
GLORIA,1.03938,0.622849,2.80484
GLORIA,0.42368,0.599338,2.69897
GLORIA,5.25888,1.15402,5.19685
GLORIA,7.98159,0.950288,4.27938
GLORIA,1.46368,0.143852,0.647801
GLORIA,0.65991,0.163463,0.736114
GLORIA,0.91699,0.16932,0.76249
GLORIA,0.67409,0.16936,0.76267
GLORIA,1.5424,1.13804,5.12486
GLORIA,0.70038,0.688806,3.10186
GLORIA,0.58791,0.235422,1.06016
GLORIA,0.47712,0.234954,1.05806
GLORIA,0.28498,0.330296,1.4874
GLORIA,4.18777,1.18992,5.35852
GLORIA,1.70598,0.303865,1.36838
GLORIA,0.95911,0.2268,1.02134
GLORIA,0.67806,0.211109,0.950676
GLORIA,1.14027,0.189747,0.854477
GLORIA,0.99449,0.392985,1.76971
GLORIA,1.40902,0.547696,2.46641
GLORIA,9.40502,0.760145,3.42312
GLORIA,2.49303,0.312737,1.40833
GLORIA,1.4507,0.152615,0.687263
GLORIA,1.77948,0.1407,0.633607
GLORIA,2.39048,0.199481,0.898312
GLORIA,1.81641,0.228605,1.02946
GLORIA,4.49281,0.760145,3.42312
GLORIA,0.61521,0.694489,3.12745
GLORIA,1.36689,0.290296,1.30727
GLORIA,0.63758,0.193758,0.87254
GLORIA,0.64419,0.130605,0.588146
GLORIA,0.77098,0.182578,0.822194
GLORIA,1.13907,0.266012,1.19792
GLORIA,1.16387,0.448425,2.01937
GLORIA,6.99832,0.696716,3.13748
GLORIA,3.34264,0.485423,2.18598
GLORIA,1.47454,0.297637,1.34033
GLORIA,0.7656,0.142599,0.642158
GLORIA,0.8724,0.161408,0.72686
GLORIA,1.09591,0.300625,1.35379
GLORIA,1.20256,0.397023,1.78789
GLORIA,2.39077,0.427399,1.92468
GLORIA,0.8368,0.299106,1.34695
GLORIA,0.44,0.061613,0.277458
GLORIA,0.47159,0.047218,0.212634
GLORIA,0.37343,0.041516,0.186957
GLORIA,0.31721,0.050506,0.227441
GLORIA,0.61814,0.146549,0.659946
GLORIA,3.58068,0.548379,2.46949
GLORIA,3.5705,0.498003,2.24263
GLORIA,0.9903,0.310925,1.40017
GLORIA,0.34053,0.040904,0.184201
GLORIA,0.55353,0.144384,0.650197
GLORIA,0.78689,0.23546,1.06033
GLORIA,2.51175,0.494945,2.22886
GLORIA,1.53713,0.47759,2.15071
GLORIA,5.225,0.384627,1.73207
GLORIA,5.542,0.385135,1.73436
GLORIA,8.069,0.362062,1.63045
GLORIA,15.503,0.382853,1.72408
GLORIA,9.825,0.391524,1.76313
GLORIA,10.747,0.377796,1.70131
GLORIA,28.181,0.404084,1.81969
GLORIA,13.946,0.469632,2.11487
GLORIA,19.198,0.57135,2.57293
GLORIA,10.179,0.815717,3.67337
GLORIA,10.798,0.448415,2.01932
GLORIA,0.737,0.108268,0.487559
GLORIA,6.792,0.299942,1.35071
GLORIA,6.909,0.266831,1.20161
GLORIA,4.057,0.25424,1.14491
GLORIA,4.12,0.222219,1.00071
GLORIA,5.841,0.265286,1.19465
GLORIA,19.85,0.435152,1.9596
GLORIA,19.995,0.645398,2.90638
GLORIA,32.427,0.610533,2.74938
GLORIA,19.913,0.549041,2.47247
GLORIA,22.777,0.582426,2.62281
GLORIA,44.771,0.626251,2.82016
GLORIA,95.338,0.608698,2.74111
GLORIA,15.25,0.576941,2.59811
GLORIA,14.761,0.72301,3.25589
GLORIA,13.221,0.51413,2.31526
GLORIA,14.924,0.501837,2.25989
GLORIA,27.341,0.607937,2.73769
GLORIA,19.705,0.577017,2.59845
GLORIA,33.296,0.587367,2.64506
GLORIA,6.339,0.505591,2.2768
GLORIA,5.144,0.439077,1.97727
GLORIA,9.436,0.493872,2.22403
GLORIA,18.256,0.506241,2.27973
GLORIA,16.391,0.620128,2.79259
GLORIA,22.31,0.583896,2.62943
GLORIA,6.393,0.566714,2.55205
GLORIA,8.186,0.633897,2.85459
GLORIA,4.673,0.45302,2.04006
GLORIA,6.122,0.426336,1.9199
GLORIA,8.458,0.642421,2.89298
GLORIA,36.599,0.671379,3.02338
GLORIA,6.9621,0.407388,1.83457
GLORIA,8.8714,0.359862,1.62055
GLORIA,7.3286,0.304168,1.36974
GLORIA,7.02,0.372982,1.67963
GLORIA,5.7086,0.26936,1.213
GLORIA,4.9179,0.298877,1.34592
GLORIA,4.3393,0.291228,1.31147
GLORIA,0.7714,0.136463,0.614529
GLORIA,1.1475,0.193395,0.870906
GLORIA,4.1464,0.238682,1.07484
GLORIA,7.1357,0.247817,1.11598
GLORIA,2.608,0.218137,0.982326
GLORIA,0.8438,0.186986,0.842043
GLORIA,1.2784,0.178289,0.802881
GLORIA,3.9886,0.290741,1.30928
GLORIA,1.9176,0.156937,0.706726
GLORIA,2.1861,0.19038,0.857329
GLORIA,1.6491,0.208229,0.937706
GLORIA,1.304,0.15928,0.717276
GLORIA,4.2955,0.180864,0.814476
GLORIA,1.9176,0.198013,0.8917
GLORIA,3.1065,0.254133,1.14442
GLORIA,3.3366,0.309778,1.395
GLORIA,2.25288,0.16305,0.734255
GLORIA,4.44403,0.153691,0.692107
GLORIA,1.89166,0.610754,2.75038
GLORIA,0.804833,0.356419,1.60504
GLORIA,0.839163,0.168994,0.761024
GLORIA,0.545903,0.341997,1.5401
GLORIA,1.23786,0.35427,1.59536
GLORIA,1.06624,0.1378,0.620546
GLORIA,1.43,0.776608,3.49726
GLORIA,0.53789,0.357976,1.61205
GLORIA,1.35667,0.677368,3.05036
GLORIA,1.85693,0.432685,1.94849
GLORIA,2.10319,0.309993,1.39598
GLORIA,2.73614,0.182505,0.821866
GLORIA,2.90114,0.612733,2.75929
GLORIA,3.06293,0.193793,0.872697
GLORIA,2.74296,0.211524,0.952545
GLORIA,3.34325,0.442149,1.99111
GLORIA,3.16174,0.46103,2.07613
GLORIA,2.69035,0.445134,2.00455
GLORIA,2.17719,0.348106,1.56761
GLORIA,5.11636,0.0963157,0.433733
GLORIA,5.77851,0.390866,1.76017
GLORIA,0.649558,0.315892,1.42254
GLORIA,2.35313,0.112341,0.505898
GLORIA,4.45206,0.7895,3.55531
GLORIA,1.67616,0.246979,1.11221
GLORIA,6.24475,0.109211,0.491802
GLORIA,1.17001,0.319366,1.43818
GLORIA,1.233,0.249583,1.12393
GLORIA,1.05753,0.239115,1.07679
GLORIA,2.67283,0.408512,1.83963
GLORIA,2.45416,0.26154,1.17778
GLORIA,1.79,0.131533,0.592325
GLORIA,1.91859,0.744399,3.35221
GLORIA,1.70548,0.681651,3.06964
GLORIA,1.34036,0.777428,3.50095
GLORIA,3.03294,0.219036,0.986373
GLORIA,1.66504,0.4849,2.18363
GLORIA,1.28803,0.517969,2.33254
GLORIA,3.2592,0.486413,2.19044
GLORIA,0.6071,0.0638374,0.287476
GLORIA,1.14504,0.142942,0.643701
GLORIA,0.4966,0.0691313,0.311315
GLORIA,0.30363,0.0530915,0.239084
GLORIA,0.31355,0.033581,0.151224
GLORIA,0.24867,0.0237307,0.106865
GLORIA,0.22591,0.0230165,0.103649
GLORIA,0.2157,0.0180293,0.0811905
GLORIA,0.21507,0.0180665,0.0813579
GLORIA,0.25175,0.0213002,0.0959202
GLORIA,1.1249,0.107664,0.484839
GLORIA,1.1617,0.124673,0.561432
GLORIA,1.1622,0.104863,0.472222
GLORIA,0.9366,0.0869256,0.391448
GLORIA,1.0259,0.105499,0.475086
GLORIA,0.7781,0.116651,0.525307
GLORIA,2.1856,0.132508,0.596716
GLORIA,0.7947,0.086947,0.391544
GLORIA,0.3014,0.0600368,0.270361
GLORIA,0.2654,0.0352123,0.15857
GLORIA,0.277,0.0182908,0.082368
GLORIA,0.2286,0.0175641,0.0790953
GLORIA,0.1905,0.0102702,0.0462494
GLORIA,0.1787,0.00859825,0.03872
GLORIA,0.1855,0.0124403,0.0560217
GLORIA,0.1626,0.0130958,0.0589735
GLORIA,0.172,0.00584542,0.0263234
GLORIA,0.1808,0.00751886,0.0338593
GLORIA,0.1947,0.0112435,0.0506324
GLORIA,0.1474,0.00898087,0.0404431
GLORIA,0.149,0.00699296,0.031491
GLORIA,0.1794,0.00753115,0.0339146
GLORIA,0.1735,0.00963166,0.0433737
GLORIA,0.1541,0.0156118,0.0703037
GLORIA,0.1946,0.0176629,0.0795404
GLORIA,0.2073,0.0102333,0.046083
GLORIA,0.2182,0.00946912,0.0426418
GLORIA,0.4976,0.113698,0.512012
GLORIA,0.1535,0.00992527,0.0446959
GLORIA,0.1996,0.0801697,0.361024
GLORIA,0.1976,0.016987,0.0764964
GLORIA,0.1607,0.0106813,0.0481007
GLORIA,0.2179,0.0489719,0.220532
GLORIA,0.1722,0.00646546,0.0291156
GLORIA,0.219,0.0399927,0.180097
GLORIA,1.8616,0.16183,0.728759
GLORIA,0.4183,0.0391312,0.176217
GLORIA,0.2395,0.035189,0.158465
GLORIA,0.1614,0.0600921,0.270609
GLORIA,0.2832,0.0346165,0.155887
GLORIA,0.2205,0.0379264,0.170792
GLORIA,0.2441,0.0420688,0.189446
GLORIA,0.2664,0.0422946,0.190463
GLORIA,0.2011,0.0448812,0.202111
GLORIA,0.3411,0.0453289,0.204127
GLORIA,0.7717,0.0513226,0.231118
GLORIA,1.2789,0.0580176,0.261267
GLORIA,1.1869,0.0618959,0.278733
GLORIA,2.59917,0.0955221,0.43016
GLORIA,0.24757,0.0140649,0.0633377
GLORIA,0.13261,0.0124145,0.0559053
GLORIA,0.1981,0.0140987,0.0634897
GLORIA,0.11675,0.0121363,0.0546526
GLORIA,0.20558,0.0214103,0.096416
GLORIA,0.23899,0.0156987,0.0706949
GLORIA,0.25779,0.0172251,0.077569
GLORIA,0.1675,0.0159861,0.0719894
GLORIA,1.93995,0.0479255,0.21582
GLORIA,0.54535,0.0279578,0.125901
GLORIA,0.49402,0.0311949,0.140478
GLORIA,0.26748,0.0358393,0.161393
GLORIA,0.18557,0.0254676,0.114687
GLORIA,0.13134,0.0189217,0.0852091
GLORIA,0.0859,0.0256994,0.115731
GLORIA,0.08626,0.020545,0.0925192
GLORIA,0.09117,0.0136311,0.0613841
GLORIA,0.08673,0.0156001,0.0702511
GLORIA,0.07616,0.0163159,0.0734744
GLORIA,0.09714,0.0217267,0.0978405
GLORIA,0.07083,0.0134914,0.0607553
GLORIA,0.0692,0.0166555,0.0750037
GLORIA,2.3212,0.0615447,0.277151
GLORIA,1.75438,0.0370788,0.166975
GLORIA,0.47882,0.0208428,0.0938601
GLORIA,0.39084,0.0172584,0.0777188
GLORIA,0.27855,0.0145162,0.0653701
GLORIA,0.13886,0.012336,0.0555519
GLORIA,0.13014,0.0119587,0.053853
GLORIA,0.09992,0.0124073,0.0558732
GLORIA,0.11895,0.0193637,0.0871994
GLORIA,0.12895,0.00784632,0.0353339
GLORIA,0.41014,0.0319122,0.143709
GLORIA,0.1896,0.0201205,0.0906077
GLORIA,0.13696,0.0217051,0.0977433
GLORIA,0.14292,0.0215991,0.0972661
GLORIA,0.09863,0.00937036,0.0421971
GLORIA,1.26212,0.0726362,0.327099
GLORIA,1.0038,0.062569,0.281764
GLORIA,0.64448,0.0421773,0.189935
GLORIA,0.19696,0.0174654,0.0786508
GLORIA,0.14884,0.0105792,0.0476408
GLORIA,0.10217,0.0112704,0.0507536
GLORIA,0.10859,0.0177051,0.0797302
GLORIA,0.11153,0.0101176,0.0455618
GLORIA,0.1074,0.0107334,0.0483349
GLORIA,0.10639,0.00776825,0.0349823
GLORIA,0.15028,0.0111287,0.0501153
GLORIA,0.20367,0.00707677,0.0318684
GLORIA,0.31637,0.0192384,0.0866352
GLORIA,0.46518,0.0233854,0.10531
GLORIA,0.11777,0.0117789,0.0530434
GLORIA,0.10783,0.00922252,0.0415313
GLORIA,0.1143,0.0153441,0.0690983
GLORIA,0.09354,0.0105348,0.0474409
GLORIA,0.10567,0.00253293,0.0114064
GLORIA,1.08219,0.0628305,0.282941
GLORIA,0.43122,0.0411832,0.185458
GLORIA,0.09885,0.0228634,0.10296
GLORIA,0.08972,0.0177088,0.079747
GLORIA,0.09597,0.0118796,0.0534969
GLORIA,0.0953,0.0103047,0.0464046
GLORIA,0.11581,0.0126103,0.0567872
GLORIA,0.14932,0.0144412,0.0650321
GLORIA,0.69945,0.037248,0.167737
GLORIA,1.89699,0.0746857,0.336328
GLORIA,0.14368,0.00661973,0.0298103
GLORIA,0.13184,0.00721801,0.0325045
GLORIA,0.12257,0.00942471,0.0424418
GLORIA,0.23015,0.0118442,0.0533374
GLORIA,0.45629,0.0174173,0.0784346
GLORIA,0.35828,0.0254803,0.114744
GLORIA,0.13615,0.00963361,0.0433825
GLORIA,0.12756,0.00758556,0.0341596
GLORIA,0.12347,0.00663254,0.0298679
GLORIA,0.1017,0.0049004,0.0220677
GLORIA,0.10875,0.00621992,0.0280098
GLORIA,3.23104,0.0936367,0.421669
GLORIA,1.30701,0.0885044,0.398557
GLORIA,0.60118,0.0522946,0.235495
GLORIA,0.33398,0.0155493,0.0700225
GLORIA,0.18236,0.0141259,0.0636122
GLORIA,0.15002,0.018355,0.0826572
GLORIA,0.14291,0.0129764,0.0584358
GLORIA,2.75916,0.199962,0.900479
GLORIA,1.12979,0.181201,0.815992
GLORIA,2.91366,0.467215,2.10398
GLORIA,2.80482,0.380834,1.71499
GLORIA,0.86637,0.0586491,0.264111
GLORIA,0.83663,0.0293492,0.132167
GLORIA,2.57719,0.443951,1.99922
GLORIA,4.36515,0.805993,3.62958
GLORIA,3.25227,0.163387,0.735772
GLORIA,0.96691,0.111904,0.503929
GLORIA,0.64526,0.186194,0.838479
GLORIA,0.21642,0.0293044,0.131965
GLORIA,2.59599,0.243677,1.09734
GLORIA,3.06794,0.15689,0.706516
GLORIA,1.03136,0.0739964,0.333224
GLORIA,0.60946,0.0474199,0.213543
GLORIA,0.39443,0.0347187,0.156347
GLORIA,0.53541,0.0270677,0.121893
GLORIA,0.2776,0.0147935,0.0666186
GLORIA,0.12246,0.0101339,0.0456352
GLORIA,0.13777,0.0152885,0.0688478
GLORIA,0.14052,0.0137309,0.0618337
GLORIA,0.12062,0.013664,0.0615322
GLORIA,0.13538,0.0166882,0.0751509
GLORIA,1.503,0.0812196,0.365752
GLORIA,0.23835,0.0206235,0.0928727
GLORIA,0.9002,0.112565,0.506909
GLORIA,1.2062,0.105876,0.476786
GLORIA,0.28167,0.0370578,0.16688
GLORIA,1.241,0.110779,0.498863
GLORIA,0.37561,0.0371618,0.167349
GLORIA,0.55416,0.0385894,0.173778
GLORIA,1.3808,0.102207,0.460262
GLORIA,1.49648,0.0672664,0.302917
GLORIA,130.165,2.18438,9.8368
GLORIA,0.14117,0.0153443,0.069099
GLORIA,0.09582,0.0117296,0.0528214
GLORIA,0.14025,0.0168529,0.0758928
GLORIA,4.3769,0.179267,0.807282
GLORIA,2.149,0.0594393,0.26767
GLORIA,0.285,0.0156625,0.0705319
GLORIA,0.3138,0.0380522,0.171359
GLORIA,0.1825,0.0134696,0.060657
GLORIA,0.5964,0.0246307,0.110918
GLORIA,1.1836,0.0672261,0.302736
GLORIA,1.4189,0.0812382,0.365836
GLORIA,5.92589,0.26578,1.19687
GLORIA,3.38186,0.162135,0.730135
GLORIA,2.37899,0.134434,0.605391
GLORIA,3.51405,0.0852789,0.384032
GLORIA,0.80717,0.0271089,0.122078
GLORIA,0.44967,0.0206911,0.0931773
GLORIA,0.16974,0.021462,0.0966485
GLORIA,0.24051,0.0191117,0.0860647
GLORIA,0.29393,0.0256108,0.115332
GLORIA,0.31576,0.0260552,0.117333
GLORIA,0.38418,0.0294229,0.132499
GLORIA,0.5127,0.0363643,0.163757
GLORIA,1.99772,0.148763,0.669914
GLORIA,0.15283,0.0239465,0.107837
GLORIA,0.12798,0.0189114,0.0851629
GLORIA,0.15489,0.021905,0.0986436
GLORIA,7.94139,0.576167,2.59462
GLORIA,10.6912,0.608922,2.74212
GLORIA,6.8033,0.541738,2.43958
GLORIA,20.6203,0.506745,2.282
GLORIA,13.352,0.589245,2.65351
GLORIA,2.95684,0.126193,0.568277
GLORIA,0.92062,0.0997017,0.448981
GLORIA,0.76616,0.0679251,0.305883
GLORIA,2.58353,0.140584,0.633083
GLORIA,1.87055,0.127114,0.572425
GLORIA,1.33534,0.117373,0.52856
GLORIA,2.24032,0.179013,0.806141
GLORIA,1.14852,0.104551,0.47082
GLORIA,0.64746,0.0587572,0.264598
GLORIA,1.0211,0.0508573,0.229023
GLORIA,0.91459,0.0452536,0.203788
GLORIA,0.5477,0.0325062,0.146383
GLORIA,3.57809,0.271268,1.22159
GLORIA,2.21901,0.122235,0.550452
GLORIA,1.77738,0.104777,0.471835
GLORIA,1.50709,0.0750194,0.337831
GLORIA,1.33063,0.0735637,0.331276
GLORIA,0.70658,0.0476268,0.214475
GLORIA,0.80666,0.0537209,0.241918
GLORIA,0.89613,0.0403259,0.181598
GLORIA,19.66,2.48022,11.169
GLORIA,23.5,2.24037,10.0889
GLORIA,26.19,2.09049,9.41398
GLORIA,21.9,1.974,8.88942
GLORIA,27.27,2.3771,10.7047
GLORIA,23,2.60372,11.7252
GLORIA,3.52224,0.237799,1.07087
GLORIA,1.83693,0.123688,0.556999
GLORIA,3.98442,0.155749,0.701374
GLORIA,2.51965,0.115815,0.521542
GLORIA,23.5898,0.55709,2.50871
GLORIA,38.0668,0.504579,2.27224
GLORIA,5.62244,0.462434,2.08245
GLORIA,1.07483,0.218537,0.984125
GLORIA,3.15101,0.253884,1.1433
GLORIA,6.08861,0.313603,1.41223
GLORIA,77.8648,0.565455,2.54638
GLORIA,0.73268,0.094105,0.423778
GLORIA,0.46356,0.085015,0.382843
GLORIA,2.47835,0.41129,1.85214
GLORIA,1.71448,0.98369,4.4298
GLORIA,1.47063,0.663762,2.98908
GLORIA,1.17587,0.152643,0.687389
GLORIA,0.86763,0.088828,0.400014
GLORIA,0.73284,0.0943,0.424656
GLORIA,1.93231,0.264655,1.19181
GLORIA,7.32966,1.42648,6.42381
GLORIA,1.74516,0.099739,0.449149
GLORIA,0.50648,0.0468,0.210752
GLORIA,0.86282,0.041064,0.184921
GLORIA,2.1186,0.390253,1.75741
GLORIA,0.80058,0.041415,0.186502
GLORIA,4.4646,0.116719,0.525614
GLORIA,8.83298,0.701473,3.15891
GLORIA,9.45864,0.69282,3.11994
GLORIA,9.72259,0.739193,3.32877
GLORIA,14.5074,1.24635,5.6126
GLORIA,15.1208,1.12822,5.08064
GLORIA,18.436,1.23465,5.55991
GLORIA,16.8173,1.21799,5.48493
GLORIA,18.2196,0.715592,3.22249
GLORIA,16.6378,0.723867,3.25975
GLORIA,18.9368,0.786388,3.5413
GLORIA,11.4267,0.850373,3.82944
GLORIA,15.1416,0.8834,3.97817
GLORIA,16.3816,0.658687,2.96623
GLORIA,16.1901,0.658801,2.96674
GLORIA,22.002,0.67817,3.05397
GLORIA,5.13275,0.582613,2.62365
GLORIA,4.73106,0.563619,2.53811
GLORIA,9.53817,0.65244,2.9381
GLORIA,9.83485,0.512898,2.30971
GLORIA,12.4552,0.809839,3.6469
GLORIA,9.23349,0.78241,3.52338
GLORIA,16.0655,0.947503,4.26684
GLORIA,6.36186,0.629846,2.83635
GLORIA,5.67155,0.643057,2.89584
GLORIA,10.2845,0.625254,2.81567
GLORIA,11.4196,0.643805,2.89921
GLORIA,21.1763,0.721862,3.25072
GLORIA,6.58366,0.402728,1.81358
GLORIA,2.7374,0.406913,1.83243
GLORIA,3.17772,0.373071,1.68003
GLORIA,3.31459,0.365759,1.6471
GLORIA,3.17675,0.261374,1.17703
GLORIA,2.29314,0.267079,1.20272
GLORIA,6.31202,0.728961,3.28269
GLORIA,10.7195,0.806597,3.6323
GLORIA,14.4819,0.764597,3.44317
GLORIA,8.74233,0.713288,3.21211
GLORIA,4.15967,0.672709,3.02937
GLORIA,4.5142,0.663169,2.98641
GLORIA,6.1532,0.699333,3.14927
GLORIA,6.78069,0.70131,3.15817
GLORIA,8.82707,0.595079,2.67979
GLORIA,9.50233,0.522292,2.35201
GLORIA,9.90542,0.568805,2.56147
GLORIA,11.1519,0.656456,2.95618
GLORIA,6.61821,0.497152,2.2388
GLORIA,6.56718,0.530944,2.39097
GLORIA,7.11847,0.555263,2.50049
GLORIA,3.24293,0.406913,1.83243
GLORIA,17.6866,0.637926,2.87274
GLORIA,23.4008,0.618307,2.78439
GLORIA,25.7759,0.621267,2.79772
GLORIA,21.8267,0.491982,2.21552
GLORIA,22.3375,0.494342,2.22614
GLORIA,18.6737,0.537058,2.4185
GLORIA,5.78405,0.461875,2.07994
GLORIA,5.145,0.421591,1.89853
GLORIA,5.36427,0.47789,2.15206
GLORIA,7.46679,0.469216,2.11299
GLORIA,5.58906,0.459163,2.06772
GLORIA,5.50495,0.365507,1.64597
GLORIA,5.23212,0.406364,1.82996
GLORIA,15.4744,2.31407,10.4208
GLORIA,12.6584,3.78748,17.056
GLORIA,49.8645,3.59915,16.2079
GLORIA,12.6857,1.3971,6.29148
GLORIA,39.4771,1.47452,6.64013
GLORIA,9.45215,2.32497,10.4699
GLORIA,2.57957,0.370861,1.67008
GLORIA,1.46277,0.310433,1.39796
GLORIA,1.68325,0.278803,1.25552
GLORIA,0.14947,0.00893053,0.0402164
GLORIA,0.13252,0.0216497,0.0974938
GLORIA,0.16027,0.106005,0.477366
GLORIA,0.42272,0.0958277,0.431536
GLORIA,1.22571,0.106948,0.481614
GLORIA,0.59978,0.0730793,0.329094
GLORIA,0.60169,0.0642599,0.289378
GLORIA,0.52535,0.0660555,0.297464
GLORIA,0.56922,0.0670058,0.301744
GLORIA,0.0939,0.0517165,0.232892
GLORIA,0.1451,0.0407085,0.18332
GLORIA,0.1506,0.0423339,0.19064
GLORIA,0.1806,0.0153226,0.0690012
GLORIA,0.1638,0.00779835,0.0351179
GLORIA,0.1856,0.0173318,0.0780492
GLORIA,0.161,0.0222584,0.100235
GLORIA,0.1946,0.0737337,0.332041
GLORIA,0.1463,0.0791439,0.356404
GLORIA,0.918,0.0750851,0.338126
GLORIA,1.3906,0.105726,0.476112
GLORIA,0.8736,0.0657981,0.296305
GLORIA,0.6497,0.0689751,0.310612
GLORIA,1.0281,0.0590815,0.266059
GLORIA,1.99291,0.192955,0.868924
GLORIA,0.95841,0.129123,0.581472
GLORIA,0.93823,0.0841505,0.37895
GLORIA,1.52998,0.167308,0.75343
GLORIA,1.38441,0.136005,0.612466
GLORIA,3.04655,0.189021,0.851206
GLORIA,2.11258,0.145441,0.654955
GLORIA,1.38418,0.131841,0.593711
GLORIA,1.62406,0.0507896,0.228718
GLORIA,2.97242,0.0641983,0.289101
GLORIA,2.73066,0.0800821,0.360629
GLORIA,1.41189,0.0811919,0.365627
GLORIA,0.40053,0.0498948,0.224689
GLORIA,0.60609,0.0596462,0.268601
GLORIA,0.27106,0.035406,0.159442
GLORIA,2.952,0.315547,1.42098
GLORIA,7.394,0.248188,1.11765
GLORIA,7.037,0.566497,2.55108
GLORIA,3.69,0.29369,1.32256
GLORIA,2.038,0.22943,1.03318
GLORIA,6.489,0.345026,1.55374
GLORIA,2.654,0.185782,0.836622
GLORIA,9.144,0.588505,2.65018
GLORIA,6.301,0.208068,0.936981
GLORIA,5.495,0.179854,0.809925
GLORIA,4.344,0.176272,0.793797
GLORIA,2.99,0.159049,0.716236
GLORIA,4.439,0.641373,2.88826
GLORIA,3.093,0.246943,1.11205
GLORIA,2.453,0.166288,0.748835
GLORIA,3.026,0.134035,0.603591
GLORIA,3.668,0.148939,0.670711
GLORIA,1.41032,0.24702,1.11239
GLORIA,1.42789,0.231194,1.04112
GLORIA,1.37827,0.236344,1.06431
GLORIA,1.88137,0.29219,1.3158
GLORIA,2.49413,0.308624,1.38981
GLORIA,2.97227,0.307864,1.38639
GLORIA,1.58333,0.208504,0.938945
GLORIA,1.06213,0.164703,0.7417
GLORIA,0.76989,0.138825,0.625162
GLORIA,1.34408,0.159858,0.71988
GLORIA,1.10215,0.15431,0.694894
GLORIA,1.18275,0.146689,0.660576
GLORIA,1.36627,0.303999,1.36898
GLORIA,1.52061,0.50282,2.26432
GLORIA,3.48971,0.68929,3.10404
GLORIA,4.65214,0.546773,2.46225
GLORIA,13.584,0.648744,2.92145
GLORIA,8.27058,0.380465,1.71333
GLORIA,2.12093,0.117176,0.527674
GLORIA,3.86594,0.120731,0.54368
GLORIA,5.52985,0.633329,2.85204
GLORIA,2.26571,0.169161,0.761772
GLORIA,2.15468,0.19945,0.898171
GLORIA,0.82971,0.134955,0.607734
GLORIA,0.46995,0.0340456,0.153316
GLORIA,1.07197,0.171717,0.773285
GLORIA,2.5419,0.316743,1.42637
GLORIA,3.59198,0.193915,0.873245
GLORIA,4.1847,0.186254,0.838749
GLORIA,4.62784,0.20045,0.902677
GLORIA,2.95997,0.0825302,0.371654
GLORIA,0.95114,0.0687061,0.309401
GLORIA,4.54228,0.206572,0.930243
GLORIA,5.80693,0.18289,0.823597
GLORIA,0.37783,0.14649,0.65968
GLORIA,0.28072,0.09634,0.433843
GLORIA,0.22373,0.03276,0.147526
GLORIA,0.34929,0.05277,0.237636
GLORIA,0.07093,0.016075,0.0723897
GLORIA,0.163,0.027439,0.123565
GLORIA,4.15926,0.230608,1.03848
GLORIA,0.47981,0.047627,0.214476
GLORIA,6.13,0.03,0.135097
GLORIA,16.68,0.1891,0.851564
GLORIA,8.21,0.0635,0.285956
GLORIA,22.41,0.3025,1.36223
GLORIA,7.68,0.0649,0.292261
GLORIA,5.82,0.035,0.157614
GLORIA,22.54,0.157,0.70701
GLORIA,3.3366,0.212373,0.956367
GLORIA,21.24,8.71843,39.2612
GLORIA,20.38,6.75076,30.4003
GLORIA,20.96,6.87193,30.946
GLORIA,0.2003,0.01462,0.0658375
GLORIA,0.2084,0.01539,0.069305
GLORIA,0.1457,0.04762,0.214445
GLORIA,0.219,0.04992,0.224802
GLORIA,0.1882,0.04693,0.211337
GLORIA,0.1194,0.05211,0.234664
GLORIA,4.042,0.1222,0.550297
GLORIA,41.9767,0.439528,1.9793
GLORIA,0.31678,0.098468,0.443426
GLORIA,0.34929,0.05277,0.237636
GLORIA,0.1982,0.015842,0.0713404
GLORIA,49.58,2.03769,9.17624
GLORIA,59.94,2.08629,9.39507
GLORIA,55.87,1.90873,8.59546
GLORIA,75.48,1.96768,8.86096
GLORIA,76.96,2.51764,11.3375
GLORIA,75.48,2.41861,10.8916
GLORIA,55.5,2.1861,9.84454
GLORIA,79.18,1.89472,8.53241
GLORIA,88.8,1.95147,8.78795
GLORIA,61.42,1.71988,7.74504
GLORIA,61.05,1.68414,7.58409
GLORIA,61.42,1.65296,7.44366
GLORIA,49.58,1.55572,7.0058
GLORIA,45.9,1.60174,7.21301
GLORIA,40.442,0.648801,2.92171
GLORIA,67.968,0.75672,3.40769
GLORIA,10.2718,0.76736,3.45561
GLORIA,11.1867,0.812683,3.65971
GLORIA,18.084,0.913232,4.11251
GLORIA,15.866,0.888037,3.99905
GLORIA,13.13,0.849254,3.8244
GLORIA,12.102,0.831199,3.74309
GLORIA,27.628,0.901809,4.06107
GLORIA,36.2933,0.918621,4.13677
GLORIA,14.344,0.582521,2.62323
GLORIA,9.224,0.6985,3.14552
GLORIA,35.56,0.892228,4.01792
GLORIA,48.39,0.80172,3.61034
GLORIA,47.88,0.976656,4.39812
GLORIA,39.9167,0.953995,4.29607
GLORIA,33.7253,1.16219,5.23361
GLORIA,3.26222,0.750732,3.38073
GLORIA,10.3187,1.35214,6.08901
GLORIA,68.22,1.5875,7.14892
GLORIA,64.8554,1.09535,4.93264
GLORIA,89.1667,0.999134,4.49934
GLORIA,88.1743,0.956804,4.30873
GLORIA,69.756,0.868876,3.91276
GLORIA,125.177,1.06002,4.77355
GLORIA,77.1933,1.0077,4.53792
GLORIA,112.243,0.954179,4.2969
GLORIA,43.3293,1.74604,7.86286
GLORIA,5.024,0.528032,2.37786
GLORIA,5.906,0.56944,2.56433
GLORIA,4.688,0.798911,3.59769
GLORIA,26.188,0.801352,3.60868
GLORIA,13.7425,0.889096,4.00382
GLORIA,26.764,0.822678,3.70472
GLORIA,21.81,0.768465,3.46059
GLORIA,35.74,0.780487,3.51472
GLORIA,25.516,0.930504,4.19029
GLORIA,6.29,0.829264,3.73438
GLORIA,3.458,0.595832,2.68318
GLORIA,3.688,0.755108,3.40044
GLORIA,130.156,0.774637,3.48838
GLORIA,32.1067,0.538718,2.42598
GLORIA,51.144,0.59901,2.69749
GLORIA,56.815,0.642169,2.89184
GLORIA,55.685,0.649861,2.92648
GLORIA,42.496,0.651657,2.93457
GLORIA,36.93,0.721852,3.25068
GLORIA,44.425,0.67068,3.02024
GLORIA,30.984,0.727057,3.27412
GLORIA,1.94267,0.408414,1.83919
GLORIA,8.928,0.558017,2.51289
GLORIA,33.344,0.619046,2.78772
GLORIA,40.32,0.746817,3.3631
GLORIA,55.26,0.811761,3.65556
GLORIA,74.2686,0.726689,3.27246
GLORIA,40.1657,0.614947,2.76926
GLORIA,24.124,0.530888,2.39072
GLORIA,75.9333,0.682425,3.07313
GLORIA,33.624,0.599517,2.69977
GLORIA,4.341,3.20085,14.4142
GLORIA,11.544,1.99826,8.99867
GLORIA,21.756,2.00136,9.01263
GLORIA,4.045,2.02697,9.12795
GLORIA,2.072,1.87938,8.46329
GLORIA,7.00533,0.271347,1.22194
GLORIA,7.00533,0.211824,0.953895
GLORIA,20.424,0.259595,1.16902
GLORIA,21.608,0.269199,1.21227
GLORIA,22.8907,0.270951,1.22016
GLORIA,6.61067,0.31456,1.41654
GLORIA,10.5575,0.359642,1.61956
GLORIA,10.064,0.617574,2.78109
GLORIA,13.912,0.515232,2.32022
GLORIA,17.563,0.592494,2.66815
GLORIA,9.669,0.487526,2.19545
GLORIA,17.464,0.786264,3.54074
GLORIA,25.555,0.626315,2.82045
GLORIA,23.779,0.417243,1.87895
GLORIA,26.64,0.595173,2.68021
GLORIA,16.428,1.40865,6.34352
GLORIA,15.984,1.45182,6.53791
GLORIA,22.496,1.41783,6.38482
GLORIA,36.112,1.41341,6.36494
GLORIA,2.664,0.0845066,0.380554
GLORIA,2.76267,0.0860704,0.387596
GLORIA,1.6576,0.0652271,0.293734
GLORIA,2.2496,0.0697778,0.314227
GLORIA,3.1968,0.0592364,0.266756
GLORIA,0.9472,0.0837145,0.376987
GLORIA,1.184,0.084961,0.3826
GLORIA,1.0064,0.084429,0.380205
GLORIA,1.6576,0.0806929,0.36338
GLORIA,6.315,0.200191,0.901508
GLORIA,6.216,0.202868,0.913565
GLORIA,2.861,0.175483,0.790243
GLORIA,3.157,0.170009,0.765592
GLORIA,3.8775,1.18003,5.31395
GLORIA,3.73,1.14989,5.17825
GLORIA,3.966,0.984873,4.43512
GLORIA,12.4915,1.25083,5.6328
GLORIA,1.894,1.4132,6.364
GLORIA,5.92,1.48239,6.67556
GLORIA,2.131,1.46972,6.61849
GLORIA,0.089,0.74,3.3324
GLORIA,0.075,0.54,2.43175
GLORIA,25.3,0.4596,2.06969
GLORIA,26.6,0.516675,2.32671
GLORIA,15.5,0.4601,2.07194
GLORIA,17.7,0.402025,1.81042
GLORIA,20.7,0.4596,2.06969
GLORIA,120.9,1.20358,5.41999
GLORIA,121.3,1.8334,8.25625
GLORIA,104.1,0.9172,4.13038
GLORIA,145.7,0.974775,4.38965
GLORIA,199.5,0.974775,4.38965
GLORIA,14.7868,0.287375,1.29412
GLORIA,14.5809,0.2293,1.03259
GLORIA,10.2635,0.2303,1.0371
GLORIA,7.74904,0.11515,0.518549
GLORIA,7.03788,0.2303,1.0371
GLORIA,7.03804,0.172725,0.777823
GLORIA,6.3888,0.172225,0.775572
GLORIA,7.06884,0.172225,0.775572
GLORIA,8.7208,0.518175,2.33347
GLORIA,11.4368,0.724975,3.26474
GLORIA,10.5212,0.4596,2.06969
GLORIA,15.1008,0.517675,2.33122
GLORIA,15.07,0.4606,2.0742
GLORIA,13.6788,0.57525,2.59049
GLORIA,14.5636,0.57475,2.58824
GLORIA,23.9322,0.6909,3.11129
GLORIA,22.0362,0.518175,2.33347
GLORIA,9.1316,0.633325,2.85202
GLORIA,10.7258,0.57575,2.59274
GLORIA,10.4888,0.632825,2.84977
GLORIA,25.637,0.632825,2.84977
GLORIA,16.3964,0.6904,3.10904
GLORIA,14.359,0.747975,3.36832
GLORIA,8.9254,0.4606,2.0742
GLORIA,96.61,0.4596,2.06969
GLORIA,98.54,0.80505,3.62534
GLORIA,92.14,0.747475,3.36606
GLORIA,58.55,0.80505,3.62534
GLORIA,46.36,0.80505,3.62534
GLORIA,51.39,0.861625,3.88011
GLORIA,56.05,1.1495,5.17648
GLORIA,57.97,0.9202,4.14389
GLORIA,68.22,1.03435,4.65793
GLORIA,68.95,1.26465,5.69503
GLORIA,57.47,0.9197,4.14164
GLORIA,43.81,0.977275,4.40091
GLORIA,55.26,1.20657,5.4335
GLORIA,54.34,0.977775,4.40316
GLORIA,28.89,1.03435,4.65793
GLORIA,116.853,0.57625,2.595
GLORIA,182.207,0.633325,2.85202
GLORIA,222.774,0.57625,2.595
GLORIA,184.857,0.57625,2.595
GLORIA,105.716,0.518675,2.33572
GLORIA,88.146,0.748475,3.37057
GLORIA,100.784,0.748975,3.37282
GLORIA,99.684,0.863625,3.88912
GLORIA,64.086,0.80655,3.63209
GLORIA,41.7963,0.80655,3.63209
GLORIA,11.8141,0.34595,1.5579
GLORIA,11.372,0.34595,1.5579
GLORIA,12.5057,0.34595,1.5579
GLORIA,12.7632,1.54953,6.97789
GLORIA,10.0456,0.34595,1.5579
GLORIA,12.7632,0.34595,1.5579
GLORIA,10.268,0.34595,1.5579
GLORIA,9.11,0.34595,1.5579
GLORIA,12.7016,0.288375,1.29862
GLORIA,16.838,0.403525,1.81717
GLORIA,136.586,0.518675,2.33572
GLORIA,166.118,0.518175,2.33347
GLORIA,76.6033,0.4606,2.0742
GLORIA,77.242,0.518675,2.33572
GLORIA,59.866,0.4611,2.07645
GLORIA,67.4473,0.403525,1.81717
GLORIA,130.473,0.518675,2.33572
GLORIA,120.625,0.4611,2.07645
GLORIA,22.1515,0.34545,1.55565
GLORIA,39.3715,0.34595,1.5579
GLORIA,62.785,0.4606,2.0742
GLORIA,55.5473,0.402525,1.81267
GLORIA,62.1173,0.4606,2.0742
GLORIA,49.6355,0.34545,1.55565
GLORIA,51.018,0.403025,1.81492
GLORIA,14.3727,0.34545,1.55565
GLORIA,12.2187,0.287875,1.29637
GLORIA,13.0685,0.287875,1.29637
GLORIA,20.536,0.34595,1.5579
GLORIA,20.6927,0.34545,1.55565
GLORIA,19.347,0.2303,1.0371
GLORIA,15.3615,0.288375,1.29862
GLORIA,13.2957,0.2303,1.0371
GLORIA,18.2713,0.287875,1.29637
GLORIA,15.6117,0.2303,1.0371
GLORIA,100.972,0.4601,2.07194
GLORIA,132.205,0.517675,2.33122
GLORIA,109.141,3.6613,16.4877
GLORIA,115.272,0.518175,2.33347
GLORIA,83.1472,0.518175,2.33347
GLORIA,75.342,0.4601,2.07194
GLORIA,83.0824,0.518175,2.33347
GLORIA,81.0537,0.517675,2.33122
GLORIA,6.31479,0.7832,3.52694
GLORIA,34.6397,0.83815,3.7744
GLORIA,2.35691,0.84675,3.81312
GLORIA,12.1399,1.148,5.16973
GLORIA,3.69381,0.80945,3.64515
GLORIA,6.36926,1.04035,4.68495
GLORIA,4.87454,1.72495,7.76787
GLORIA,45.3016,3.0757,13.8506
GLORIA,39.0871,2.2459,10.1138
GLORIA,55.051,2.09,9.41178
GLORIA,28.8042,1.05225,4.73854
GLORIA,3.9869,1.1459,5.16027
GLORIA,4.59093,0.91225,4.10809
GLORIA,7.21327,0.61475,2.76837
GLORIA,327.1,0.177331,0.798565
GLORIA,69.6,1.12847,5.08178
GLORIA,1503.3,2.04737,9.2198
GLORIA,362.5,1.28968,5.80775
GLORIA,1842.7,1.41634,6.37815
GLORIA,13296.7,3.1459,14.1668
GLORIA,597.7,1.36107,6.12925
GLORIA,74.7,0.57575,2.59274
GLORIA,5197.7,1.47392,6.63742
GLORIA,9616.3,2.26385,10.1947
GLORIA,146.4,1.47622,6.6478
GLORIA,1599.3,1.28047,5.76626
GLORIA,3443,1.3081,5.89071
GLORIA,11050.3,2.38361,10.734
GLORIA,147.4,1.13308,5.10252
GLORIA,16.77,0.538902,2.42681
GLORIA,16.17,0.637931,2.87276
GLORIA,8.7,0.601083,2.70682
GLORIA,12.5,0.548114,2.46829
GLORIA,20.5,0.663264,2.98684
GLORIA,23.2,0.455994,2.05345
GLORIA,10.3,0.665567,2.99721
GLORIA,141.87,0.683991,3.08018
GLORIA,354.59,0.879746,3.96171
GLORIA,250.9,0.688597,3.10092
GLORIA,350.4,0.709324,3.19426
GLORIA,265.6,0.960351,4.3247
GLORIA,277.84,0.610295,2.74831
GLORIA,109.1,0.686294,3.09055
GLORIA,160,0.891261,4.01357
GLORIA,4.9,0.4606,2.0742
GLORIA,4.4,0.670173,3.01795
GLORIA,6.4,0.488236,2.19865
GLORIA,7.09,0.398419,1.79418
GLORIA,2.7,0.442176,1.99123
GLORIA,1.72,0.679385,3.05944
GLORIA,0.54,0.405328,1.82529
GLORIA,0.96,0.635628,2.86239
GLORIA,0.76,0.536599,2.41644
GLORIA,1.05,0.571144,2.572
GLORIA,0.7,0.479024,2.15716
GLORIA,5.22,0.527387,2.37495
GLORIA,8.3,0.469812,2.11568
GLORIA,1.62,0.435267,1.96011
GLORIA,1.9,0.430661,1.93937
GLORIA,2.8,0.375389,1.69047
GLORIA,11.464,1.21598,5.47587
GLORIA,5.09511,1.4601,6.5752
GLORIA,17.9316,1.85852,8.36938
GLORIA,22.6892,1.74107,7.84046
GLORIA,8.27956,1.32422,5.96331
GLORIA,35.3473,1.91149,8.60791
GLORIA,12.921,6.634,29.8745
GLORIA,19.971,6.517,29.3477
GLORIA,16.315,6.837,30.7887
GLORIA,26.366,6.146,27.6769
GLORIA,32.892,6.605,29.7439
GLORIA,22.321,6.632,29.8655
GLORIA,18.796,6.151,27.6995
GLORIA,6.565,6.565,29.5638
GLORIA,6.731,6.731,30.3113
GLORIA,16.966,7.335,33.0313
GLORIA,67.094,6.927,31.194
GLORIA,63.18,7.107,32.0046
GLORIA,65.788,5.361,24.1419
GLORIA,29.887,6.31,28.4155
GLORIA,42.022,6.282,28.2894
GLORIA,84.707,5.971,26.8889
GLORIA,66.439,5.271,23.7366
GLORIA,94.5,5.142,23.1557
GLORIA,94.492,4.493,20.2331
GLORIA,83.925,4.783,21.539
GLORIA,93.841,4.306,19.391
GLORIA,108.334,4.486,20.2016
GLORIA,102.463,3.115,14.0276
GLORIA,8.614,7.031,31.6623
GLORIA,12.921,7.065,31.8154
GLORIA,15.14,7.093,31.9415
GLORIA,60.961,5.082,22.8855
GLORIA,51.819,4.371,19.6837
GLORIA,38.505,3.115,14.0276
GLORIA,66.836,3.447,15.5227
GLORIA,65.268,4.403,19.8278
GLORIA,53.911,4.253,19.1523
GLORIA,29.363,6.936,31.2345
GLORIA,17.093,6.761,30.4464
GLORIA,50.485,6.961,31.3471
GLORIA,25.191,6.888,31.0184
GLORIA,34.456,6.206,27.9471
GLORIA,52.99,6.114,27.5328
GLORIA,53.654,5.971,26.8889
GLORIA,47.643,5.736,25.8306
GLORIA,50.763,6.231,28.0597
GLORIA,6.54,8.59,38.6829
GLORIA,7.46,8.44,38.0074
GLORIA,14.06,7.9,35.5756
GLORIA,37.05,6.64,29.9016
GLORIA,34.14,7.02,31.6128
GLORIA,23.33,5.83,26.2539
GLORIA,25.95,5.32,23.9573
GLORIA,24.56,5.47,24.6328
GLORIA,29.03,4.41,19.8593
GLORIA,18.21,7.07482,31.8596
GLORIA,30.49,6.93894,31.2477
GLORIA,26,6.89979,31.0714
GLORIA,36.713,5.92946,26.7018
GLORIA,31.72,4.95606,22.3183
GLORIA,43.77,5.06199,22.7954
GLORIA,46.58,4.80175,21.6235
GLORIA,53.27,4.87085,21.9346
GLORIA,38.21,4.67509,21.0531
GLORIA,13.32,5.99932,27.0164
GLORIA,9.04,5.98089,26.9334
GLORIA,19.47,6.15592,27.7216
GLORIA,40.33,5.0689,22.8265
GLORIA,48.46,4.85703,21.8724
GLORIA,26.44,5.71605,25.7408
GLORIA,38.36,5.36369,24.154
GLORIA,61.6,5.59629,25.2015
GLORIA,49.48,5.59629,25.2015
GLORIA,41.61,5.61471,25.2844
GLORIA,7.81,4.66357,21.0012
GLORIA,10.25,7.20609,32.4508
GLORIA,28.66,6.13519,27.6283
GLORIA,35.92,5.97628,26.9127
GLORIA,28.76,5.81047,26.166
GLORIA,39.05,5.42126,24.4133
GLORIA,44.03,5.46732,24.6207
GLORIA,60.17,5.68841,25.6163
GLORIA,55.03,5.26696,23.7184
GLORIA,7.3956,0.188651,0.849543
GLORIA,6.191,0.174436,0.785528
GLORIA,4.741,0.120853,0.544233
GLORIA,6.784,0.163081,0.734394
GLORIA,6.097,0.127914,0.576029
GLORIA,3.957,0.34842,1.56902
GLORIA,4.4,0.228306,1.02812
GLORIA,3.643,0.310476,1.39815
GLORIA,4.353,0.345544,1.55607
GLORIA,8.514,0.723857,3.25971
